id,name
7335,lawsuit
222461,people of color
210591,distant  planet
288198,spacesuit
322213,alien parasite
237188,ethnography
4460,terror cell
237523,zoologist
339041,abstract sculptures
358670,deaf couple
314518,making
18128,inmate
255626,petty criminal
328285,time bubble
353875,snow storm
372405,witness to a crime
372406,dangerous couple
372407,armed captors
202874,wealth desire
220906,easy money
356948,cheating girlfriend
359576,free woman
359926,cheating woman
248955,suicide investigation
370644,fsb agent
370645,special education program
374260,team bonding
374261,hidden abilities
374262,field training
374263,competitive interns
183963,evil puppet
374264,workplace chaos
374265,young interns
350984,manifesto
288869,socialized psychopath
373904,violent intimidation
382327,car chase
373906,elderly victim
331653,romance musical
362599,marilyn monroe
281508,motorcycle accident
316799,childish love interest
190608,music production
235374,nu metal
544,sailboat
18251,tire swing
33602,cowgirl
11518,sexual tension
222165,water polo
267063,family tree
233270,toilet paper
314388,emmanuèle bernheim
10959,embezzler
312222,tablet
327517,video arcade
350713,violent sibling
350847,russian mob
352185,poet warrior
356160,organised crime
206440,video tape
234995,narcolepsy
381211,suburbs
366152,prophetic visions
373552,dark visions
293351,family in danger
372153,dangerous operation
188839,courier service
372154,personal stakes
360949,zombie horror
372155,fast‑paced action
372156,determined father
372157,seasoned soldier
372158,loyal allies
372159,armed showdown
372160,strategic infiltration
244548,dumpling
267673,empty nest
216734,abandonment
180172,framed for murder
206662,euthanasia
159669,ex kgb
276605,serious
354302,the twisted childhood universe (tcu)
2673,horse
9743,stranded
155291,cowboy
262297,cartoon characters
2036,greek mythology
9744,outbreak
325665,slasher horror
456,mother
3265,trojan war
10048,unrequited love
14704,ancient world
221189,suburban
174378,greek history
189601,trojan horse
4932,farm
41011,"based on song, poem or rhyme"
259094,dark
4931,pig
187305,peplum
180548,demigod
658,sea
3891,giant snake
10532,suburbia
3822,teleportation
1563,prisoner
239584,child rescue
378,prison
6625,family secrets
2982,leaving one's family
9890,jail
278301,frog
287591,grandfather granddaughter relationship
3088,bodyguard
6300,puppet
9823,rivalry
167982,unlikely friendship
208251,nervous
282667,age-gap relationship
14669,older man younger woman relationship
280003,girls' love (gl)
4896,wish
2106,cold war
327857,survival adventure
191316,military unit
237369,police pursuit
2885,prison cell
187065,toy comes to life
208649,sea adventure
306351,nuclear family
2533,fighter pilot
158022,cargo ship
208980,mediterranean sea
189119,ancient
188316,hippo
230191,haunted
10603,killer doll
4410,u.s. navy
181240,voyage
360413,brutal
345392,action sequence
300847,attorney
193517,coyote
375250,epic fantasy
239910,abuse of power
262783,traumatized child
2766,mutation
818,based on novel or book
157155,explorer
801,bounty hunter
1329,canada
195295,motorcycle chase
279490,chinese cuisine
280002,war surgeon
330133,risking life
354838,human resilience
372145,post‑apocalyptic journey
372148,constant threat
372149,resourceful mother
372150,military authority
372151,collapse of society
372152,resource scarcity
373055,parental sacrifice
373968,lawless zones
369401,antwerp diamonds
360156,uncover the truth
240817,coaching
367895,personal redemption
373745,retired operative
373746,mafia retaliation
373747,quiet town under threat
373748,brutal takedowns
373749,criminal intimidation
373751,mysterious outsider
373752,crime‑ridden territory
373753,calm before violence
166611,debauchery
196399,rape revenge
213132,sex slavery
335491,concealing the truth
373804,private island
274067,pickle
290367,campus life
304251,college campus
232468,landowner
11477,anthropomorphism
361507,family and struggle
362685,cockroaches
273865,research scientist
3289,villain
8133,lasagna
316666,advanced technology
337817,humanness
279744,job
202635,engaged
251386,girlfriends
266745,bubble comics
366070,red panda
290906,plague doctor
325390,dance history
311278,high school classmates
365927,school clique
242578,animal sanctuary
375034,queerbaiting
376679,being oneself
364202,working student
335544,science goes awry
367280,therizinosaurus
346790,water rescue
274025,night swimming
228562,jugend
267812,nostalgie
325598,drogenkonsum
326689,liebe
346454,self hypnosis
363666,supernatural romance
349391,first gay sexual experience
325809,enthusiastic
194869,boy band
10909,lawyer
249756,mythical
278823,3d animation
200234,shocking
180803,polynesia
223089,giant crab
347753,female explorer
325765,amused
5350,eagle
14762,orangutan
178848,isolated farmhouse
311653,odyssey
308339,drugging someone
281102,a.d. anno domini
934,judge
9678,mind control
355123,emotional trauma
5153,son
209673,calm
1370,shapeshifting
233300,genetic mutation
278700,historical epic
1719,paleontology
275266,cgi-live action hybrid
181324,existentialism
9663,sequel
193151,ancestor
161196,farm house
306600,pastiche
169909,spider web
301541,psychological manipulation
14760,scientist
690,gorilla
307212,evil tyrant
317728,sword and sandal
179430,aftercreditsstinger
291153,grand
164657,perfectionist
4580,van
34152,evolution
155023,self esteem
226581,ford mustang
1530,temple
11148,police chase
373750,community protection
195997,adult filmmaking
14729,shape shifting alien
372146,family survival
290667,based on manhua
325189,tech-mogul
235616,bronze age
251829,alien spaceship
220389,televangelist
322229,me too movement
7344,porn star
40952,therapy
1668,hawaii
267689,gaslighting
7035,giant insect
12101,miniaturization
33896,montage
158141,toy car
2652,nazi
352918,former assassin
2587,married couple
8469,computer simulation
284013,rural south
318181,strict parents
324584,abusive parent
357020,masking
10026,harbor
33553,walkie talkie
239708,abandoned well
240264,greek-american restaurant
243503,winston churchill
7330,glacier
224964,out of work
238840,medical scandal
382913,ricardo barreda
274520,"darwin, australia"
253825,sexual competition
276252,web cam
358773,masked maniac
370351,super 16mm
370352,de-aging
370353,fictional disease
250076,social democracy
6218,right wing extremism
18103,code of honor
10718,fugitive
257090,dog man friendship
373589,continental hotel
4286,computer program
334506,submersos
356931,digital world
372969,real‑world crossover
372970,advanced program
372971,technological conflict
372972,system instability
374289,cyber universe
374290,quantum computing
374291,system breach
374292,existential threat
10891,giant robot
180523,neighborhood
228157,neighbor feud
233089,escalation
259749,nuisance
292995,dispute
308054,stand your ground law
366903,sheriff's deputy
305033,unlikely romance
257352,mescaline
283987,cointel pro
1332,cheating
18023,criminal mastermind
257130,"toulon, france"
374224,glacial wilderness
374229,wartime relic
258535,dumbo
220235,remote village
366259,widowhood
10596,argentina
198391,skills challenge
311847,robbery operation
239238,visa fraud
199729,order
329798,interloper
329799,unknown cause
343548,cine latino
257746,the fateful day
10729,car salesman
287876,unseen spirit
234860,ex army
336757,house of psychotic women
352919,physical therapist
209667,oddities
41665,anarchy
166235,clown makeup
172144,prophetic
270965,irish horror
239819,dead baby
373794,spider man
315529,falling into madness
255562,belle epoque
254676,master disciple relationship
336782,water torture
17990,guinea pig
158045,piranha
585,casino
2210,climate change
10124,laboratory
6165,historical figure
11514,social satire
252153,baba yaga
234980,west africa
5769,global warming
352649,anti-capitalist
173272,flood
161292,mass hysteria
15061,docudrama
246985,dating app
226333,message from the future
5767,summer camp
255316,"buffalo, new york"
13015,terrorism
206736,changing the past or future
309426,understated
325810,euphoric
4379,time travel
41596,denial
200235,consequences
241432,northern territory
371191,crime drama
186766,hope for future
273439,aliens
5967,peru
173361,real time
7336,car bomb
7041,sahara desert
242214,origin story
10439,gamer
9358,military prison
164186,character study
3679,society
2993,police chief
190823,social realism
258077,world war
233107,family trip
240629,family bonding
161678,giant man
2908,secret society
1423,asteroid
315310,reminiscent
1623,"casablanca, morocco"
206041,professional assassin
189099,giant
10045,tragic villain
352920,covert assassin
286354,cars
627,killing
243932,murdered
10201,death of father
4640,disabled child
283250,magic world
310324,car
249816,foster mom
254601,metoo
182281,farming
376202,bumbling detective
344603,splatter
1416,jazz
275041,imagination
7368,alienation
10216,outcast
262478,triumph over adversity
3450,bridge
367182,action horror
33465,parallel world
357556,rural america
230631,imaginative
381166,pet cam
285943,nurses
342372,ghost nurse
188294,damsel in distress
327723,missing friend
34079,death
197786,moving to a city
156640,high rise
235487,metaphysical
4781,miner
327805,"dorking, england"
331697,35mm film
219967,crafting
204208,hidden body
268121,kurds
333983,building
329754,microplastics
329751,unethical business practices
213823,srebrenica
349813,dark and emotional tone
367835,unknown captors
373604,survival situation
373605,forced isolation
303848,alien robot
372235,fast-paced
381461,based on true events
7714,stepbrother
373606,voice communication
373607,unknown enemy
337262,step-sibling romance
3442,lethal injection
373608,unreliable clues
373609,mystery confinement
156097,evil twin
357084,introvert
256490,"capri, italy"
309375,dying brother
319591,italian mafia
283057,passion and romance
222793,online predator
236677,out of wedlock child
314967,celebrity guest
209947,breathing
269158,deep blue
372661,public spectacle
372662,rigged competition
372663,broadcast violence
372667,elite hunters
372668,corrupt producers
373680,state propaganda
373681,mass entertainment
226846,power plant
291308,save humanity
18440,tongue in cheek
350031,madura
15149,monkey
260150,determinism
244361,test subject
175056,black ops
321341,airborne ranger
333915,covert mission
220470,broken romances
236874,young romance
364797,criminal enterprise
323754,violence against a child
351496,transfem
360016,trans female
196425,giant ape
219421,biker band
293178,king kong
220199,barbershop quartet
12987,poverty
9866,basement
285485,teamwork
328926,based on real person
10224,haunting
207592,piano
1445,ice
15295,confrontation
270308,terror
230225,airbnb
1196,florida
10410,conspiracy
281776,mysterious disappearance
224638,growth
739,sexual abuse
172242,toad
196691,stepsister
18068,teenage boy
333169,surabaya
10217,tourette syndrome
1646,autism
4325,game show
296608,teenager
388,scotland
234662,hand drawn animation
258375,adrenaline rush
307254,evil king
372391,authoritarian control
308291,television
297442,animation
207794,project
165402,semi autobiographical
282044,secret room
222863,buddy movie
2470,education
254844,blind child
361738,tragedy drama
335395,shot to death
162339,media manipulation
333529,magical realism
155755,mysterious woman
211197,mysterious death
299369,courage
4759,exploration
161570,troubled childhood
165458,police arrest
10706,spirituality
164881,death of daughter
235583,brothers-in-arms relationship
353535,comedy mystery
2201,first time
39833,maid of honor
325826,hum
325857,wry
207697,accountant
10508,teacher
4289,secret agent
325830,informative
11435,briefcase
210246,children's adventure
837,show business
13072,falling in love
520,"chicago, illinois"
15320,insecurity
10685,escape
2796,self-discovery
828,waitress
3444,disgust
322496,action
15016,twins
277029,joy
280263,anxiety
296871,s&m
340719,kent
259847,park chung-hee
244895,magic book
155049,wedding dress
227948,lost children
367758,undercover mission
3930,bravery
372498,criminal network
374114,determined agent
374115,remote hideouts
374116,international rescue
374117,justice pursuit
157904,luck
166479,deadly snake
188735,train travel
225541,interwoven stories
251756,passenger train
305834,death by poisoning
358674,traveling by train
173661,flower vendor
334666,anecdote
236407,fried chicken
246484,afro-descendants
319872,lesbian romance
333351,wlw
351135,messy lesbians
362384,lesbian character
188924,outlaw gang
204003,bandit gang
286432,emotionlessness
372879,outlaw past
372880,vengeance quest
373568,shootouts
7288,sleeplessness
374270,revenge quest
325807,enchant
2355,american dream
163228,runaway train
237725,miniatures
3379,diamond mine
303942,didactic
358826,physically disabled
244672,high speed
2276,talent
329372,shinkansen
10283,tinnitus
297726,korean cuisine
4978,immortality
255059,struggling musician
258828,country singer
11469,memory loss
219896,assimilation
199686,near-death experience
3017,jazz singer or musician
240606,cheating death
373826,inevitable fate
373827,death’s design
373828,supernatural force
373829,deadly premonition
373830,domino effect
34136,blunt
732,coma
12279,family drama
5905,father
325820,gentle
18047,anger
4040,space mission
2301,architect
5600,daughter
14626,astronaut
3490,pop star
174915,fictional government agency
307886,biker gang
227943,chinese immigrant
161750,dollhouse
260005,train station
211269,emotions
10329,wealth
156592,evil nun
238329,save the planet
2568,language barrier
15090,police officer
10228,aspiring singer
13008,train
1803,drug addiction
276489,illegal mining
184956,corrupt mayor
209507,anxiety disorder
12347,infiltration
10939,holocaust (shoah) survivor
3864,fake identity
290674,bullet train
592,capitalism
10506,prehistory
10232,fame
4438,cousin
160234,family tragedy
161270,satanic ritual
9259,vampire hunter (slayer)
155817,estranged wife
588,"rome, italy"
241752,embarrasment
5810,pact with the devil
227510,hearing impaired
190287,life after death
162806,coven (akelarre)
245264,southern gothic
1824,self-destruction
175506,blues music
217415,government agency
156593,ritual murder
169333,emotional vulnerability
176802,rogue agent
269709,adventure comedy
13092,corpse
164877,heroin addict
198782,ellis island
325817,foreboding
3098,castle
290159,tragicomedy
197255,cybersecurity
202559,district
240069,online privacy
11612,hospital
316940,pilgrims
361034,killer priest
2158,maze
6086,government
239125,based on web series
248927,found family
310777,grenoble
194226,masculinity
262419,lost
13005,doctor
9862,dam
209386,personification
3183,bisexuality
2383,feminism
5707,childhood trauma
162735,disability
233130,self-harm
325796,disapproving
287417,bisexual woman
361988,dangerous rain
177973,chance meeting
309029,psychological drama
327471,anime inspired
2013,attempted murder
272745,screenlife
1495,fishing
236580,mmorpg
276747,heroic
170351,reality vs fantasy
12660,blind
190327,sexual assault
224052,sea creature
18419,privacy
206837,school choir
207739,music school
156803,extinction
363608,coda
33519,courtroom
355083,love letters
362283,team mission
207113,foursome
341710,fangs
3800,airplane
305619,hidden desires
266534,one week
319270,unbalanced scale
319271,aggressive intern
1533,isolation
4950,code
299718,gender discrimination
322105,secret world
302755,hungarian
2726,therapist
11038,trial
5455,time machine
220435,revenge murderer
12436,architecture
163053,found footage
214780,courtroom drama
278235,cannibalism
5938,mermaid
171826,told in flashback
220266,fandom
202838,programmer
4543,thanksgiving
13209,cabin in the woods
4267,warlord
194008,edited from tv series
6564,terminal illness
11860,fish out of water
439,paradise
1643,deaf
12197,compilation
161966,bank teller
168297,tyrant
10059,boogeyman
10738,diner
6337,patriarchy
157303,first love
4715,autopsy
155808,hometown
281917,liminal
210910,american sign language (asl)
306411,liminal space
169086,political satire
325801,distressing
345257,human mystery
220947,male domination
283118,return to hometown
10689,wasteland
332022,liminal horror
268132,based on short film
212516,dark future
10563,attack
250368,smile
2883,imprisonment
7994,water monster
2176,music teacher
232715,misandry
247909,visionary
2043,lion
319324,analog horror
167040,airplane trip
220455,copycat killer
277551,slow burn
171854,betrayal by friend
2011,queen
323812,so bad it’s good
33372,womanhood
260905,retired cop
4690,moral conflict
14674,vaccine
3737,dying and death
204967,runner
213298,universal cure
18543,combat
184808,subversive
292887,magical girl
13014,orphan
337695,indian residential school system
189464,exploring sexuality
351823,open water swimming
5488,parfum
11408,gargoyle
325852,subjective
172841,music box
207662,eternal love
214655,absurdism
209799,whistleblower
40895,illness
177895,dark fantasy
4225,night shift
15252,magical object
2006,extreme sports
591,central intelligence agency (cia)
203836,brain transplant
158988,struggling actor
274216,friends with benefits
5641,limousine
178665,mayhem
308567,rv
11016,kansas city
294856,breaking the silence
232677,long lost daughter
189450,manic
204037,scary doll
208479,accomplice
244543,singing in a car
264312,female investigator
185242,western filmmaking
221710,stunt double
355491,"hollywood, california"
293098,video calls
196413,tower of london
293410,micro budget
33439,sexual sadism
155271,kinky
232473,whitewashing
295182,existential
367452,shared grief
338068,gothic period
358899,pettiness
361772,period romance
362757,sensual
375576,grief & loss
335874,japanese mafia
335875,japan style
243894,lethal admirer
190895,unhappy couple
239110,female cyborg
248862,floating city
367457,26th century
10642,"osaka, japan"
15127,killer
1415,small town
7158,afghanistan war (2001-2021)
325834,mean spirited
2771,octopus
1295,europe
321314,master apprentice relationship
2375,junkie
10414,trance
210586,dark fairy tale
222090,unstable cop
1706,experiment
321771,evil aunt
240834,washington
340468,fictional town
163079,revisionist history
1612,spacecraft
3799,ship
13059,prostitution
236912,advanced civilization
317784,two worlds
268216,tehran
15214,buddy
171366,multiple storylines
162804,sexual awakening
9935,travel
1902,"lisbon, portugal"
282355,spell
155643,foster child
194406,manson family murders
208902,afghanistan veteran
309138,charles manson
14624,cruelty
243436,beyond reality
158108,killer shark
6231,half-brother
160279,18th century
164092,blindness
190830,bullied
241737,loss of child
6273,school trip
18029,trapped
2768,atlantis
11060,trap
7340,crooked lawyer
40931,witchcraft
191731,female empowerment
213097,15th century
257258,quest for identity
255850,loss of wife
325780,callous
234119,women's liberation
161194,estranged father
245317,alexandria egypt
215522,british columbia
378681,steamy romance
1829,beheading
372371,cartel leader
252596,victorian era
18129,labyrinth
1470,s.w.a.t.
228558,spousal abuse
162335,mortuary
168669,meteorologist
10141,battlefield
2269,aquarium
11036,obsessive compulsive disorder (ocd)
215200,pretend relationship
11265,mind reading
293092,sharon tate
231277,alien technology
10061,dysfunctional marriage
18001,rock band
33347,apartment building
157344,phone
2231,drug dealer
288474,based on webcomic or webtoon
338201,anonymous
345019,interpol agent
367145,graphic violence
210458,creepy
3030,nightmare
8440,ex-cop
158456,masked vigilante
160960,watching tv
193293,unsettling
186416,gruesome
190869,creepy person
196078,woman agent
215059,hospital visit
222314,abusive mother
224391,depressed woman
249081,pain medication
253857,scared
290380,puppet animation
271171,arquivo
307129,animación fotograma a fotograma
324933,vídeo carta
332390,fotografia narrada
312784,public image
317492,unknown number
320709,public figure
322776,creepy faces
334753,going insane
341427,iphone footage
350134,gorefest
351911,new york winter
359856,taking drugs
364017,intimista
291536,korean live action
221385,gnosticism
362291,international women's day
260878,cross-country skiing
10037,le mans
290452,vasaloppet
10550,evangelical
304006,fanatism
208244,16th century
350730,rogue ai
372139,sci‑fi horror thriller
372140,domestic danger
372142,humanoid caretaker
372144,malfunction turning deadly
374181,advanced robotics
374182,domestic automation
374183,fear of technology
3104,killing fields
201843,conglomerate
371092,hacked camera system
371093,cryptocurrency
371097,tracking expert
371099,spectacular action scenes
374277,surveillance city
374278,family stakes
250707,sewol
228632,elite sniper
243323,south italy
372871,mysterious canyon
372872,sci‑fi romance
372873,espionage mission
372874,surveillance partners
372875,enigmatic environment
374259,restricted zone
307732,ngô thanh vân
283841,robot dinosaur
307733,tóc tiên
254277,hero's fall
307734,rima thanh vy
171603,s.a.t.
307735,đồng ánh quỳnh
297007,loufoque
345082,massachusetts institute of technology (mit)
370694,hostile alien wilderness
370695,relentless hunt
370696,intense creature combat
372574,invisible predator
372575,territorial threat
3296,car mechanic
372952,survival pressure
323477,based on manhwa
294595,phone message
3002,fog
227975,hidden agenda
291865,united states of america (usa)
301542,drug usage
361070,disturbing
255064,pills
15156,cell phone
321059,nonlinear narrative
191815,breakdown
371717,unknown threat
235173,delusional
1450,shepherd
162502,news report
2884,asylum
329574,2020s
5836,self-inflicted injury
240511,popstar
740,aids
224248,chronic pain
10180,male homosexuality
372143,sentient robot
14767,scar
235901,spinal injury
183738,sobriety
306194,hallucinations
417,corruption
186789,dream world
250119,desk work
250120,alarm dispatch
284274,unexpected romance
11494,drug use
307161,snipers
11527,rape victim
830,car race
185974,substance abuse
6104,computer
208009,gun fight
162511,text messaging
350231,psychological tension
329707,loss of control
6262,delusion
372434,deadly pursuit
9766,hiv
251613,period film
247192,emotional breakdown
18015,tutor
303756,business owner
187294,press agent
242138,investigate
232669,jump scare
372141,family under threat
3741,talk show
371095,security breach
1001,underground world
313704,tour
4280,mental breakdown
319865,mom
372576,unexpected alliances
373455,hostile terrain
374150,unknown world
374151,deadly environment
374152,hunter vs hunted
374153,stealth pursuit
155582,amusement park
204236,music tour
325789,condescending
10196,role playing
5331,village
318270,capybara
3208,bunny
169977,small town sheriff
228545,french police
314725,egg donor
326172,long-term observation
191839,skit
215790,animatronic
235082,secret benefactor
287455,criminal plot
322612,small town minnesota
161891,doppelgänger
6506,resurrection
6719,"montreal, canada"
190742,solitude
17986,miscarriage
1547,"mexico city, mexico"
10614,tragedy
155963,driver
157252,bomb remote detonator
10226,neighbor
197327,planet invasion
276130,paranormal events
185019,child neglect
14743,pianist
378971,animatronic band
207937,forced retirement
196960,dead grandfather
245207,otherworldly beings
288025,ghostbusters
159401,misdirection
238039,sleight of hand
353505,mystery and intrigue
372202,magic heist
372203,illusion mastery
372204,team synergy
372205,showmanship
372206,illusionist team
372207,twist reveal
373974,international theft
333816,出轨的女人2
333817,바람난 여자들2
333818,金希庭
6805,fashion photographer
10484,listening device
230098,art project
262333,peeping
333819,金智妍
333820,尚宇
338038,lindisfarne
333821,jin joo
273928,post-war years
297724,sismance
314985,revenge porn
320382,hidden camera crime
301428,runway model
364203,special love
210928,raw
367066,being followed
184569,"santa cruz, california"
252612,duality
369914,soundproof room
5091,kiss
350287,content creator
255663,dalit
227824,bus accident
234341,real estate developer
270757,women fighting
363022,angry old man
295225,women workers
229169,space program
206866,polluted air
250927,post-cataclysmic
298582,criminal conspiracy
220571,online game
269765,animal protagonist
1385,antwerp
3637,double agent
275276,feelgood
268054,night
156525,heroine
253063,black soldier
208635,traumatic experience
254114,dog owner
235373,restorative justice
9957,loneliness
5572,fistfight
6155,afterlife
3182,seduction
162715,ruins
239225,nude photography
322942,adventure
322255,sinister
175629,alternative reality
177201,evil child
1825,countdown
207400,haunted attractions
6154,hell
9835,sexual fantasy
178649,voyeurism
323809,depressing
18127,new neighbor
208879,mockbuster
18425,teenage love
10656,child in peril
13028,writer
41180,security guard
251821,grumpy man
1384,diamond
679,cyborg
186956,tragic romance
228649,reproductive rights
240484,roadtrip
207082,pov (point of view)
190073,new apartment
33549,displacement
9720,woods
240377,abandoned building
3093,ghostbuster
531,southern usa
14735,motorcycle
720,helicopter
354911,grief and remembrance
223640,rescue dog
181033,lemur
242691,thought provoking
172274,moving in
285070,no dialogue
4056,custody battle
277462,bird
173594,handgun
190821,family curse
195999,sexologist
297031,chinese mythology
217140,double identity
352496,neighbors
172695,burning
33721,body-swap
369598,covert operations
155790,private detective
5956,stuntman
228384,female scientist
163589,undercover operation
178982,companion
252581,female revolution
320537,fugitive lovers
298577,international espionage
323701,mary shelley
373781,spirit possession
2297,interpreter
315535,donghua
317274,horror romance
3541,afghanistan
251424,covenant
317225,special skills
230856,space capsule
373170,xenomorph threat
373171,cryonics chamber
373172,abandoned station
373173,biological contamination
373174,hostile organism
373175,interstellar isolation
196544,motion capture
196917,armed robbery
14569,chameleon
179102,superhuman strength
316206,live action
265589,toy
373849,mind manipulation
373850,encrypted files
373851,comic misunderstandings
1674,stage
14639,thug
183169,villain arrested
14540,accidental death
502,ambush
4301,grenade
334602,victims of violence
261284,pow
4115,longing
271148,knocked unconscious
236283,mexican culture
247140,8mm
287603,cowboys
223173,the met gala
250634,talent agency
292599,oppressed men
7090,goa
269958,trapped in a game
354595,hybrid documentary
366319,hypermasculinity
299865,toxic family
368957,transmasc
347135,offering
317736,horror remake
12548,shooter
162014,marksman
199943,marksmanship
268293,cash truck
267429,life in the gdr
273124,public execution
375504,sentient-artificial-intelligence
459,sexual obsession
172266,backwards
212968,"kyiv (kiev), ukraine"
239934,girl with piercings
257515,dark room
14793,wasp
251961,drug
255627,toy monkey
161520,terrorist plot
263277,metalcore
209853,cybercrime
12415,back from the dead
318854,mountain climber
288344,metal
222021,overwork
208757,time paradox
239362,fungus people
5656,"sydney, australia"
6163,arms dealer
162380,ex soldier
291469,psychic powers
4110,"mumbai (bombay), india"
306072,monster girl
252728,self-driving car
159913,armored car robbery
159289,historical event
221355,nature documentary
7955,taliban
227981,mixed race
1201,austria
186404,burning building
229652,alien encounter
304129,money heist
249845,experimental drug
3363,hypnosis
347151,beauty pageant
192687,"oslo, norway"
290656,nezha
210605,workplace comedy
331623,shenmo
478,china
3185,crocodile
325793,derisive
183787,alien monster
2696,drums
5914,writer's block
265582,women empowerment
549,prostitute
3193,harpoon
8653,niagara falls
209528,cursed
250909,precision
9180,yorkshire
1475,telepathy
54169,stoner
10818,author
235636,family life
188054,giant crocodile
9887,surrealism
199844,femicide
175428,adventurer
237104,rival
191132,space exploration
195325,crocodile attack
8531,panda
18082,flamethrower
9730,crime boss
4898,armored car
7375,twin brother
235557,climb
3386,space war
209144,seizure
290902,authoritarian regime
160515,alien contact
402,clone
206915,estranged sister
10148,tribe
326624,japanese restaurant
188237,teenage romance
172717,audio cassette
227331,mystical quest
257412,human nature
323962,beauty of life
6092,army
15060,period drama
283844,returning hero
6149,police
14900,genocide
231020,anti-fascism
165317,based on movie
252314,revolutionaries
339049,immigration detention center
286194,period piece
212634,dread
253858,kafkaesque
354877,settler genocide
274497,polygraph
239275,"based on magazine, newspaper or article"
208289,1980s
233607,fading star
210772,legacy
274650,livestream
239751,woman scientist
325837,modest
238192,poisoning
230696,offensive
249969,horror parody
267438,matricide
3344,letter
246996,ice road
343784,meta humor
375915,raunchy
373842,dark thriller
342295,father son estrangement
299344,filmmaker
321464,intense
315323,incredulous
240462,musical comedy
229802,manipulative friend
259426,dumb blonde
3133,vampire
322604,nonbinary director
321634,bantering relationship
3205,fairy tale
352269,ghost marriage
352270,crime solving duo
1252,suicide attempt
292592,indian history
340924,ashoka chakra
302068,final girl
1930,kidnapping
294708,sports drama
256669,female bully
6038,marriage
296659,1830s
253419,social media influencer
10756,janitor
232648,osage indian
303331,settler colonialism
360220,lust for wealth
12396,hollywood
261274,dracula
236159,luchador
3986,spider
204150,peril
270346,meta
886,movie business
258308,munchausen syndrome by proxy
325836,mocking
304976,romantic drama
340925,indian military
256497,simulated sex
240154,alternative music
314605,defence team
1585,snake
260521,tech company
367498,corporate corruption
366810,gross out
240772,cosmetic surgery
230113,math genius
301004,nightmares
239797,complex
250192,armory
333066,indonesian film
301930,death of master
332602,butthole surfers
221023,college friends
239680,religious horror
348717,indonesian action
370596,younger brother
12369,"tokyo, japan"
207928,19th century
288876,magdalene asylum
301171,"opera, baroque"
160910,xenophobia
243617,weed
3352,tree
257456,anti-racism
239915,mystical land
249985,gloom
1157,husband wife relationship
254547,taisho period
165913,uncle niece relationship
220991,isis (daesh)
280188,grimdark
1964,cave
269719,high school romance
10562,on the run
2710,fairy
325787,complicated
4183,wife
271531,zoom call
223521,dark romance
279043,psychosexual
163074,super villain
10886,punishment
193946,fight for justice
206594,cartel
355595,distorted reality
286529,jukebox musical
372070,corrupt officials
155870,polyamory
797,showdown
227561,old hollywood
10175,drug cartel
33494,couple
703,detective
336497,survival thriller
1326,infidelity
230701,"atlanta, georgia"
233184,yucatan
317138,mayans
210024,anime
341426,jiang ziya
279028,mass slaughter
7312,road trip
157676,disfigured face
253411,death of a child
300311,secret playroom
155477,softcore
10114,evil spirit
236343,orphan siblings
256714,palazzo
280688,abusive relationship
300312,carney town
309964,tallahassee
257139,repressed trauma
247152,female writer
325839,ominous
351168,möbius loop
161304,9/11
256015,african american
325783,cliché
18087,attempted rape
241527,escapee
15101,based on children's book
368630,dance troupe
10303,domestic abuse
272909,magic land
336680,four sisters
259243,petrol station
447,post-traumatic stress disorder (ptsd)
325854,tragic
370674,woodland animals
330339,mountains
195114,space adventure
378715,جرينلاند
378716,الأرض الخضراء
378717,جرين
378718,لاند
378719,علاقة زوجية
378720,خضراء
378721,أرض
378722,ربو
378723,نهاية العالم
1700,massachusetts
14964,drugs
146946,death in family
179435,beforecreditsstinger
2299,abusive father
325792,demeaning
293649,provocative
325791,defiant
325856,vibrant
325812,exhilarated
251513,supernatural power
213134,murder of parents
227812,fear of death
175421,death of husband
273293,1860s
260365,christmas eve
4270,galaxy
9882,space
241827,demonic
157459,evil dead
234074,marionettes
257596,vanlife
161261,demonic possession
325546,sadistic horror
242587,fears
314893,magical
361281,spooky
244698,power wagon
257348,bumi langit
257855,jagat sinema bumilangit
345620,overnight challenge
299542,sri asih
330410,indonesian cinema
345621,unknown caller
239886,child protection
41282,political intrigue 
41415,reptile
280075,bloody
269503,death squads
250820,sportsmanship
217631,hoodie
305168,depressed
15066,humpback whale
240628,trust issues
238742,finding one's voice
4803,comet
329762,found money
190458,television history
2527,fox
10542,based on toy
325821,ghoulish
332598,brutal violence
254391,stolen car
306196,megaslasher
179569,terrorist bombing
310034,interspecies friendship
308144,boxing match
265045,retired detective
13141,based on manga
330923,wonderland
13153,spirit
727,country music
9920,royalty
3801,space travel
194404,supervillain
207826,shounen
1664,eroticism
316633,clones
238090,prima ballerina
10787,jungle
188748,talking cat
3739,funeral
12394,chainsaw
160224,post world war ii
325779,brisk
163186,séance
10159,computer animation
1468,child murder
243230,parallel universe
191327,evil clown
187256,ballerina
231295,cosmic
192772,historical drama
198623,farm girl
248327,munchkins
211429,female stripping
343709,friends to rivals
345225,interquel
305161,romantic dramedy
254518,artistic risk
323211,electric guitar
338467,acoustic folk
283297,music
11495,sexual art
10229,singer
252104,2000s
260779,privilege
5565,biography
1946,restaurant
233369,sunken city
256941,mothra
217930,french cuisine
380322,monsterverse
191458,rise to fame
241609,human android relationship
325855,urgent
206515,usa politics
168939,knee injury
178844,"new rochelle, new york"
340972,biographical drama
269734,female coach
158778,behind enemy lines
383547,sonic cinematic universe
196785,woman in wheelchair
267275,haute cuisine
330848,foodies
331723,murder-suicide
362349,exclusive
362860,hermann göring
10158,alien planet
291207,sentient machine
325763,ambiguous
326348,human vs machines
334786,cybernetics
338361,missing children
360939,biopic
345509,music drama
325764,ambivalent
270343,convent
5532,boardwalk
263237,covid-19
221152,meddling parents
225133,annulment
342521,brighton beach
232076,desperate
195022,top secret project
285777,manhattan project
297020,los alamos
196003,tv host
350422,kids show
164181,sister-in-law
252937,spaceship
11931,spoof
267876,relaxed
14765,church
365596,running from the past
365597,quartermaster
365598,second in command
374002,island siege
374003,hidden cove
374004,pirate revenge
374005,bloody past
374006,loyal crew
745,nun
286407,party
904,"pennsylvania, usa"
287324,malfunctioning android
14903,home invasion
41404,sexual desire
161176,space opera
263814,caribbean
190178,sex worker
156630,remote island
245358,grandfather grandson relationship
2356,immigrant
18034,desert
3230,male friendship
4048,musician
249530,plane crash
325805,embarrassed
185201,illegitimate child
163129,dual role
15363,bank robbery
241804,toxic relationship
233380,weekend getaway
325840,optimistic
3398,release from prison
198423,moral dilemma
265979,superhero teamup
833,the white house
372834,extreme conditions
205734,family dynamics
347890,duchové
347891,paranormální jevy
347892,zlo
286702,human history
196047,bad boy
41501,eco terrorism
316053,past regrets
285398,20th century
239821,man vs nature
266753,cautionary
5340,investigation
1200,greece
257783,2010s
282114,fictionalized history
12990,singing
307949,power dynamics
198147,family home
254641,girls' school
208927,hedgehog
222998,international relations
241548,old grudge
33451,masturbation
249379,mirror
220064,culinary arts
252990,codependency
361994,forgiveness and reconciliation
241492,russian oligarch
303709,vegas wedding
258197,animal human friendship
323091,cinderella story
10125,mad scientist
33922,pop music
12190,cyberpunk
188730,english teacher
304337,essay
330799,morbidly obese
335961,binge eating
370698,haunted by his demons
370699,german covert operation
374129,british underworld
374130,wartime trauma
374131,smuggling network
236197,fashion industry
301427,fashionista
286957,adaptation
7376,princess
289108,monsters
9927,maine
238842,creepy house
331674,professional wrestling
325813,exuberant
10950,shootout
285626,drug money
2858,sacrifice
370688,relentless pursuit
325828,indifferent
282218,religious allegory
286709,giant creature
359337,post-apocalyptic
232486,real incident
6270,high school
244445,god-like
9727,thief
13116,one man army
287526,war against machines
272493,female superhero
342032,gender role reversal
166726,female villain
392,england
298248,family pressure
373982,martial discipline
12375,transhumanism
289844,boys' love (bl)
197532,civil action
285712,hidden past
284923,shark cage
251150,cultural identity
273209,beekeepers
372841,scam operation
372842,justice by force
372843,system corruption
372844,powerful elites
180734,masked superhero
325822,gloomy
223793,northumberland
232700,business rivalry
310118,religious symbolism
33683,"beijing, china"
175102,cliffhanger
290757,gunfights
11239,distant future
323305,romantic fantasy
325776,baffled
319467,mosasaurus
270737,police manhunt
371773,high-speed chase
371774,adrenaline
373197,public scandal
373198,wrongful accusation
168319,framing device
190969,women's suffrage
364802,early sound film
282986,enemies to lovers
314844,wizardry
344283,based on board game
368262,based on game
379300,based on role playing game
251351,robotic animal
314801,"san jose, california"
296645,open mic
367693,dark atmosphere
298530,conspiracy thriller
324684,fm
373663,family protection
249905,realistic
33673,apple
373840,loyalty conflict
306255,retired assassin
337015,missing father
237612,14th century
337962,political dissident
348357,brazilian military dictatorship
298605,techno thriller
349616,torture and murder
210590,birmingham
264792,political
350608,torture military
373169,criminal hideout
310396,father daughter estrangement
3623,cabin
7939,portal
328555,family bonds
376355,true story
320594,revenge mission
235489,medieval england
41380,crucifix
249834,boxing ring
14570,las vegas
325744,1300s
213120,teen social issues
288793,power
8045,bratva (russian mafia)
208646,hidden money
325819,frustrated
313425,qin dynasty
270971,environmental crisis
210730,illusionist
201456,paranoid
155619,attic
155722,teen comedy
312898,violence
18420,surveillance
259361,loss of a friend
278238,dungeons and dragons
6158,cult
348685,a couple
192913,warrior
155624,envy
337238,queer loneliness
275311,plot twist
5609,nostalgia
213104,teen superhero
3269,secret mission
325835,melodramatic
364081,dungeon crawling
281869,fatalism
224563,beekeeper
229165,alcoholic mother
277712,scam call center
282984,slow burn romance
233636,human becoming an animal
355622,bollywood
207372,quest
249451,virtual game
255856,"columbus, ohio"
263706,norwegian folklore
1647,sadness
917,journalism
273060,christian faith
322744,frozen lake
309270,comedy thriller
246690,bullying in the workplace
262802,gender inequality
33787,tower
209439,sport climbing
237197,middle of nowhere
311998,furious
1191,norway
226547,war journalism
236389,charlottesville
239094,karelia
370993,immortal hero
370994,mythic war survival
370995,relentless vengeance
370996,primal brutality
370997,hostile wilderness warfare
370998,soviet army
372706,northern harshness
373666,finnish frontier
373667,post‑war tension
241161,insidious
351133,futuristic world
373559,colonial workforce
373560,clone technology
373561,frozen world
373562,authoritarian leader
373563,expendable worker
337188,solitary life
345062,vrmmo
226406,isolated island
372648,storm rescue
372649,unexpected threat
372650,violent assault
372652,lone protector
372653,intense action thriller
374163,siege situation
227583,white savior
366275,unlikely partners
268053,elements
349450,russian mafia
364481,revenge cycle
372503,assassin contracts
372504,reluctant killer
372508,family under pressure
372509,eccentric allies
373664,hit list
373665,deadly missions
202798,insecure
343646,nutcase
366393,australian wilderness
372695,dangerous threat
373479,extreme challenges
373481,grieving woman
1003,photographer
33490,filmmaking
325824,hopeful
234660,single woman
215131,human clone
178895,questioning
285275,colombia
239239,closeted homosexual
163117,child trafficking
374947,dynamic duo
281659,wistful
33696,sea monster
223252,reverse trap
301444,evil kid
290527,transgender
317466,anti-imperialism
325767,apathetic
325843,pretentious
250819,belonging
270891,civil rights movement
229197,single man
374099,altered reality
374100,memory distortion
374101,hidden experiments
10325,mistaken identity
241930,adolf hitler
325823,harsh
309603,mississippi
295959,best friends
286841,cheetah
235554,"syracuse, new york"
226023,matriarch
241732,masked
33626,millionaire
372651,protective instinct
313356,american football player
298603,2050s
201008,rock climbing
290764,elemental powers
4674,sightseeing
283178,the long goodbye
11334,joy of life
14724,family vacation
220492,war trauma
234574,abducted
529,ku klux klan
4563,virtual reality
191726,nazism
197623,free climbing
309479,grieving widow
156075,evil
272385,mayoral election
9253,slapstick comedy
268067,police procedural
192094,firefighter
242689,teenage protagonist
176227,motherhood
2708,hitman
312528,dc universe (dcu)
157466,necronomicon
155746,deserted island
223914,other dimension
353736,survival instinct
1442,winter
234025,masked villain
4553,black humor
192494,south asian
155294,family conflict
238608,colleagues
241982,children in wartime
266032,strangers
369549,explosive action
169993,meet cute
282997,city
33780,dentist
294521,smuggling
243676,2040s
165212,modern day adaptation
372530,explosive confrontation
2964,future
369543,close‑quarters combat
271672,water
163077,military veteran
8201,satire
2340,paranoia
210184,1910s
334,flying
234042,late coming of age
334502,hunting season
378256,temporada de caza
262626,colorless
160137,female hero
248169,social criticism
253807,traumatized woman
373948,tragic creature
373949,moral transgression
373950,forbidden science
373951,unnatural life
372075,unexpected problems
10170,premonition
156052,unemployment
372091,deadly confrontation
372364,redemption quest
372365,ruthless enemies
372411,personal justice
372416,innocent victim
380091,persuasive
372093,high‑stakes mission
158175,bear attack
179419,comanche
234890,xianxia
301974,great plains
302711,team up
162846,ghost
205276,vexed
210434,thoughtful
358776,biographical comedy
212737,philosophical
229620,helicopter chase
372821,rival enforcer
372822,team loyalty
372823,vengeful motives
372824,muscular spectacle
372825,strategic fighter
374186,heavy firepower
340359,oriental fantasy
224845,psychological disorders
243370,midnight sun
286125,gritty
372319,power shift
372320,social disparity
158244,riverboat
225219,reflective
365305,jackass
316332,mystery
191247,paper industry
371809,desperate father
382808,anti capitalism
325774,authoritarian
33711,entity
234906,murder spree
240305,gay romance
249891,scavengers
319319,sentimental
345046,group
325849,sincere
9864,prank
209590,one take
319397,witty
325853,sympathetic
586,new jersey
362084,economic hardship
10039,racing
265839,child abduction
9696,magic mushroom
3394,identity crisis
1977,"denver, colorado"
155267,dominance
242128,motorsport
287699,dog hero
302132,action thriller
188933,bar fight
1160,egypt
246313,isolated community
253709,summer festival
351726,drama comedy
298953,car racing
1419,gun
10941,disappearance
9156,d-day
9951,alien
267488,chosen family
325833,matter of fact
371786,family rescue
184656,wuxia
5895,vikings (norsemen)
191009,housemaid
530,prophecy
188973,pandemic
325770,approving
358474,two boys
369561,friend moving away
345457,loss of father
193294,enigmatic
279987,based on theme park ride
297549,human spirit
332972,power of music
233981,formula one (f1)
325825,horrified
319190,suspense thriller
357092,dogs
276775,irreverent
894,depression
208298,bad trip
325790,cruel
157513,severed foot
372163,dark secrets
373695,intense firefights
325845,sarcastic
338090,hospice care
3298,hallucination
12367,female assassin
199228,devoted family man
364800,whodunnit
10122,reanimation
320203,extreme weather
167043,road movie
181325,dangerous mission
240145,god of thunder
185718,cultural conflict
292593,intimate
11181,decapitation
325802,doubtful
325797,disdainful
172291,grieving
156081,tomb
11195,empire
374080,broken hero
271585,ufc
258464,frankenstein
11528,hallucinogenic drug
14725,race car driver
14909,alien invasion
202371,aggressive
161791,kaiju
247776,american businessman
276964,table tennis
5248,female friendship
224071,woodlands
374382,animal adventure
226344,generation z
241738,sister sister relationship
209792,candid
5452,stunt
377689,rural village
4720,ritual
12988,pirate
197401,horse farm
199692,african american man
10041,dysfunctional family
11322,female protagonist
325841,pessimistic
351222,sci-fi western
239187,lyrical
582,"san francisco, california"
298636,underworld
196009,military training
1900,immigration
232766,vengeance
295702,death game
10235,family relationships
303310,joyous
41645,based on video game
269775,adelaide australia
325762,adoring
325700,modern australia
160381,nuclear weapons
239588,naval aviation
302666,venom
1299,monster
12616,dinosaur
697,loss of loved one
226475,naval battle
267475,war orphan
293749,social critique
229748,alien hunters
293589,alien arrival
371123,special forces training
373166,firefights
373457,hostile encounter
373581,high‑intensity conflict
373582,gore elements
373583,veteran soldier
373584,remote outpost
323910,sci-fi horror
325818,frightened
15354,struggle for survival
284439,blood
387,california
162365,military
1701,hero
320552,filipino mythology
348340,filipino culture
381930,animesque
325782,cheerful
246533,political conflict
371801,gang members
374897,indie film
378542,baltimore
11479,social commentary
295902,actress
157701,psychotic
229863,ancient evil
374980,devotional film
336874,multiverse
3099,satanism
163055,satanic cult
251827,alien conspiracy
15025,parenting
235578,superhuman abilities
257384,godzilla
245157,alternate universe
2343,magic
293194,youth
289920,filipino
232978,hindu god
317204,tokusatsu
15285,spin off
259376,playful
273967,war
243709,dark road
286245,in the dark
314515,dark night films
324598,russian criminal
256159,ecologism
381928,art shift
279185,satanic
2546,mask
244532,naval battleship
188953,sign languages
3271,secret organization
4613,training
11107,rescue mission
251142,evil robot
7002,vigilante
2041,island
352581,comedy horror
156091,missing person
15076,cat and mouse
287516,female rage
263551,forest lore
280940,sisters
162810,macabre
269726,cautionary tale
245230,live action remake
18508,exploding body
228795,butterfly effect
241739,loss of mother
181644,hunted
158591,injury
207883,1940s
161184,reboot
245064,survivor's guilt
275077,quiet
188955,hand to hand combat
229266,dc extended universe (dceu)
298591,military sci-fi
240461,dedication
332773,u.s. army ranger
221233,elite forces
244157,genetic experiment
291354,upstate new york
1308,secret identity
282178,piano tuner
320215,safecracking
330355,hyperacusis
377679,medical bills
377680,hearing condition
377681,hearing disorder
377683,perfect pitch
211659,somber
4776,race against time
287406,remote inn
329582,funeral urn
325798,disgusted
170362,fantasy world
314473,wrong number
155030,superhero team
272551,fbi agent
10364,mission
166701,ghost town
10150,end of the world
14555,mi6
296713,erotique
306278,james bond
1981,colorado
12554,dragon
227499,family legacy
243982,evidence room
307150,alcoholic cop
243999,impeachment
299368,ragtag
329753,epic heroes
283556,caste violence
253869,missing relative
325844,ridiculous
177695,crime spree
344604,ne zha
269798,voicemail
256330,mischievous
252610,3rd century
197582,mysterious
289282,political rival
320529,sword fighting
372888,arena combat
372889,emperor brothers
373955,imperial corruption
373956,roman senate
1566,dreams
9799,romcom
248630,underwater facility
253662,mariana trench
291068,chronic illness
290327,"seoul, south korea"
267848,talking animal
17987,killing spree
215138,domestic worker
374045,team dynamics
374046,power awakening
374047,planet devourer
374048,cosmic entity
271161,antique shop
380,sibling relationship
3149,gangster
33705,agent
33457,alcoholic
269635,battle of wits
269808,introspective
325786,compassionate
325842,powerful
6152,supernatural
160612,self-referential
15032,gothic horror
351332,suburban gothic
356378,surreal visuals
373208,ghoulish humor
224389,imaginary world
252690,vulture
296988,enemy
320262,fantasy sports
295011,internal revenue service
319357,heartwarming
239343,romantic triangle
280028,asian american
307320,band of misfits
279911,nazi germany
180547,marvel cinematic universe (mcu)
780,kung fu
170865,child kidnapping
247799,action comedy
200918,angry
13027,wedding
14785,underwater
188270,epic battle
185343,"based on myths, legends or folklore"
218048,movie fan
321763,second part
316832,tense
323114,crime
269233,good versus evil
274126,athlete
3691,forbidden love
209568,folk horror
315053,critical
261681,south korea
296858,deep south
325766,antagonistic
328017,sub shop
328018,deaf man
239677,public domain
285961,low budget
970,parent child relationship
2660,strong woman
272026,antiquity
2769,deep sea
210550,dive
243897,sneakers
241782,criminal justice system
322085,female lawyer
319837,exciting
206795,merpeople
325799,disheartening
11935,working class
269710,anthropomorphic animal
325808,enraged
295840,chinese folklore
338822,pixar
303918,computer hacker
306154,rural ireland
270319,secret experiment
267160,noise
324727,megalodon
335806,sports comedy
264118,brazil
293750,intergenerational trauma
161153,sing-along
227536,chibi
299325,half demon
327498,ramen noodles
369531,hidden secret
243818,carnage
167316,buddy cop
252797,elder
9675,prequel
225273,k-pop
34042,self-doubt
2723,medium
11722,male prostitution
167541,buddy comedy
379548,inspired by true events
252634,outer space
244256,near future
14544,robot
250593,horror anthology
286027,television star
10349,survival
256466,erotic
265587,queer horror
1422,boat
324713,whimsical
299714,save the world
309060,teen horror
13073,fear
303364,monster hunter
181053,troubled past
318770,family estrangement
357981,movie
268126,chemical weapons
7307,routine
160963,elderly couple
288697,bickering couple
299365,interdimensional travel
340171,android horror
33928,audition
238832,conversion therapy
1890,camping
256492,television journalist
325771,arrogant
318113,television host
335803,wholesome
377619,wholesome comedy
17997,housekeeper
158023,curiosity
173323,chocolate bar
181205,belgian
349947,human connection in film
18095,alternate version
244299,underpass
258533,gay theme
314171,faith and religion
312500,self-redemption
363691,mariage
333686,mezcla documental y ficción
251219,organization
172624,dream logic
214980,euro thriller
285884,policier
295696,polar
156174,occult
321593,smith college
322221,queer revenge
329554,k-pop group
322222,occult comedy
250802,mysterious lights
229328,female power
287322,nonagenarian
336995,kkk rally
197677,maharajah
313438,friend's wedding
193099,vintage
272553,psychological
316456,arc de triomphe
165042,kennedy family
3434,thailand
325788,conceited
11326,shaman
268845,"richmond, virginia"
325769,appreciative
277478,tv show
10093,priest
290492,supernatural ability
359731,wayfarer cinematic universe (wcu)
287333,robot companion
330491,trio
279480,veterans
365759,emotional conflict
371803,military duty
371805,combat scenes
373444,training grounds
373445,field operations
373446,patriotic duty
336035,gay vampire
240422,wonder
156326,drowned
342582,child exploitation
156866,based on short story
1523,obsession
186565,zombie apocalypse
272877,korean
250606,queer
848,double life
330552,cabin crew
250705,episodic movie
322359,pla contrapla
322360,upf
243819,consulate
370004,dubbed in english
360075,deceased mother
379665,red ribbon
370576,kosovo militia
371777,balkan conflict
371778,serbian forces
371779,tactical assault
371780,pristina airport
373307,yugoslavia conflict
373308,nato intervention
373309,post‑soviet era
373310,border checkpoint
373311,abandoned base
292212,illicit trade
378336,wiener staatsoper
254779,climate strike
382557,sósia
270813,clinical
305941,western
9717,based on comic
249749,pretending to be gay
210202,synth
258407,romani people
279542,children in danger
3616,college
324429,romantic
325778,bold
349983,animacion mexicana
240119,father son relationship
1228,1970s
282251,gay kiss
287274,lovecraftian
281135,olympic sport
206478,enthusiast
295907,psychological horror
275130,airplane passenger
354950,directorial debut
168277,around the world
316421,drama
333328,sport
298155,prison measures
255299,stabbed
377128,弟弟的妻子
377129,兄弟的妻子
240303,father daughter relationship
15001,demon
378757,cosmic mystery
10292,gore
195592,prosthetic leg
259371,ressurection
351770,demon summoning
217282,spy thriller
372132,emotional detachment
372133,troubled gambler
372134,enigmatic encounters
372135,chance and fate
372136,macau nightlife
372137,casino world
372138,asian metropolis
373312,luxury gambling halls
373313,waterfront city
361938,female obsession
368825,teaching assistant
368826,grad student
249964,mundial
266422,guerra malvinas
343002,argentina 78
344001,futbol
256183,supernatural horror
210660,miracle on ice
8015,cop
219877,failed romance
248499,elite squad
298602,korean reunification
211747,death of fiancé
281386,children's author
304303,confess feelings
363290,private equity
298374,old west
240485,brother sister relationship
244001,tesla coil
235150,mining company
6562,celebrity
254624,r&b artist
314409,casablanca records
258228,autonomia
266014,grassroots movement
309150,pugilistic
9712,possession
371003,extreme cold endurance
372817,frozen wilderness
372818,traumatized survivor
372819,moral choices
372820,tense atmosphere
374185,deadly terrain
282133,father and daughter
263959,vindictive
616,witch
191498,sports entertainment
301386,russo-ukrainian war
353864,hallmark
372217,constant danger
264927,physical challenge
18035,family
325777,bewildered
310184,international competition
367695,psychological pressure
208611,1950s
201864,hostile
322590,islamic terrorism
277006,fallen hero
247646,babies
325815,farcical
244303,blowout
230097,jesus christ
283261,cineminuto
343869,animación
230622,political struggle
208042,drug runner
323096,original net animation (ona)
192938,geology
326459,scientific theory
236650,music industry
347743,scientific exploration
293572,criminals
361116,past their prime
262709,jimmy carter
217001,nervousness
328430,retired teacher
282071,biblical
372131,moral decay
217316,family crisis
232556,mobile home
243959,brother brother relationship
204242,forced marriage
252639,post spanish civil war
251667,anxious
291004,kidnapped
315138,olympics
359231,gay character
287736,policial
325028,vr
252472,drug deal
208211,female pianist
324016,male female friendship
381091,championship match
272987,cornfield
260672,korea
295027,absent father
2754,trauma
350678,rogue valley
338308,student leader
375163,military raid
372056,personal struggle
372057,life‑changing decisions
330867,action point
9748,revenge
41329,mental illness
345513,biographical
4344,musical
210028,eurovision
345747,biographical documentary
278317,male teacher
15097,shark
276974,scammer
279115,horror western
359527,dc animated movie universe (dcamu)
255610,internet surveillance
268760,israeli mafia
290903,mass surveillance
261264,dreary
346704,distrust of police
210810,biscuits
360488,1820s
212023,forbidden sexuality
325800,disrespectful
306011,salem witch
264598,tv special
272705,deepfake
365561,business revival
339906,social exclusion
213763,sewing
239577,thread
324428,dystopian nightmare
245727,manifest destiny
325811,excited
284794,conman
299394,internet crime
273867,elderly woman
328532,love betrayal
331610,romance scam
252375,homophobic attack
345017,financial scam
247745,hopeless romantic
244679,thirty years' war (1618-1648)
277521,fake couple
230454,crayon
325378,moose
195348,african bush
336932,unnerving
352113,visceral tension
354241,doppleganger
360788,surreal terror
196759,house by the lake
245835,motorboat
240494,marine life
299838,tomb raiding
360489,lynchian
330618,chimera
345773,emotional drama
359305,reconnection
367980,generational powers
374033,energy manipulation
235164,spiritual community
247164,spiritual guide
258385,spiritual awareness
289330,ecological transition
300431,political reform
318011,income inequality
270709,zainichi
303628,muppets
244976,bootleg
325784,comforting
288996,nature and people
328438,resilience of nature
299017,broken man
363745,identity reconstruction
371415,emotional scars
372052,protective dogs
372053,animal loyalty
372054,animal empathy
372055,poetic darkness
373836,somber storytelling
224935,family conflicts
307904,feuding families
236418,oral tradition
288272,land
33637,super power
10085,betrayal
209304,drug testing
235895,grieving daughter
239525,immigrant life
194854,puppet-comedy
326297,former detective
328422,a teia
329631,death row inmate
372383,buried secrets
243248,elderly widow
266503,mother and daughter
259367,family elder
308993,cook
256178,payback
320386,political comedy
280617,student film
190491,family tension
240315,mother daughter relationship
372095,dangerous pursuit
316076,fraudster
272851,environmental documentary
263266,immigrants integration
268322,older lady
322628,handsome young man
325759,older person
334328,love and loss
264391,political persecution
337589,older
350412,elderly women
344152,life choices
304124,usos y costumbres
233169,symbiotic
325829,inflammatory
332041,entertaining
196522,information technology
176834,social media
325832,joyful
269484,female surfer
284176,animals & nature
250921,annihilation
6513,cartoon
337472,search for identity
159803,killing a dog
192521,animals in the city
329377,spyware
33871,tragic past
229006,tv pilot
267608,corrupt cop
250164,book writing
282253,cow
260872,america
193897,hard
373286,unreliable memories
373287,past resurfacing
373289,crime scene revisits
373292,fragmented recollections
7176,nitroglycerin
221078,old footage
351655,cine español
295210,san francesco
265806,human pet
221296,long term relationship
268809,ecological disaster
283712,national intelligence service (nis)
332782,colombian family
290660,son wukong
285310,animated wedding
250206,fall from height
288632,lost girl
262858,anti-colonialism
372397,identity confusion
244621,kid
259412,variety special
325775,awestruck
200705,trading post
281585,inspirational
282551,college dropout
332392,jungle survival
244724,nazi trials
255572,perfect life
279395,cosmic opera
351557,cosmic comedy
324058,gay couple
208876,creative process
252192,new hollywood
269950,hayes code
258138,plants
288081,global catastrophe
244233,battle of okinawa
232877,social anxiety
315517,16mm film
295818,ode
335414,lee miller
338183,vogue magazine
374034,european front
287461,fungi
334025,onlyfans
356759,porn
293538,"shenyang, china"
246961,civil unrest
249977,lake tahoe
372295,revenge journey
374286,dark journey
273507,anti-social behaviour
284619,thecall
225285,british cinema
325781,celebratory
275599,book
260733,vietnamese new year
361661,house sale
325069,"da nang, vietnam"
247279,procrastination
269679,loss of sister
264562,police murders
220800,time-manipulation
263725,bologna
246971,elizabethan england
372435,hidden danger
372436,innocent witnesses
372437,wrong place wrong time
372438,secrets behind the gates
374256,unexpected danger
374258,three friends
183728,sex tape
368549,berlinale forum
258259,radicalization
194413,intellectual disability
267122,sex
289211,pregnant
252067,nazi war criminal
252128,spanish republican
358286,sindh
5757,public television
341266,television personality
362190,mount mansfield
274909,recap
215540,aging superhero
193544,save the day
324537,friend
298655,palestine history
259351,children learning
322268,comedy
372956,moral struggle
239811,famous people
193696,concentration camp survivor
298877,palestinian resistance
227964,fake marriage
231401,college american football
371708,cartel violence
213773,science and technology
264908,cruel mother-in-law
285902,student
288883,evil toys
184343,quadriplegic
208798,trans woman
319457,killer toy
373399,cycle of violence
300685,ho chi minh
367887,violent confrontation
262228,observational documentary
193547,teachers and students
247883,spaceflight
208733,video art
356486,driven by revenge
302933,search and rescue
280999,history and legacy
356406,redemption arc
368930,ex criminal
240027,mice
208992,1960s
281741,nudity
377743,musical number
325847,scathing
373288,cold case investigation
208250,spanish second republic (1931-39)
307673,bodycam
308216,1850s
331913,based on viral tiktok
298758,life
373290,internal struggle
374257,fear escalation
11734,police corruption
287067,science
2526,human animal relationship
233637,wildcat
355789,ocelot
204277,pop group
294348,factual
308750,desperation
239463,film archives
229426,hanoi
305835,loss of parent
336633,figure study
214517,cave diving
283145,sentai
252502,german family
284868,piano player
349004,melancholia and loss
331069,vocaloid
227602,buffoon
321911,deduction
330335,analog film
5265,espionage
211779,bicycling
273392,detective comedy
251436,african american history
306784,physical training
326195,woman punches a woman
327906,coffee shop owner
235565,toxic waste
367990,military conflict
276533,autistic child
344271,drinker sai
301901,dating scam
4340,township
215479,bloodline
218890,salt
235168,contemporary dance
344041,spells
288816,lighthearted
352977,relación
222158,domestic care
239037,rape culture
355336,tv studio
238403,double date
361023,dink
161316,social documentary
254745,playback singer
308577,dartmouth
12546,character manipulation
266696,breaking free
285676,indie music
351657,recording an album
273294,1870s
269764,natural history museum
336235,wild geese
211713,super robot
339331,andrei tarkovsky
321959,lipsync
372198,life‑or‑death stakes
12320,transmigration
235797,dance film
242410,depraved
192737,debate team
256218,public art
262238,western art
206199,shinsengumi
291539,bandits
367982,expedition team
367991,chaotic world
367992,chinese action film
262505,murderous intentions
325422,unstoppable
325425,edge-of-your-seat
341414,freundschaft
368832,vergebung
368833,verlust
368834,geist
210947,lovelorn
215295,lovestory
296473,university student
381216,花束般的恋爱
240435,scientific experiment
377433,epic
267091,valley
364098,daze
174258,juvenile detention center
263815,colonial history
324886,bitter
358355,caribbean folklore
184119,cult music band
352719,former musician
355387,u-boat
371492,convoy attack
372519,submarine tension
372520,last‑chance mission
372521,military pressure
374071,torpedo assault
374072,deep‑sea tension
290430,belgian malinois
290431,baddi-flies
296452,ranger regiment
239260,road thriller
301326,counseling
332946,collapse
362896,rare condition
372839,rare medical condition
369935,tejbirbhardwaj
287355,strange sounds
257834,humans
358000,corto
245775,game night
279473,jews
246199,airborne attack
197056,meditative
253695,christian film
253397,emotional support animal
338628,crime comedy
221130,graveyard shift
350689,children
239553,fight club
299268,christmas carols
311916,band
338547,african american musician
209571,help line
307897,corrupt legal system
219404,action hero
12339,slasher
325424,fight for life
254630,occultism
378672,view askewniverse
327908,gay bar
346955,music band
244478,property
236274,military working dogs
325376,origin
312229,bakumatsu
345550,ishin shishi
325804,earnest
270871,behind the music
322767,brother and sister
298607,supernatural drama
257285,crowdfunded film
191388,sleep deprivation
297112,dark fiction
310491,older sister younger brother
301716,blood moon
267422,rural setting
253373,soldiers
338601,overcoming loss
251324,internet scam
348492,film history
372522,command hierarchy
380522,sci-fi
325423,terrorized
248022,paris suburb
246466,based on young adult novel
240477,submarine crew
281794,summer holidays
230479,lies
314216,time jump
286006,"bogota, colombia"
250809,romeo & juliet
224000,lgbt parenting
278706,satoshi
163656,gun violence
215507,flatmates
351881,physical transformation
350293,hoarder
191256,ray gun
214481,jetpack
294213,political mystery
351654,cine panameño
234957,celebrity interview
320894,soul hunter
274116,iranian regime
270236,opioid use disorder
234722,scottish highlands
325395,same sex parenthood
286925,affair
274288,interfaith
314730,suspenseful
179431,duringcreditsstinger
274918,air rescue
298930,old age
286793,fishing village
259578,hand gottes
263548,short film
251060,active shooter
208325,ancestry
252342,based on card game
247715,christian music
242389,sinhala
244783,sinhala cinema
356871,thisara imbulana
305021,1890s
319466,mesozoic
319471,tarbosaurus
263695,thievery
190329,innovation
243104,water crisis
243679,sanitation
301931,protecting the environment
314534,clean water
340236,technologies
340237,engineers
254615,accidental shooting
292203,haunting dreams
257474,bento
305093,woman in a man's world
779,martial arts
316372,insects
18393,congregation
288627,chabad
324297,college tour
327651,power lines
327631,four daughters
327632,chrysaor
327633,kaouther ben hania
325380,evil friend
336810,boundaries of friendship
170587,mysterious stranger
277665,miracles
292860,stepmother stepson relationship
195018,depose
369820,the gyeyu rebellion
309170,legendary
321435,searching
322536,in search of
366935,murder of spouse
338621,holiday miracles
264426,ciclismo
163512,retirement community
231172,horror mystery
303829,indian american
245102,mystery destination
353180,final destination
382896,brixton
303995,william tell
267659,grandmother grandson relationship
326020,middle age
209043,martial problems
361183,toronto
328094,cantor
328095,bat mitzvah
342334,overcoming difficulties
213851,galapagos islands
220362,investigative journalist
295388,desert town
234310,chinese zodiac signs
329136,dc animated universe (dcau)
285695,theater
250617,santa's elves
348023,based on documentary
232421,joseon dynasty (1392–1910)
211869,art exhibition
247674,estranged friend
257714,actor
284348,workplace harassment
214827,family problems
365784,faux documentary
290807,medieval times
220461,baby animal
247099,asexuality
305903,animal documentary
294280,scientists
285486,explosions
325596,passed over for promotion
269736,high school athlete
211706,mob family
171345,changing room
293198,fantasy
210239,furyo
241364,death of a loved one
362797,festival chéries chéris
340238,activists
318249,best friend's wedding
321490,historical documentary
251926,evil scientist
173643,russian history
367172,short movie
363441,end of life act
262325,brothers
254097,social prejudice
262144,teen pregnancy
245103,unresolved issues
237105,downward spiral
265586,stepmother stepdaughter relationship
168713,neo-western
171453,art history
274920,jewish
236072,mayoral candidate
337410,santa
287271,robots
317149,death of grandmother
270114,shot in lockdown
342549,21st century
371746,life‑changing mishaps
209220,live action and animation
294531,documentary film
319900,based on light novel
250680,apprenticeship
260012,black british
34059,dying father
163484,senior citizen
255665,death of friend
195405,indigenous community
378084,artificial intelligence
206645,narco
236282,mexican history
256400,mexican suburbs
298926,non violence
335648,feature film
344624,films
350067,cinema
229177,housing crisis
282996,street
284486,houselessness
290529,welder
320205,south florida
321406,ambitious
326596,polar opposites
371422,board of directors
371423,helping family
332469,elephant hero
353153,trance state
368647,on the brink of extinction
332189,anonymous sex
247912,british occupation
247913,connemara
256007,irish great potato famine (1845-52)
343637,british crimes
351157,ex policeman
6050,criticism and blame
243983,stolen dog
315210,making amends
326381,one day
337120,mother's undying love
207829,toyota
344472,"kent, england"
367067,toyota camry
168471,biracial
367068,impound
371421,female ceo
322594,favourite time
331273,neon lights
331516,female porn director
333369,the breed
325896,analfabetismo
370722,urban crime
372046,unexpected betrayal
365780,tomorrowverse (dc)
382721,psycological thriller
214902,hussite wars (1419-1434)
369792,estranged sisters
298549,urban fantasy
376864,age gap
341557,french animation
174109,documentary filmmaking
159315,mental health
299608,non-traditional casting
357461,aimless youth
210608,1990s
269769,based on tv series
253770,naval disaster
2251,lie
316491,twin separation
363485,pathological liar
308516,intimist
348098,vejez
362727,dialogue
156379,mojave
239754,hypnotic powers
359981,female frontal nudity
215326,air supply
320420,hilarious
234424,uninhabitable
248518,oxygen depletion
223043,skier
243769,army veteran
315792,robbery crew
321929,app
328071,petsitting
209871,monster under the bed
374448,multi-sports
365915,mysterious island
244934,couch
312719,furniture store
267788,major league baseball (mlb)
370642,espn
383155,hormiguero
283085,body horror
329401,restaurant manager
251793,sick boy
282150,1840s
210598,forensic archaeology
312814,bizarre
279883,quiz show
243437,magier
253310,individual worlds
6844,stalker
324404,wildlife documentary
359614,sharp
210958,communist china
242358,acid burning
330916,abusive stepmother
17363,house of horrors
312365,past history
288882,revenge horror
156434,artistic sex
240776,korean history
292983,"harbin, china"
239967,health crisis
352158,personal transformation
355782,radiology
340464,in your dreams
343585,great grandson
207864,building a house
316362,thriller
232395,bad weather
215160,13th century
234956,addiction recovery
299594,irish
321567,queer joy
329968,bisexual
347597,beards
363345,gay
365983,heteronormative
380332,straight passing
341148,perdida
238411,makai knight
270799,garo
256219,swissploitation
269860,women in prison
293485,samurai woman
304299,matterhorn
268882,sea serpent
242744,family killed
294628,1600s
248036,argentinean tango
328470,truco!
344435,self empowered woman
349928,emily harrington documentary
349929,female rock climber film
349931,everest summiter documentary
349932,women in rock climbing
349933,girl climber film
349934,climbing survival story
349936,risk and ambition in climbing
349937,female climber legacy
365544,extreme sport
264670,metafiction
325846,sardonic
328072,fight for survival
9715,superhero
207531,ambient
281762,mesmerizing
195469,first nations
225677,cosa nostra
230890,anti-mafia
255066,pentito
257562,omertá
257600,mafia trial
251666,slow
256556,late stage capitalism
245496,pre-war
282638,jews in hiding
316488,jewish child
214578,smart phone
215398,pinay
271115,elderly lgbt
246797,velveteen
11035,triathlon
321828,legal immigrant
256413,advertising campaign
256491,advertising model
275292,machine learning
285495,media addiction
287817,algorithm
298356,societal collapse
229296,social
255530,republic
267541,nursery school
349379,tagalog
211823,painter as artist
287961,balinese culture
326124,"bali, indonesia"
326125,wedding customs
316241,egotistical
372709,elite sniper mission
372710,field operative
372711,team collaboration
372713,law enforcement corruption
298310,juneteenth
239902,political documentary
326122,college graduation
325858,adhd
211655,computer in brain
264202,data
289128,personal data
329780,data privacy
343021,operating system
244648,wife swapping
256538,sex robot
362606,black robot
362608,technology satire
256117,last stage of cancer
342783,loving couple grow old together
349308,old memories
350173,dying with dignity
377456,commedia romantica
313335,tableau vivant
7707,detective story
350143,"van nuys, california"
315586,death in jail
191819,indian army
239145,relationship sabotage
365809,starling
197715,talk
229770,questions from the audience
302294,bounty
360934,tortured genius
229233,it professional
251336,new technology
259073,technological evolution
303470,digital technology
319639,make it happen
347744,history and technology
350151,humans and technology
255139,white lion
332656,missing mother
253376,new parents
254921,homicide investigation
4565,dystopia
310828,long-married couple
323744,tropical vacation
323745,caribbean resort
347951,indonesian romance
351714,emotional and touching
353151,collider
355243,struggle of love
285787,experimental
309949,workers
367039,chicago
217475,los angeles riots
354650,sports cyclist
371200,murder of daughter
227982,returning to roots
316148,nepotism
170711,toy maker
238565,toymaker
256025,growing pains
6984,racial segregation
157218,female sniper
208776,digital
8181,swimming pool
198968,social history
196017,power of love
234113,airplane pilot
245026,moving
326126,art gallery owner
245408,companion piece
341242,surreal psychological drama
236987,trial witness
258056,arctic wildlife
258841,gift
158718,lgbt
248870,memories
10617,disaster
362605,fight scene
280687,mumbai
192790,combat sports
271944,serene
372352,tactical infiltration
2887,manipulation
321827,foreign country
315052,daughter's wedding
257328,competitive
287648,cerebral
256404,latin americans
155587,mature
308702,murder victim
233934,after disaster
301420,smartphone
337751,dramatization
257630,mafia war
191970,italian history
369039,showbiz
372712,military thriller
206353,live show
318933,based on web novel
218174,social isolation
206923,jewish refugee
319851,jewish community
251362,animal life
164829,cousin relationship
7464,alcoholism
12377,zombie
252105,animal behaviour
333977,ghosts
295389,female bounty hunter
245769,jewish history
252204,revenge thriller
251523,idol group
272740,friends reunion
193415,testify
249840,pc gaming
324087,pc games
338903,gamer documentary
376547,xabi alonso
366067,family animation
258213,chị chị em em
188745,new town
204905,talking fish
317964,cheer up
286237,texas city
197879,last call
248301,song
360585,french singer
246160,experimental narrative
262522,non linear
163395,infestation
211227,high fantasy
5708,gospel
305852,werner herzog
287664,idol
328657,clip
233250,suburban angst
239660,home movies
241444,canadian youth
245701,youth comedy
288832,burlington
6075,sports
179178,milf
243608,abused woman
209131,humanoid
318206,musical performance
363610,singaporean
257878,planet neptune
155214,twink
253995,heterosexual
291549,magic school
355881,gay icon
367506,queer animation
376382,lgtbiq+
206185,sovereignty
353522,sovereign citizen
235256,green zone
235257,highway of death
323645,gilded cage
270989,pierde turno
292465,laura contreras
292466,jose estella
335582,golden gate park
211271,neaderthal
328575,dreamy
248907,friendzone
360286,bicyclist
370621,raleigh
370622,"raleigh, north carolina"
374037,remote cabin
374038,ominous silence
374039,occult ritual
374041,mind distortion
374042,unreliable reality
374043,emotional rupture
374044,shared guilt
244984,pool
292334,teenage friendship
325768,apologetic
269766,high school band
248810,edward snowden
5815,german-polish border
191344,habsburger
206708,forces of nature
224622,tectonic plates
239356,scientist heroine
325314,parkinson
325315,elena
325316,mutter tochter
378307,college romance
382243,historical drama / biopic
197773,lullaby
225600,stylist
212381,bolero
226621,fatal
208851,doubts
352756,playboy father
246377,music documentary
292623,bullshark
339193,contemporary christian music
172415,stapler
232345,botched rescue
319783,snow atmosphere
342446,arctic survival
342448,eating raw fish
323572,unlikeable protagonist
287936,forgetful fire
157265,moon colony
342857,found footage horror
325803,dubious
9673,love
275935,celebrities
6593,stripper
253239,female singers
309974,absurd
260089,space walk
374040,ancestral curse
164120,rock singer
281177,german history
346440,conspiracy theories
260134,artistic legacy
297139,absurdist humor
281237,independent film
315058,horror
293503,voice
246361,adulthood
254167,loving
266245,movie producer
251246,coachella
237462,wealthy family
308983,christmas wish
350361,stepmother stepson incest
196975,supernatural phenomena
325827,impartial
249236,tech investor
332528,tribeca
10541,curse
198299,live music
194610,variety show
222792,grooming
232738,online relationship
281205,podcast
239155,planet earth
221776,haunted hospital
287249,trip
359116,music live
294261,family obligations
365923,found footage adjacent
293336,experimental film
314517,high octane
258612,poetic tale
6964,tribute
222216,based on visual novel
268140,religious
324094,live musical performance
325892,science documentary
368734,supernatural presence
264784,personal relationships
244067,swapping couple
325795,dignified
281445,pathetic
339760,mysterious illness
242244,caveman
158628,foreign language adaptation
287945,repairing family connections
250196,space time
349105,interstellar
321508,assassins
368818,celebrity hall pass
368819,getting even
368820,tinseltown
368821,paparazzo
302443,female orgasm
363763,newly engaged
248957,portrait of a filmmaker
329273,truck racing
215403,shooting spree
233769,far right
246899,summer camp island
279361,shared taxi
323950,styx
186765,koryo-saram
188633,russian music
210755,popular festivity
258135,"vitoria-gasteiz, spain"
273296,orphan train
296918,fear of change
367877,parasitic infection
367878,deep‑sea creature
367879,crew survival
367880,scientist protagonist
367881,nautical horror
373674,fishing trawler
308408,unfinished business
234462,alpaca
251524,secluded house
375719,lovecraftian horror
323097,sandwich generation
335160,eid al-fitr
285693,berkshire
366688,unpopular heroine
366689,outsider romance
366690,beauty vs judgment
366691,public gaze
366692,quiet resilience
366693,love against odds
366694,fate and misunderstanding
366695,fragile happiness
366696,eccentric ally
234063,soldiers on the run
263029,hidden gold
349021,deserter
371790,war treasure
373328,forest hideouts
373329,stylized violence
258933,in vitro fertilization
212872,fixer
299361,sport legend
327719,tennis documentary
231652,event planner
215959,cosmic horror
251744,international arbitration
287482,international trade
298024,local perspective
322799,conflict zone
352087,geopolitical conflict
358037,local legacy
155691,erotic vignettes
288168,gundam
345182,celtic
308814,autofiction
262235,hiv/aids epidemic
315207,los angeles lakers
334592,game footage
341101,tv personality
368725,spiraling
293381,memory manipulation
318730,live concert
326714,horror in forest
367731,creature in the woods
367733,suburban horror
367734,hidden threat
238066,middleman
371494,secret dealings
371495,secret network
372398,shadow operatives
359782,maddock horror comedy universe (mhcu)
193697,shock
216981,revelations
328563,hilarity
328567,astonishment
239258,mass killing
255438,environmental catastrophe
259583,original video animation (ova)
324812,creative director
273452,technical
269735,ice skater
198638,band leader
217042,benefit concert
247857,farewell concert
253350,tribute concert
281397,footage
328770,freddie mercury
332746,wembley
207150,bloopers
285209,true cinema
174363,greek island
311632,estranged grandparent
316611,abba
208212,survivalism
365374,teen
217513,truffles
287803,experimental cinema
247733,long lost love
211452,international crime
353496,award winner
372700,nazi pursuit
356139,animal trafficking
328540,humor
312664,avoidant
307476,harvey weinstein
257081,traumatized man
303954,art documentary
251600,afdeling q
359112,first born
208571,family issues
304615,music concert
231544,uber
342125,concert footage
367732,evil neighbor
267682,pro-life
220087,team building
372563,constant tension
293016,melodrama
278125,young sisters
295694,drug addict
282080,documentary
254610,musical journey
366075,co-workers
348585,basketball documentary
230319,celebrity couple
232100,sports star
379714,langue des signes
286995,fiction
371789,occupied germany
262703,dog training
229447,overcoming fears
3640,work
236508,summertime
361512,local community
360069,male protagonists
208152,pets
326809,woman politician
268830,life and career
269674,emotional healing
243784,young priest
250508,deathbed confession
251154,interfaith marriage
336514,summer break
339616,"shreveport, louisiana"
284103,theatre
240132,non-verbal
254251,perserverance
292634,visions
269412,poetic documentary
240241,magpies
252696,8th century
295029,ancient china
275600,bro
249121,gangsta rap
270427,clowns
220219,hula hoop
228992,oligarchy
320984,chat gpt
359937,tech bro
245943,ingmar bergman
296366,dante's inferno
358829,judecca
286189,teenage
342640,dragons
225114,male impersonator
240252,escape room
211365,gun culture
342057,chronically online
368137,extreme act of violence
369355,emotional distance
375592,performative identity
372355,family captivity
372356,psychological detachment
372357,emotional void
372358,parents under threat
372359,manipulative behavior
279599,rainbow coalition
240275,loss of family
233773,period  of adjustment
313073,negative thinking
230544,delaware
298721,women
263305,fireman
339258,documentary portrait
328337,magia
383767,tamariz
235057,crooked banker
353418,jam
327378,saddam hussein
313072,grieving family
239561,school love
312313,japanese junior high schooler
262989,live cinema
314315,filming
325286,film remake
333113,film inside film
338604,long take
351501,actors
277237,independent woman
242239,unrest
324072,ethnicity
350228,religion issue
350229,race and inter-group relations
350232,bukit duri jakarta
350233,sensitive issue
350480,suspenful
350539,message of humanity
256570,abused child
275037,fire accident
277705,army medic
295732,decisions
281331,extinct animals
251543,heritage
372485,military mission
372486,wartime logistics
372487,female leadership
372488,historical recognition
373553,female battalion
373554,emotional narrative
373555,mail sorting
209702,repatriation
246203,wise guy
249566,anarchic
249762,off-kilter
318482,chaebol
360382,feliz7play
374719,peso
376007,a volta
376008,pasado
199932,secret project
376642,alien intelligence
376643,tech billionaire
376644,cosmic anomaly
376645,isolated facility
376646,apocalyptic threat
286928,inoculation
250089,synthetic
250090,neuro-scientist
372072,criminal tension
372096,failed heist
373952,vehicle stunts
334339,oak tree
222944,ancient peru
324284,war drama
220655,ocean rig
293244,bowie
267981,physical therapy
209503,dolomites
236429,locked room mystery
247567,literature teacher
215490,family establishment
181958,starving
212594,talking to one's dead wife
257806,renewable energy
11663,camp
233163,internal conflict
333233,low-budget horror
246862,teenage angst
261053,human dignity
245446,film crew
256328,2030s
336928,english musician
208349,kids
273612,casino heist
253979,repressed sexuality
353056,artistic process
219365,dead son
194849,"valencia, spain"
197016,social conflict
359574,gay's icon
238227,dead wife
302127,famous song
330493,crypto
11578,mobster
217903,periods
223738,warring states period
294543,pranks
244886,love story
251618,7th century
266927,girlhood
334703,gen z
221062,bolshoi ballet
164022,machinima
248714,music film
204959,grieving parents
237778,competitiveness
238508,environmental issues
211431,mortality
204058,fitting in
233484,internet troll
275157,homosexuality
219440,bitcoin
326201,axe
304328,life coach
230566,boy meets girl
241662,human vampire relationship
269365,reluctant vampire
311947,revenge for bullying
322627,take revenge
260780,mobile app
292758,baby gorilla
215119,dating show
206647,female archeologist
157168,ice skating
367753,deadly secrets
373874,bespoke tailoring shop
373875,mob confrontation
263851,french canadian
240367,traditional family
238077,guardianship
337701,gay men
363705,indian family
354492,christian camp
290035,pregnancy from rape
211514,pop rock
255600,ceramics
264386,lesbian
280879,indian wedding
359597,90s style
360933,artistic identity
321964,gold heist
358675,babysitting
282843,railway
238585,utøya
239760,jewish legend
334381,independant
347512,film d'auteur
280275,sunsets
319913,disappearing
326945,sueño
329597,padre e hija
243926,losing a job
280607,three generations
314167,poesia
208745,vacation home
280957,demonology
240847,social & cultural documentary
263519,cultural change
375339,mixed-reality
375493,animated
274507,holidays
328035,working toward job promotion
246657,musical history
287109,breaking in
306291,school heist
319388,changing grades
319389,bad grade
11691,puppetry
211181,bio-engineered cyborg
221390,jd salinger
259770,itaewon
349481,religious mother
185158,preparatory school
310447,mine tunnel
356009,rock band startup
253174,cinefile
320891,traveling couple
230851,christmas songs
11716,clinic
191037,women's health
211740,medical clinic
221195,abortion clinic
264484,pro life
323807,anti abortion
262142,multigenerational
338016,palestinian territories
239533,route
332138,haunted road
315813,catalan cinema
275369,call of the void
307816,featurefilm
233488,deadpan comedy
252606,russian invasion of ukraine (2022)
274951,movie theater
304250,working class people
175387,communicating with the dead
372830,arctic mission
372832,soviet supply convoy
372833,enemy attacks
372836,convoy crew
372837,team resilience
372838,moral duty
374191,naval escort
374193,enemy bombardment
322914,mild racism
264888,warhammer
231099,religious propaganda
258625,women's sports
328417,motivational
176342,burning corpse
208524,murdered cop
312008,teenage sister
11723,rogue cop
269189,police misconduct
372475,community pressure
372641,power imbalance
372644,money seizure
374160,explosive tension
374161,lone fighter
370680,power games
370681,illegal diamond trade
372413,violent retaliation
363174,355
208158,dreadful
238405,exotic animals
181112,secret past
223191,pied piper
9181,alter ego
306007,social drama
282828,stalked by a killer
239390,human experiment
292560,hidden cache
292561,headstrong son
292562,hell unleashed
292563,old west legend
292564,branded gang
248887,krokodyle
244043,celestial
234200,mystical world
324802,red warrior
326009,sperm whale
303122,lost souls
335571,magical door
335574,mysterious london firm
295192,swords duel
245240,magic ritual
249992,college basketball
333625,eggs
348191,enterpreneur woman
248911,armistice day
230977,"the troubles (north ireland, 1966-98)"
220721,university town
378705,the machineeeeeeeee
223612,improbable friendship
375580,out of this world
377471,czech fantasy
377473,european fantasy
235736,film director
12995,historical fiction
195668,seinen
253562,boy girl relationship
207268,neo-noir
267761,inter-korean relations
244530,malicious
293851,inner conflict
236789,consent
320498,cartoon snake
330736,rousing
271378,investigative
260090,anzac
260091,historical battle
252962,stake out
292360,sicilian family
246926,film within a film
329890,creativity
278990,new orleans saints
353801,horror fantasy
264186,kitchen
251352,ufo crash
284363,female alien
247548,self hatred
277388,the last hero
332774,cia agent
323678,gay  hardcore
346515,ipossessed
346708,carl rimi
252875,daughter–in–law father–in–law relationship
275447,pineal gland
372826,unreliable witness
372827,neighborhood mystery
372828,retired security guard
374187,misleading clues
272789,mysteries
235006,"almería, spain"
270198,baby box
373323,dual manhunt
373324,terrorist pursuit
373325,safehouse hideout
373326,fast‑paced chases
318357,asteriod
367873,sci‑fi drama
372907,communication struggle
372909,planet exploration
373060,space survival drama
373061,interstellar danger
373062,crew under pressure
373064,isolated spaceship
373065,unknown planet surface
373066,orbital trajectory
373067,futuristic setting
217348,scent
299509,hyperosmia
235732,swedish family
302135,new delhi india
229756,filmed play
319346,ancient ruins
362403,charles de gaulle
210624,climate observatory
234765,semi-biographical
251364,animal evolution
246990,living off the grid
299703,not too distant future
276162,stand-up comedian
365777,david attenborough
199072,suspended cop
263344,cancer victim
321258,fight against cancer
234630,cruise liner
329592,queen mary
241261,jurassic coast
224816,børnefilm
235476,u.s. ambassador
249118,democratic republic of the congo
268191,dwight d eisenhower
336976,u.n. secretary general
338012,congo war
347315,cia crimes
347321,operation gladio
347337,nato operation
347352,u.n. general assembly
194507,behavior modification
230480,usa election
232124,big data
338973,myanmar
331235,medical condition
248757,oceans rescue
221798,biological agriculture
237406,animal agriculture
228486,anaesthesia
254010,murder for hire
228924,gifted children
271906,mysterious world
229706,sex with a minor
249686,russian folklore
249687,summer house
249688,flooded
239663,treasure heist
234868,subconscious
338644,quid pro quo
339962,musical drama
282244,musical adaptation
202334,mankind forced underground
237347,underground city
254145,frozen earth
254146,dying sun
319684,fashion film
242164,scientific research
199965,atmosphere
335374,alcoholic husband
224393,computer programmer
225984,bachelor party
241368,mid-life crisis
266698,kyodai hero
275211,cuisine
11067,vishnu
298964,content creators
372510,hidden connections
254675,abbey
269367,indie horror
360477,tokyo joshi pro-wrestling
318449,comical
378495,kitazawa town hall
246911,finance
305028,religion and spirituality
372376,disturbing events
372377,enigmatic woman
281450,ultraman
372378,suspicious locals
254147,giant engine
298724,survivor
254148,global government
238059,gay erotica
374035,desert motel
291531,henshin heroes
339522,cia officer or operative
210512,future vision
274947,climate emergency
217104,male egos
271429,bosnia
374036,troubled couple
303672,missing girl
182347,secluded cabin
372724,rogue operative
257318,threatened ecosystem
157533,body bag
344511,fatherless
363759,meta narrative
301117,kink
290663,case
288027,family story
227624,other world
299723,end of life
240075,underwater life
221376,folk lore
226974,dorset
247510,oceans
267111,vision of the future
243693,dark forest
256402,outdoors
266864,goatman
266883,witness account
284946,cops
294071,providence
244011,online harassment
211513,dance-pop
171235,pot head
364663,high-functioning autism
364664,french class
308158,comfort
342059,letting go
214488,injured horse
191095,serenity
264342,proxy battle
376701,confetti
242295,alien abomination
367692,military past
367694,broken protagonist
206228,cold weather
258394,sami people
254028,climate breakdown
333319,acid rain
324868,girl twins
294012,love comedy
245497,guerilla
354997,documentary films
322204,kids speaking
356951,studying abroad
254006,paraná
317800,dinheiro
322567,curitiba
336966,gato
371591,curta metragem
380232,apartamento
263694,evil villain
251272,disavowed
6644,riding instructor
361832,widow with daughter
363522,adult child
266866,cryptid
242425,inclusion
249652,residents
373073,social sector
2570,rock star
299576,skilled killer
382613,sociopath female lead
382658,psycho female lead
382659,pretending
382660,child experiment
382661,overpowered female lead
289476,lesbian kiss
304449,rob zombie
160831,vicar
235847,psychological terror
318856,olives
281283,genderfluid
336863,motor sports
246884,filmed theater
318615,war poet
295993,處處藍天
295994,天空無處不在
283833,cartoon insect
262632,abandon ship
371556,tyrrhenian sea
196291,"gary, indiana"
334896,an errand
2505,coronation
353420,lead guitarist
237928,adult children
365205,rolex
204351,hot spring
240773,animal mask
265347,bread
242595,nagano
333454,snowy mountains
215498,straight relationship
291813,luxury brothel
223190,oilman
319301,tlaloc
224913,international space station (iss)
219789,holding breath under water
217420,repetition
292659,animal whisperer
250461,supernatural being
256736,latin america
328792,father's wedding
255652,history of mankind
239324,invisible monster
296728,bizarre creatures
328324,talking creatures
274141,marital conflict
232234,sheep ranch
302032,sex ring
302193,high school coach
249751,tram
314219,gang of robbers
335054,god warrior
259540,fantastic realism
283172,internet romance
295448,lebanon
225356,epic fights
239182,maggots
252296,skeleton costume
252297,regression therapy
255190,artistic rivalry
249237,interpersonal relationships
255622,sharksploitation
248841,japanese
11858,red
192831,human behavior
350360,brother sister incest
327615,science experiment
230318,live theatre
269770,spanish cinema
251872,estranged family
361172,new girlfriend
269680,loss of parents
267461,happy ending
310315,travel documentary
237451,isekai
301096,direct
310314,troubled relationships
269666,based on podcast
382291,immersive film
353178,distant father
259174,skinwalker
271390,yi sun-sin
326422,imjin war
382292,vr film
317481,star
225207,physical immortality
239122,creepypasta
270073,caregiver patient relationship
305613,cancel culture
266867,mimic
296789,chasing dreams
297927,shanghai
223215,racial profiling
226769,paranoid thriller
255834,rural life
321210,dry humor
206673,psychotic villain
190076,secret relationship
334841,musical proshot
363438,central coast
363439,cambria
363440,eola
251197,hannibal
261214,"raqqa, syria"
260730,prison gang
258973,mother son estrangement
325851,straightforward
311259,split screen
338444,bodega
352292,abuela
369593,demolition countdown
369594,rival gangs
369595,explosive showdown
372259,criminal pursuit
372539,high‑risk confrontation
372540,desperate alliances
372541,physical combat
374137,survival action
3987,flying horse
381420,2021 luca
269429,mormonism
313930,religious rhetoric
229626,handcrafted
239899,oaxaca
318498,cuec
207729,unexplained
220099,numerology
225507,geocache
232101,anti-gravity
309010,hidden clues
315624,pythagoras
360475,handicapped athlete
302371,contemporary historical setting
331417,historical events
309427,antebellum south
312385,grist mill
375769,supernatural curse
378007,middle english
237667,downton abbey
267115,缉毒
272233,escalade
307663,mountain pioneer
345644,universal monsters
240818,service
322235,rockclimbing
251624,animal control
380487,t-rex
382214,prehistoric
382215,dead sound
299454,passing for white
228695,east asia
286171,ida red
347856,gothic fantasy
372626,pow camp
372627,forced combat
372628,captured pilot
372629,japanese officers
372630,martial arts skills
372631,resistance spirit
374158,fear manipulation
167737,losing money
201057,transfer student
361414,unexpected friendship
366290,investigative thriller
371824,tupac shakur
371825,notorious b.i.g
373468,evidence suppression
288660,academic cheating
226161,erotic massage
292946,parental love
279348,show reel
279822,minimalist
274928,slight romance
229717,trick or treat
246017,television special
286185,suicide of husband
315302,comedic
202093,retaliation
250582,military aviation
222893,isareli
252759,taking responsibility
257142,yom kippur war
280575,henry kissinger
323015,golda meir
323074,ceasefire
344706,arab-israeli conflict
350980,israeli prime minister
356996,secret agents
305126,aquatic threat
360817,שפע יששכר
360818,סופרמרקט
360819,יבנה
155225,theme song
249732,subliminal message
275347,female killer
352435,search for happiness
267083,historical memory
216923,perseverance
274297,defense lawyer
262404,extreme violence
310115,religious themes
295282,charming
192416,nuclear accidents
229679,psychiatric treatment
234571,india pakistan border
272256,military pilots
196767,mind possession
224106,series finale
275172,sharks
2393,adoption
244663,time skip
223550,ufo sighting
282692,air crash
251165,sexual discovery
295776,student debt
215493,armed conflict
12449,sparrow
299885,unam
229074,josei
330317,indian air force
330321,india pakistan conflict
261656,nuclear disaster
242921,rap
323756,holiday horror
252593,state terrorism
286664,mind parasite
274277,news footage
281588,traditional values
228947,hollywood hills
381412,visto
247821,gay youth
282601,sorority girls
238752,lake house
303466,great east japan earthquake
349239,disaster aftermath
273297,grandmother granddaughter relationship
190675,black history
349938,breaking barriers in rock climbing
300554,solo climbing
250816,pet owner
281072,multi generational
259213,scrooge
243186,large family
312038,convenience store
8743,streetball
257890,friendship between women
240764,possessed doll
287033,american history
295738,school bullying
298528,political drama
191111,syria
282633,history
198136,cosmonaut
284331,security camera
276014,historical comedy
359931,loss of a parent
374008,fugitive life
374009,escape journey
374010,revenge threat
310787,lone outlaw
240242,birds
279729,revenge slasher
301855,salvadoran civil war
301856,rebel radio
301857,underground radio
239077,past due rent
245597,stoner movie
298451,galveston
358787,young adult romance
344690,art forger
366185,unfinished work
314934,korean canadian
372161,unexpected twists
221719,drone operators
273868,widower with daughter
247901,suzzanna
180075,female executive
239377,obsessed with a woman
355800,successful woman
375527,scorned lover
293656,casbah alger
320760,algerian sahara
350581,andré ravéreau
350582,m'zab architecture
350583,algerian architecture
350584,ghardaïa
350585,vernacular architecture
267733,urss
324873,israeli war crimes
368601,international travel
373318,contract disputes
373862,game licensing
373863,intellectual property rights
373864,soviet bureaucracy
373865,kgb surveillance
339408,imposter
339404,palestinian genocide
200844,hunting lodge
235671,gender equality
287622,systemic corruption
311118,accountability
245377,animal mutilation
295165,kiff
223506,murder charge
218166,futurism
299205,metropolitan
215568,small business
220702,business expansion
255568,news business
311787,food business
316371,business and economy
355372,crime thriller
299996,aotearoa
333408,extrajudicial killing
269515,hermit crab
241403,indonesian
350167,anthropomorphic shoe
228761,animal sacrifice
287097,pagan cult
228166,11th century
232241,death of a salesman
243509,suspicious behavior
264911,aquatic
205296,porto
210261,unintentional comedy
324216,small business owner
292771,long walk
353012,anemoia
372306,hidden motives
330548,bluebeard
286368,ivf treatment
282758,spies
235369,trouble at school
333357,arachnid
353541,government propaganda
236242,andaman
367552,north sentinel island
255219,senior high school students
363754,ntsb
2067,kitsch
231989,monochrome noir
307144,diabolik
280115,devastating
328636,crimes against civilians
354876,colonial genocide
358280,hind rajab
243302,insult comedy
259791,creature attack
259792,trying to avoid making noise
373822,arizona desert
374026,danger escalation
309823,nathan fielder
383113,3 years
383462,lance oppenheim
383463,elizabeth holmes
383464,theranos
244422,ancient prophecy
244423,foretold
248087,led zeppelin
242110,woman centric
235496,christian missionary
240958,autistic
237438,mine worker
247160,post soviet union
278837,phrogging
282174,winnie the pooh
249832,high school drop out
239413,false imprisonment
185454,us military
278247,powerful woman
254747,"louisville, ky"
293547,djazair
252909,non-binary
8079,"cornwall, england"
344687,famous painting
315385,lesbian love
292792,experimental surrealism
206835,deadly creature
254516,north korean defector
239687,fake news
272627,north korean
325743,vacation gone wrong
2504,world war i
182240,telemarketer
304283,life after personal tragedy
292163,suspect husband
226766,roommate issues
278730,bittersweet
294205,war documentary
239719,rescue at sea
261734,north korea
349608,human rights violations
244944,criminal empire
252330,"hokkaido, japan"
182242,telemarketing
197062,anomaly
275377,gaza
339405,gaza massacres
284235,holiday romance
237771,childhood innocence
324434,korean culture
252051,abandoned child
196034,vladimir putin
233974,russia
287619,youtuber
214532,school club
344584,bukatsu
251576,pigs
376268,memória
226425,mass shooting
158642,long lost relative
232358,dedicated
257224,dark web
371090,buried money
372351,criminal retaliation
372536,parole release
372537,manhunt tension
372538,double‑cross risks
374127,retired sheriff
374128,crime crew
209241,gang initiation
231501,female photographer
334045,burnt-out car
253264,car seller
312903,south asian family
191266,sterilization
282261,stillbirth
251614,"kingdom of goguryeo, korea"
251615,"tang dinasty, china"
251616,stronghold
267019,mourning ritual
337829,biblical scholar
308893,salvatore ferragamo
194469,harriet tubman
209430,underground railroad
360615,harbour
297793,record store
371585,autistic brother
371586,high‑risk operation
371587,underworld conflict
371588,unexpected hero
373472,forced involvement
373473,threat escalation
373474,targeted pursuit
373475,industrial districts
211599,dance practice
223069,challenge for change
312654,renewal
190902,hatchery
230285,vegetable farm
309328,documentary short
292026,korean food
322248,korean immigrant
244429,body dysmorphia
357090,influencer
211510,skate punk
353179,teen smoking
363266,wayward teens
275933,norwegian comedy
284328,astronaut training
228102,twisted love
381439,da vedere
382890,assassinato
382891,tratamento
340437,azrael
191833,göteborg
209704,shinto
269083,shintoism
381116,hyper misao produce ~hype!~
383871,kanda myōjin
367278,inauguration
299085,civil rights march on washington
233297,newspaper correspondent
267804,sex life
324620,miranda rights
324621,rape trial
383697,rideshare driver
286926,folk tale
240301,drug parties
327065,semi-erect penis
272061,religious conversation
368118,amazon forest
283426,communist regime
349311,квартал
191915,trans-siberian railway
335141,catholic school for boys
342800,social drinking
368148,toxic masculinity
219865,auckland
276609,psicose
288135,relacionamentos
250587,science fact
298578,colony sci-fi
4066,windmill
169571,water for life
239529,ingenuity
318538,the ingenious one
231197,drama school
376986,school politics
345093,female masturbation
368992,shakespeare
281345,treasure island
240515,christmas magic
324949,blacksanta
372322,criminal rivalry
235668,human extinction
323755,fiesta
335623,validación
335624,ex novia
236427,presidency
185455,latter day saints
266794,nicktoon
267356,school massacre
223685,k9
322607,religious extremism
320555,student council
367764,domestic tension
230591,cast and crew
319649,le meilleur
352816,fundamentalism
372353,dangerous criminals
372354,armed intruders
224309,drag show
246743,pop band
312677,existential crisis
371826,spiral of violence
180825,teenage gang
352721,inter-floor noise
254781,climate change activism
367398,controversial
276164,pseudo-documentary
256356,social comedy
242541,local legend
329866,supernatural thriller
270088,2060s
255668,personal journey
255632,latino
325831,instructive
256908,ghost child
285623,loss of husband
348399,bare chested male
325223,gay teenager
274584,norwegian history
258962,medieval france
282600,girl
192471,orchestra conductor
233517,moral crisis
250187,chinese invasion of korea
254834,black community
166926,dog show
159138,death of son
249590,struggle for independence
195355,tourists in peril
247882,resilience
195013,costume drama
275204,brazilian folklore
295124,young girl
326222,human connection
14893,art
226499,manhunt
364503,raagu kethu
373596,the kamenrider chronicle
325992,slasher killer
338102,indie slasher
229959,crime fiction writer
181108,spiked drink
217510,club music
262044,punch bowl
294144,ships
322513,boats
251947,child friendly
335442,sight impaired
309092,night terrors
374842,jakobsweg
222342,whitewater river rafting
213903,girl biker
355837,aspiring filmmaker
256427,bulgarian history
242829,night school
354464,russo-ukrainian conflict
287081,studying nature
293467,indian forest
301130,behavioral evolution
321789,bengal tiger
328628,tiger facts
329630,save the tigers
372266,memory deterioration
372267,inevitable downfall
372269,cognitive decline
372271,man under pressure
373993,fading identity
373994,last mission
373995,family redemption
195887,lynx
382662,mythical beings
382664,homoerotic subtext
270708,hate speech
293423,amateur
339793,no
359063,ihnmaims
359064,i have no mouth and i must scream
359066,amador
359067,iniciante
359068,odio
359069,monologo
213891,abstract
250815,sensorial
248309,performative
307414,induction ceremony
363155,witchy
257360,polar expedition
315472,mountain expedition
316618,extreme travel
343320,south atlantic
274024,miserable
311548,cantankerous
322005,estranged aunt
336818,dying aunt
333489,red flag
282678,pro wrestler
220566,english nobility
264812,cousin marriage
322075,servant heiress relationship
359105,period comedy
363135,mockery humor
345081,abused as a child
353924,living together
374634,duologue
331504,walvis
227426,media criticism
333234,thrift store
379376,performative male
267652,abandoned hospital
283006,disapproving parent
323742,construction company owner
323743,fiasco
272599,black horror
213971,activism
214579,rekindle
322408,pregnancy horror
325527,amityville
357222,amityville horror
296754,hate
264551,child sexual abuse
324881,broken trust
310391,tropical resort
372268,aging hitman
286227,comedy of errors
782,assassin
6876,vacation
336819,contentious relationship
240237,mother son relationship
256260,plastic pollution
333928,holiday comedy
255406,graduation party
297677,animals family
239713,volcanic island
311889,cafe owner
238336,clueless husband
234556,traditional dancer
241928,horror game
211471,annoying
358585,futuro distópico
298934,missing
196068,swordswoman
372270,fractured family
275684,partying
215853,abstract art
282732,abstract cinema
303983,frustration
303913,fake dating
346773,dream
207503,heidi
213225,basketball coach
244644,handicapped
270677,costume
273153,swords
243749,abuse survivor
378334,bible verse
314593,woman spy
208789,family argument
314556,brother sister estrangement
286133,memory eraser
372196,physical endurance
372199,lost hiker
372200,difficult descent
372201,psychological struggle
373971,mountain wilderness
373972,winter expedition
373973,inner turmoil
196319,horticulture
276997,cookery
293716,planting
307146,apple orchard
313059,simple life
381616,quiet life
295752,romanian immigrant
330859,romanian family
336519,religious family
208830,jim henson
288332,sesame street
297542,female rivalry
243992,all hallows eve
307113,samhain
338240,costumed killer
338243,pumpkin festival
338244,jack-o-lanterns
338245,ritual killer
338246,final girls
197471,teacher crush
355464,teenage lesbian romance
319788,new start
337461,ancient grave
337462,grieving couple
281449,guanajuato
285004,puruagua
285005,isoard
300091,princess diana
186811,nine lives
250914,terry pratchett
309269,discworld
206867,microbiology
232571,enclosed space
283882,attack on civilians
301836,girl vs. shark
301837,girl vs shark
301838,shark water
301839,blow up
208458,trafficking
293141,cumbria
294154,barrow-in-furness
198539,hunted like animals
274115,animal transformation
280044,violence against animals
293303,isolated society
323982,search for wife
331552,charming romances and delightful chemistry
172411,assistant manager
224339,career resurrection
279433,street smarts
315228,innovator
169573,stone
250986,mineral
279600,white snake
6663,hunting accident
264326,mischief
253997,acting lesson
251978,male sexuality
254742,musical duo
268158,pop music duo
205335,jiu-jitsu
323684,murder of husband
278624,old people
245702,female magician
280543,psychic force
298499,pyrokinesis
215721,mogadishu
206232,cameroon
180546,norfolk
341709,swapping partners
281133,top college rivals
283461,rivals to lovers
288423,academic
221561,psychotropic drugs
305459,christmastime
364718,lost in wilderness
238374,reverse harem
347667,otome game
356003,patriotic
230416,big tits
251830,secret investigation
352580,cop partners
11930,drone
361445,human stories
249739,to remember
217885,spanish history
366990,peregrine
374627,urban wildlife
248145,cinema magazine
225991,millennials
213227,life teacher
282018,arctic exploration
288369,aic
288370,academia internacional de cinema
288372,revés
256127,leiden
270325,small town doctor
319993,family traditions
332540,teenage children
320591,immigrants
330100,sleeping beauty
382095,lovable rogue
258575,valiant comics
197165,mozambique
250905,pratical effects
367828,unexplained phenomena
367829,unknown creature
367830,government agents
374012,unknown signals
206886,south sudan
220343,diaspora
305666,masked killer
258843,self-determination
267208,cultural preservation
329103,haitian community
355178,artists
323253,post-war italy
279111,french new wave
311952,pure love
361444,emotional growth
365954,emotional
366618,melancholic
366619,youth melodrama
366620,fear of goodbye
366621,warm tragedy
366622,bittersweet ending
366623,tears guaranteed
235414,kodomo
289245,missing woman
310822,sick wife
287884,organ trafficking
284454,smugglers
5907,palestinian-israeli conflict
336025,chilling
258974,guernsey
338242,chainsaw kill
318336,famous actress
331014,snow white
156236,jewel thief
8729,lighthouse keeper   
220257,star showcase
258703,christian
245045,gay friend
2463,harvard university
215634,british royal family
5801,nerd
286753,moonlighting
215450,academia
315663,student threatens teacher
217123,mountain rescue
230870,vanished
323690,gay sex
361118,animal
335172,bikini babes
323404,ancient artifact
322980,animated documentary
254375,male male relationship
165314,skid row
227877,turf war
255506,usa cinema
249157,corrupt judge
249159,driveby shooting
298459,haenyeo
345473,famous actor
266244,aspiring actress
255178,stuntmen
239901,film school
379549,inspired by real events
337723,mazzikin
251983,house of stuart
259387,alexandrabokova
370536,identity conflict
370740,city split into sectors
370741,ai‑managed crime
371694,underground network
371822,social division
371823,suspects
373464,systemic oppression
278696,saint-jacques-de-compostelle
278697,pèlerinage
300502,camino de santiago
332850,santiago de compostela
376186,will reading
257980,white whale
335123,shark encounter
381462,social issue drama
381463,family relationship
282938,re-creation
302989,astraverse
332614,missing family
344847,vancouver island
323803,evil teacher
260032,fictious world
233291,synesthesia
327655,mendoza
254141,smartphone camera
313749,north east england
243336,genocide survivor
298322,online
254053,snuff film
347240,adult playing teenager
252079,naturism
263346,spirited seniors
313324,golf cart
313329,sports activities
379790,تتشكل بعض التحالفات، بينما تنهار أخرى.
230918,political turmoil
258141,champions
214608,geopolitics
234135,art market
249706,painting exhibition
276192,national gallery of art
282597,art historian
338015,musicological studies
195881,rhino hunter
254211,inter-korean summit
284631,law
215608,underground music
241054,edm
238350,low cost
292947,financial hardship
326383,unconventional schooling
205586,group fight
270404,classical musician
233303,it girl
325147,high school prom
251526,magical mystery tour
224231,publicity stunt
232956,comedy of situation
357034,alt comedy
365971,metatextual
365972,semi-scripted
380057,"gyeongju, south korea"
218161,working immigrants
352299,worker exploitation
348401,woman
249583,clandestine hospital
260020,drift racing
190066,kurdish
207958,queer activism
300642,queer cinema
335802,istanbul
346116,queer documentary
348550,queer space
348867,middle eastern
313433,lgbt history
314127,queer history
332049,queer love
326998,horse riding
338720,gay love story
346492,gay love
347179,queer sexuality
355916,searching for happiness
223228,starbucks
180508,dyslexic
254453,forced sex
312645,assessment
352924,overseas france
358563,black people
374222,archive
374449,2001
374640,25 years
333766,queer romance
180091,rare book
258300,french history
235287,carnivorous
247625,racial justice
228747,generation
344952,year abroad
347864,gay man
365849,grandfather grandchild relationship
309032,youth pastor
248612,photoshoot
332323,cyberstalker
309386,canadian wilderness
209024,interdimensional beings
195019,game design
210914,game development
262040,beliefs
272497,baltics
250191,ammunition
254801,bikers
189140,based on opera
256924,neuro-diversity
281282,nonbinary
239175,social unrest
309061,teen slasher
229777,expert opinion
232248,donut shop
271167,same sex relationship
324263,horror musical
234655,football (soccer) match
272617,homosexual
248210,acid trip
325754,situationship
284182,black stories
213974,korean navy
249680,teen adventure
242332,anti-bullying
233717,veganism
285633,battle royale
3521,earthquake
288304,1620s
317660,three musketeers
176795,cessna
222774,crypto-currencies
244949,medical experiment
238072,books
212569,deadpan
241961,wildfire
223524,canary islands
255060,pontianak
246136,lyon france
268011,motor racing
243594,period
368947,teen romance
244247,"nagasaki, japan"
284852,online gambling
302150,opioid crisis
230656,legendary hero
217020,chihuahua dog
327763,star trek
329387,film writer
342060,scriptwriter
265091,swift (bird)
245850,guitar instruction
247968,juvenile delinquency
211430,celtic music
340966,salvator mundi
340968,savior of the world
340969,oil on walnut panel
341698,public auction
298544,mystery box
220108,sexual behavior
239924,new mexico territory
375255,siblings
333298,love scam
366962,zodiac
328195,uba
343447,universidad  de buenos aires
349993,migración
353391,universidad argentina
354673,hormiga
376069,amigos
365372,kinkajou
369410,psychology professor
324208,fisherwoman
283481,seeking love
359767,interspecies sex
368013,feudal times
239118,indian empire
267373,nordic folklore
282861,practical special effects
253980,film censorship
277571,dead sister
243261,new testament
376310,saint paul
376311,emperor nero
376312,early christianity
376313,first century
203826,hobo
220347,neurology
240233,catalepsy
381422,2019 luca
250201,dentist office
327607,dental patient
252997,rancio
302567,female ghost
243653,night patrol
273278,holiday special
364311,ethical conflict
372066,street violence
372499,high‑risk encounters
372500,law enforcement crisis
372501,police brotherhood
372502,urban darkness
373661,armed suspects
373662,police cruiser
244534,duo
279602,marseille
329837,newcomers
356659,idiots
356663,eye-opening
356667,change of scenery
356668,well-crafted
322272,northen italy
232208,romantic thriller
325747,stitch head
351921,emotional abuse & manipulation
196322,ticket scalping
254502,control room
311667,cbd gummy
233421,brazilian politics
352450,soul connection
291558,algerian civil war (1991-2002)
2495,georgia
273757,behavioral biology
312930,emotional realism
319029,elephants
319259,national theatre
251337,anthropomorphic puppets
272698,christmas romance
274691,house swapping
299208,in love with best friend
343779,likhangmulat
214678,blackshirts
367740,art forgery
367741,master forger
373777,mafia involvement
373778,identity manipulation
373779,retro atmosphere
293773,rider
248382,pitch
289232,quit smoking
266603,cyberviolence
355737,declining mental health
244382,football (soccer) player
303080,sports controversy
198429,anti-apartheid
231297,lupus
250207,prison yard
327872,fremont
194711,trapped in car
300583,2090s
314606,controversial issues
225241,distance
366769,fragmen
209591,people
258844,spanish politics
328714,politic cinema
333170,high tension
340512,contaminated water
340940,political cinema
250266,rebel army
283226,"málaga, spain"
237115,dog rescue
252106,interlinked stories
301676,winter is coming
281150,relationship changes
319792,life advice
246374,"córdoba, spain"
297389,universidad nacional de cordoba
375345,süper köpek charlie
375346,köpek
323552,authenticity
355148,prison drama
323116,emotional journey
260251,korean army
251645,motorbike
229325,transgender rights
299903,despedidas
213810,social thriller
33707,pen
255088,christmas special
307587,crime documentary
293203,cheating husband
6054,friendship
376245,jewish supremacy
241317,health documentary
253056,fanfic
241293,elderly lady
310610,content moderation
240236,protective mother
288394,suspense
320478,cartoon bee
227166,childhood crush
328021,romantic relationship
320807,australian
306352,female president
325417,"trenton, new jersey"
198772,art auction
250043,art heist
199783,cult of celebrity
235333,kid genius
330188,old
362496,ty sheetz
254419,pipe monster
254421,pipes
353480,film
260887,medieval history
337161,drug rehabilitation center
259285,gay artist
256448,hair metal
288345,metal band
159772,pretending to be rich
244064,pretending to be poor
321721,charming man
346468,playboy billionaire
238304,suicide prevention
275265,youth mental health
321062,transgender men
359825,t-man hiking group
359826,darb garb
359827,trans lifeline
359828,transmasculine people
359829,transgender suicide
305038,mola ott
326312,ride along
290799,idol anime
286199,emby
297189,minority communities
296056,seventies
345555,baú
230503,fractured fairy tale
239070,troublemaker
263398,film industry
324390,evil stepsister
363688,boy crazy
363689,happily ever after
381927,mean girl
381929,sibling team up
229455,swimming instructor
230574,fresh start
281888,displaced persons
364687,adolescence vs. adulthood
233679,frozen tundra
286249,tundra
270497,bjj
254208,migrant
260856,dakar
291554,table
263589,the world of theater
365754,kammerspiel
380730,chamber piece
6145,right and justice
215662,awareness
264656,lack of awareness
273570,therapeutic
243588,tricked
314142,earn to live
313326,fronteras
338325,freer
266508,virginia woolf
199263,anger management
223196,parental alienation
255541,obsessive thoughts
325120,orphans
355145,orphan girl
367737,street justice
370800,underground crime
372845,reluctant partners
372846,local crime boss
372847,crime escalation
372848,violent debtors
374207,chaotic teamwork
294334,parents and child
358513,dominican haitian relations
275133,fashion model
350793,greek erotica
368566,νέος ελληνικός κινηματογράφος
268304,scottish history
322394,horror mockumentary
332423,experimental mockumentary
331612,mistério
272849,italian cuisine
358716,legenda
372426,bela diri
372427,ip man
372428,aksi
372429,sejarah
283786,absence
370898,acts of sabotage
370899,school talks
370900,support for veterans
372516,occupation forces
372517,wartime struggle
372518,historical biography
374066,underground operations
374067,real‑life hero
338895,ansiedad
349022,navidad
376719,amistad
377684,tiempo
248605,retired singer
238424,generosity
290781,community development
303334,community life
231002,gabon
308441,social media challenge
329114,haunted forest
11144,alice
308623,charm
346455,modern era
345177,holy bible
281796,prom king
242074,visionary art
273821,mother and son
335600,"phuket, thailand"
285339,japanese workplace
286393,camera obscura
345718,wet plate art
345719,gary oldman
345720,ian ruhter
345722,obscura
345723,ian beaudoux
345724,will eichelberger
274791,red balloon
317441,heightened realism
366452,josie johns
366459,geordie
366460,newcastle upon tyne
354064,transgender boy
239635,world history
211628,real robot
252014,impoverished
354840,human displacement
362659,personal sacrifice
155500,border town
289049,refugees
318075,noble sacrifice
267698,irish language
252179,cursed town
288390,relationship drama
315383,lesbianism
273015,brutal murder
323419,south of france
370799,buddy action
296071,experimental documentary
257177,famous
290607,feng shen yanyi
222385,interactive
374169,brutal fights
264136,italian immigrant
309422,destination wedding
329731,fairytale
242454,former lovers
249694,haunted doll
311623,elderly parents
248667,norwegian resistance
168490,dead parents
361948,political pressure
372947,nordic thriller
372948,complex plot
372949,cold atmosphere
374279,wartime secrets
374280,truth uncovering
374281,hidden networks
374282,nordic coldness
251723,outskirts
275796,sexual education
302868,erotic comedy
259596,fat acceptance
317671,dolly parton
262371,police drama
310966,night market
332165,grandmother's birthday
348659,noodles
337909,drug empire
319609,estc
271311,egg
234497,stand-in
373469,violent past
373470,guilt burden
373471,brutal confrontation
242932,rejects
220755,demented
355936,female prision guard
289341,sandalwood
255436,farmers exploitation
360523,farmers
193639,hungarian revolution
340301,cine
232279,parents killed
194188,sexist
226729,chauvinisim
193497,special
280291,personal
191793,tag team
281947,impersonation fraud
302191,foreign
371815,unexplained events
372774,marshland mystery
372775,temporal portal
372776,intertwined destinies
372777,uncertain reality
373448,swamp setting
373449,parallel events
248675,funk music
278327,black power
321525,black music
325608,lost memories
270755,ancient temple
271810,indian folklore
283839,evil empire
326076,indian gods
330415,mahabharat
196761,horror junkie
318083,sohib
191738,coal mines
273202,elephant rescue
286859,circus elephant
359848,family adventures
372682,animal retirement
372683,true story inspiration
372684,bureaucratic obstacles
372685,animal caretaker
372686,loyal companion
372687,tender moments
373676,road journey
307421,리카
307422,한국에로
307423,성애영화
196244,favela
372559,high‑tension pursuit
372560,revenge path
372561,corrupt enforcers
372562,vengeful hunter
372564,violent escalation
372565,underground justice
214881,lake monster
327456,alan wake
280229,voces secretas
240192,reformed criminal
298387,meta cinema
345821,surreal comedy
209370,raised by wolves
240139,historical reinterpretation
241243,food chain
280027,food culture
287749,synthetic food
287753,food manufacturing plant
230350,female teacher
275384,death of sibling
322210,new format
255670,burundi
287700,rancher
246028,ballet dancing
231287,enviromentalism
380651,irish soccer team
380652,ireland soccer team
380653,the keane affair
380654,mick mccarthy
380655,roy keane
380656,soccer players
380657,soccer manager
369782,family trauma
186507,advertising agency
237816,requirements
250697,dancefilm
280352,catfish
333209,wishlist
377182,paris
234246,cryogenic chamber
334221,artes marciais
337868,seal
206789,sex tourism
307426,meth addiction
297619,one man crew
297624,facetime
251720,aging hero
251721,patient zero
378312,air police
277122,colombian
288895,wayuu
285576,pub
259126,people's republic of china
269976,inner city youth
271669,fellow abductees
276959,wild fire
240539,swedish folklore
334635,weezer
281057,spanish
356539,choral
221962,new american cinema
223531,groundbreaking
40925,fertility test
249703,plus size
198522,underage smoking
249704,fat shaming
253417,inner demons
283709,food safety
296741,boy
299092,house rental
372701,relentless chase
308068,helping people
350502,mother son incest
354756,ultimate fighting championship (ufc)
170487,essay film
311493,film set
372368,moral downfall
207469,shoujo-ai
263324,snow queen
188610,taipei
230550,sports gambling
240766,novel
293245,maghreb
350504,mother son sex
318291,poetic
157959,surgery
293263,francafrique
320734,sea pirates
235733,film directing
239623,culture revolution
254979,artistic revolution
266145,american dream stories
336816,film critics
358395,hollywood blockbusters
297926,fln (algerian national liberation front)
236378,lost soul
192345,football (soccer) team
270566,football club
369054,joke
292161,wife's birthday
229900,carpathians
206317,holy spirit
249325,hardcore christian
337033,unborn baby
249132,foster brother
293740,opioid epidemic
295812,testimony
315750,deconstruction of celebrity
165301,opposites attract
325814,familiar
290654,abbey road
165748,coastline
360787,dealing with loss
193175,army air force
291227,national archives
296854,crowd funded
323106,multiple killers
233492,law enforcement satire
12425,racism
325772,assertive
3335,halloween
265777,gay relationship
281358,science fiction
208156,frantic
325806,empathetic
321739,sexy
223092,immersion
247085,bakersfield
313542,restaurant management
321624,"pisa, italy"
230564,spoken word poem
257073,meandering
262497,repressed gay
271599,anti-romance
305732,sentimentality
331634,hands
344293,queer media
344837,christmas drama
351030,emotional tension
376322,tinted film
193340,mental desintegration
249204,breaking and entering
286690,mental break
304941,public meltdown
316086,odd neighbor
322391,weatherman
344046,sewers
353375,nosebleed
368935,adult friends
368936,cancer free
240442,blood revenge
335227,dagon
337330,blinded
210783,meme
270685,pepe the frog
270476,zero budget
327197,car manufacturer
319921,faithful woman
344394,mural artist
313317,crime suspense
252134,poor man
292532,late
304141,precarious
379367,pelé
229407,french army
302672,brooding
335964,german alps
345021,cult propaganda
310116,religious guilt
212372,art show
338196,ultras
342828,violent
241860,burglars
373200,digital stalking
229766,illegal activity
323328,climate justice
329271,climate activism
351641,amazon
363738,indigenous chief
363739,corporations
363740,land grabbers
363741,environmental rights
375425,fantasia
376347,obsess
378120,parallel timelines
272210,content
233542,literary figure
258650,grass field
343227,miracolous healings
373683,mysterious child
373684,supernatural gift
373685,cult‑like behavior
373686,collective obsession
373687,island drama
373688,group manipulation
373689,ethical crisis
373690,mysterious tragedy
373691,community unraveling
240118,marital strife
192659,roman army
235189,celts
200568,jehovah's witness
220346,biological clock
326482,monsieur claude
375340,dna-test
206654,playmobil
184796,assistant director
297720,dark pact
342414,high-profile client
237765,street fighting
356879,past trauma
369542,personal scars
369545,physical confrontation
369546,visceral storytelling
369547,martial arts thriller
369548,fight scene breakdown
374056,self‑reconstruction
354396,jaula
354397,the chalk line
253727,illegal abortion
297303,illegal abortionist
219982,unhappy love
381217,因果报应
364333,show
337097,mysterious creature
314398,幻境
314399,深海
314400,拯救
314401,感动
312232,the flow of the times
312286,anti-organized crime law
312287,yakuza exclusion ordinances
250049,2070s
291888,rainbow
267635,sportsman
322140,over-protective dad
367088,sneaking in
254464,date night
220038,fidelity
249692,magic spell
252830,desperate woman
258047,butterflies
315131,special meal
343434,desperate for love
351833,mealtime
4446,hitler youth
222175,health and fitness
165843,merchant
323656,conservative propaganda
275348,chess match
333780,chess game
363103,kasparov
268746,norm of the north
252382,travesti
326627,transgender women
356305,minería chilena
239441,circumnavigation
239682,golden globe race
239683,yachtsman
249144,trimaran
268825,guetto
372325,life‑risking choices
372326,jewish refugees
372327,innocent lives
374011,occupied poland
208739,cancer treatment
244029,dmz
245910,contemplating suicide
220378,film production
210614,monster movie
286187,sapphic
282988,friends to lovers
302130,moral corruption
279105,social pressure
4411,sexism
353932,child protective services
18249,game
372375,protective figure
335463,man and woman
247372,skinning
304435,negative
314187,gay director
261987,high school crush
321294,souls
296093,music comedy
251348,sociopolitical
258519,big brother
340423,sociopolitical documentary
342339,dystopian fantasy
351418,director biography
363455,socio-political
284367,welsh
322812,medical trials
249653,lives
367930,huizar tv
279521,light-hearted
317983,family friendly
272164,latina
192600,island prison
277274,tatami
301502,jaguar
343118,bridezilla
267007,russian
249136,suspicious
221602,festive
261057,inner voice
361161,shotgun murder
244287,margot benacerraf
50009,survival horror
323099,missing grandmother
327682,overbearing family
367033,telephone scam
318977,glitch in the matrix
317819,french
275089,imperfection
239349,future earth
191035,aid
268752,palestinian
274490,arabic
285228,mutual aid
293206,flour
325761,admiring
362097,domestic labor
364084,private space
256925,inherited
211461,amateur footage
314811,storage compound
258593,adulterous affair
247589,ancient regime
255868,primitive civilization
276977,shepherd boy
302678,philistine
309288,bible prophecy
321416,battles
348322,biblical epic
365430,songs
371404,faith in god
371405,winners vs. losers
280179,lgbt rights
305508,ghostly hauntings
341055,history of mental illness
290983,chosin
238526,red shoes
331015,the seven dwarfs
238352,human made disaster
288783,medication pills
257681,betrayal of trust
312874,unsolved murder
208136,mexican legend
254508,chupacabra
247554,googoosh
257395,islamic revolution
337718,iranian singer
362878,iranian actress
189154,cubs
230061,live stream
301932,teaching children
255873,lower-middle-class
10286,wingsuit
338645,neural chip
237181,romans
237589,escaped slaves
322219,religious satire
364135,trying to get home
364137,rockefeller center
364138,christmas in new york city
288422,change the past
244411,darknet
272284,silk road
238631,chinese girl
355116,psychological breakdown
373754,forced march
373756,moral despair
373757,fatal competition
373759,youth dystopia
373760,oppressive system
373809,stephen king
311279,unexpected visit
10947,goat
211349,religious community
255100,california trail
255101,greedy man
180781,lost son
206089,boys camp
326955,jangi hora
365817,urban to rural transition
287814,foster kid
372044,mercenary team
372965,target protection
372966,assassin squad
372967,police involvement
372968,rival fighters
331911,based on twitter thread
336388,post american civil war
370411,first black sheriff in the united states
370412,criminal manhunt
372566,outlaw chase
372567,moral determination
372568,frontier conflict
372569,wilderness tracking
372570,experienced tracker
372571,lawman under pressure
372572,vast landscapes
372573,historical inspiration
374148,gunfight showdown
374149,horseback pursuit
169813,female pilot
255207,flying fortress
262148,office building
322575,"cannes, france"
214846,night guard
183440,pride parade
361844,film shooting
335360,fbi operation
262075,java
240165,killer on the run
307787,cgi effects
339179,female musician
287582,captivating
250198,goryeo dynasty
281463,social study
355166,trans girl
321299,husband cheating on wife
311826,climate crisis
354748,free palestine
231519,korean american
272301,owl
309176,washed up
331167,wife cheating on husband
266601,british asian
10965,playwright
281554,rock
331144,women singer
352366,inspirational story
248025,matchmaker
237061,mismatched couple
284950,cinderella
354940,mmff
323721,girls
287476,heartfelt
325850,skeptical
274787,human
215866,solace
369619,donald trump
190888,highway patrol
200500,comedy troupe
219838,kayaking
241599,childlike
242104,ruthless cop
316396,cinephile
343234,marijuana use
267722,thatcherism
337107,margaret thatcher
233809,family abuse
223823,no budget
192823,get rich quick scheme
230926,india pakistan war
372765,subtle menace
372766,hospitality gone wrong
372767,disturbing behavior
374177,fear of strangers
374178,predatory manipulation
374179,deceptive kindness
374180,parental fear
337727,slut shaming
238380,racing driver
276194,sports personality
255867,boat race
350549,sea action
219999,blood sacrifice
265823,shoot out
272268,lab
371438,pov
239075,struggling playwright
349149,política
375298,brasil
381538,jair bolsonaro
357779,documental mexicano
197337,weather chasers
229785,dreamscape
215717,tween
257912,spin the bottle
364228,true
365443,reconstruction
303303,newfoundland
344495,labrador
371207,super hero
381128,ntv
381129,captain newfoundland
362921,housing
233271,horny
365746,personal space
41589,dying
273823,male
376998,young hearts
231370,nordic
367119,hunted down
379545,méxico
381714,nuevo leon
382389,northern mexico
382391,generational trauma
226647,regicide
324885,hindu shiva
336619,remastered
349749,epic film
353000,director's cut
342197,missing people
266725,street racing
308398,manta
308399,opel
287316,computer app
184233,theater troupe
185663,romanian
284165,video chat
9240,battle of midway
192142,summer of love
318565,indigo girls
334655,inner child
172972,old woman
249071,cam
338880,retro
9409,north dakota
2035,mythology
2803,affectation
255994,french writer
241637,unconditional love
249794,"reykjavík, iceland"
271871,norwegian
289590,snail
239407,europe vacation
9525,pacific war
214710,analog
274386,silence
370666,emotional manipulation
363617,epic drama
285028,story
10855,fate
246126,black cinema
359980,female nudity
9666,street race
359982,female rear nudity
242130,haunted mansion
299604,closeted
246238,guns
325252,chun doo-hwan
325785,commanding
334469,multiple timelines
233514,feminist activism
331381,bandmates
328760,grieving sister
284596,mission possible
330753,rugged
379418,boot hill
193887,residential school
367222,official adaptation
207422,east texas
319638,psychological trauma
194268,biking
213498,graphic design
253337,same sex marriage
320647,wrap party
254851,countryman
156574,caso
215551,compulsive hoarding
215569,hotel renovation
225049,memorabilia
239847,warfield
240548,beating the odds
359524,cheating wife
277338,traditional irish music
352440,nt live
191443,oss (office of strategic services)
232203,gold claim
302211,surrealistic
311882,grad school
372074,local mobsters
373490,retired federal agent
373492,fbi agents
373497,control over the surveillance system
373498,heist crew
224213,winter break
233676,troubled youth
248519,loss of son
235363,native hawaiian
221890,romantic weekend
302643,bound
235031,bully victim
190574,prime suspect
297969,diversity
264940,"pretoria, south africa"
233382,projection
252430,semperoper dresden
255805,war refugees
241699,athletic
334831,afeto masculino
329749,lifelong friendship
370055,wedding weekend
193156,pop art
360299,partition of india
371670,unresolved past
379229,partition of punjab
352313,multiple murders
287611,old barn
321905,northern norway
266562,goblins
237989,commitment issues
291148,little creatures
262207,unexplained deaths
370247,icu - intensive care unit
370249,toxicology
361673,kentucky derby
366711,yak
328140,archangel
360386,caramelo
360387,καραμελο
228202,slasptick
283953,farce
352377,straight 8
379885,super-8
6421,escape from german democratic republic 
309448,separação
363273,culinária
374379,morte
376267,amizade
376746,solidão
277082,litter
367212,blood drawn
367230,littering
367231,cause and effect
209086,industrial
249737,laborer
359818,team of explorers
261684,ainu
242192,mistic
365381,susuk
372417,kecantikan
372418,kutukan keluarga
372420,tradisi gelap
372421,mistik
372422,wanita
372423,rahasia kelam
372424,supranatural
223613,criminal record
328778,dukkhito
328779,booking
328781,gaiyan
333266,universitário
340440,curta mineiro
355450,cinema brasileiro
222811,win girl back
233470,new family
239709,dreamworld
293399,brain cancer
247269,female painter
272794,murder confession
254565,sexual curiosity
304957,limits
362545,mars
243452,mother child bond
309059,mother looking for child
368612,fun
178862,banana republic
192127,persecuted
256640,american journalist
351706,young detective
342622,south american politics
348908,plot
351398,usa intervention in latin america
351399,usa foreign policy in latin america
351400,cia involvement latin america
211297,white lie
252954,band competition
229786,dream realm
344294,innocent murder
248442,diamond trader
248443,american in russia
225068,lakota tribe
333676,famous painter
266186,silent
305104,introspection
6556,talisman
255653,plastic contamination
307690,food documentary
374079,dark humor
372321,territory conflict
372323,score settling
372324,rival clans
357999,"akita, japan"
300722,survival at sea
256354,semi-fiction
310902,gaelic
234572,oregon trail
236140,american frontier
342872,edited from film
237945,cohabitation
247199,entertainment industry
320896,inner monologue
187511,terracotta army
208436,historical reenactment
6217,coercion
333155,家庭关系
377410,uneasy alliance
270066,мафия
357022,eerie
319785,running
250366,nonviolent offender
342108,slow tv
288818,homemade toys
379004,后妈
379005,继母
379018,性感
259917,mangaka
374524,war epic
328780,extra
373196,covert safehouses
209971,evil superhero
279019,food delivery
198226,latin comedy
315051,left at the altar
250702,no man's land
232682,punjabi
324324,wealth inequality
250367,finger gun
292719,manga artist
270438,parallel stories
245776,disabled person
374007,street warfare
267110,shared loneliness
223059,animal horror
281569,adults
250279,black friday
8102,elementary school
331361,video
184114,teen witch
222318,coping mechanisms
305726,grieving mother
328090,death of grandson
240456,shooting an animal
264433,unsolved murders
272129,horor
294082,polar bear swim
355972,amitié
358136,amour
364709,court-métrage
380305,survie
366627,mother-daughter
191124,starfish
245572,traveler
301483,young dead girl
338585,prince andrew
290381,husband disappears
232675,domestic terrorism
236263,reign of terror
236602,death wish
265193,dixie mafia
197065,claymation
328299,战争
345136,剧情
355975,松山
254603,messy apartment
291556,fantasma
252256,book tour
371775,horseback chase
371776,desert plains
372955,survival tension
373201,war crimes pursuit
373202,outlaw manhunt
373203,lawless territory
373204,frontier towns
373205,reconstruction period
318606,helicopter parenting
274205,tales of arcadia
217977,animal perspective
241743,hiding out
254768,ex-elite soldier
314977,mcdonald's
323598,"charlotte, north carolina"
329486,escape from prison
351948,road film
250200,rescue from fire
259403,viral
299767,animal intelligence
250130,christmas decorations
187786,vending machine
251819,stargazing
299326,lovers reunited
188178,teenage hero
213305,mental link
253652,laser beam
259981,mass evacuation
275682,"mount fuji, japan"
367031,hollywood actor
276476,evidence
360504,babysitter in peril
238835,motorcycle cop
324199,"kanagawa, japan"
339076,bolt
339077,lightning catcher
251640,mismatched relationship
298545,legal
382587,mothers and babies
316204,unexpected situation
327616,literary prize
327617,"cleveland, ohio"
259657,project management
295746,project partners
321130,business partners
362102,business man
372051,search for redemption
373703,female heir
260952,kuala lumpur
264722,sureal
181329,big dreams
348184,young filmmaker
365135,creepy kids show
194235,disowned
312746,family fortune
372479,family inheritance
372480,succession conflict
372481,rival heirs
373543,estate mansion
348148,intimate drama
383451,حظ
269438,religious leader
328974,shakers
257246,reminiscing
370865,good vs evil
222999,chronicles
317534,family surviving alone
317535,guns and weapons
353640,pickleball
355949,sexo
362357,traição
381849,vício
381850,noite
381852,psicologico
343098,sexual references
340914,big brother program
239850,box ring
174174,circus freak
321083,feria
344695,gatos
223199,social movement
255295,yellow vests movement
257909,human rights protest
275749,lgbt activism
286881,street protest
156482,mormon missionary
319001,women of faith
372173,ideological clash
372174,psychological predator
186933,christmas music
208007,king herod
215511,joseph of nazareth
297736,unwed pregnancy
303928,former soldier
372635,underground tunnels
372636,surrogate family
372638,ruthless antagonists
374159,protective guardian
361478,creative adaptation
296558,corrupt businessman
211143,conservation
325283,fear of the unknown
373953,haunted locations
373954,identity breakdown
211930,portrait drawing
211931,posing for a portrait
197052,lost civilization
368088,slapstick humor
248211,retro horror
254243,experimental surgery
4129,widow
250892,magic stone
230333,aircraft
344686,possessed child
313171,philosophy professor
206224,social gathering
244229,nude swimming
240186,freestyle rap
380664,famille
172618,dead daughter
369858,animated short film
281576,hunter are hunted
227873,newborn baby
294131,oni
283874,shooting
206206,athletics
235742,purge
258786,medical
328754,struggling actress
317704,bookstore
279414,ice
237469,hand puppet
346769,gay interest
253222,retired lawman
325945,ghost comedy
181656,political candidate
214690,women gathering
237178,women in film
247997,walk
254122,painting lesson
287906,woman falls in love
293945,vivaldi
210389,love puzzle
380455,needy
290865,whale shark
344040,natural world
247557,intellectual game
224394,deadly disease
231350,technological singularity
236614,aol
241503,acoustic guitar
314121,computers
318862,new year's party
235894,theater performance
254598,food allergies
316821,child in danger
316822,missionaries
372524,isolated soldier
374073,tactical extraction
374074,ambush threat
191200,excavator
222783,"suffolk, england"
268598,ipswich
244536,greenland sea
258604,board games
333185,high concept
377364,comedic misadventures
383005,comedy sequel
265216,"dhaka (dacca), bangladesh"
373592,hidden safehouses
373833,urban warfare
374081,crowded streets
191248,paper
308450,cdmx
206966,black metal
197316,child given up for adoption
350705,incestuous relationship
372467,meeting birth parents
372468,unimaginable
257237,tour eiffel
287519,film student
289406,enac
209374,hero's journey
177554,stealing money
286982,job candidate
377913,celebrity pressure
265194,drug kingpin
351787,hit gone wrong
373038,crime cleanup mission
373039,unexpected partnership
373040,luxury hotel room
373042,professional fixer
373043,private suites
373044,urban nightlife setting
373706,sharp banter
373707,double‑crossing
373708,elite fixer duo
248542,couponing
287314,coupon
275777,bomb vest
211509,pop punk
287539,donegal
368379,teen friendships
199983,false confession
371273,judicial scandal
159346,deceit
293643,asset
310570,home health aide
313985,secret meeting
317022,gorky park
245623,destroyed city
245624,giant gorilla
245626,animal monster
228965,intersectionality
233515,women's liberation movement
336082,eastern front
348671,meth
367867,fog of war
372950,tank crew
372951,battlefront line
374283,enemy pressure
374284,metal confinement
259022,koala
212803,dissociative identity disorder
240306,surveillance specialist
156179,coroner
275983,fur trapper
334483,apple jack
332476,days
332477,husain fadhullah
287809,asian racism
346180,fascinating
347000,biographical fiction
368038,psychological family drama
368039,twisted family reunion
368040,dark family drama
266697,release
6733,bullying
315382,lesbian couple
325773,audacious
243003,demonic spirit
254831,symphony orchestra
262125,alternative world
238768,vlogger
185815,u.s. embassy
372340,enemy fighters
325982,taken advantage of
262495,persona
209081,submersible
231500,panic attack
256284,recreational drug use
236955,eve of world war ii
167428,sting operation
186450,"moscow, russia"
41586,archaeologist
306984,japanese culture
254325,korea president
255617,reclusive
372041,paranormal threat
374288,extraterrestrial encounter
285182,"newark, new jersey"
376776,newark riots 1967
362233,psychological romance
198181,golem
239375,mad surgeon
356899,a mother's special love
363912,gay mother
206559,arms industry
365733,adal ramones
270433,women entrepreneur
328044,winemaking
272265,ukraine
350826,contemporary issues
357896,dokumentarfilm
275061,prisoner transport
262278,abusive family
243297,separated at birth
237014,twerking
254011,severed penis
210052,urbanism
229352,opportunism
227969,farmer family
208951,invaders
223786,northumbria
346071,father of the bride
346072,sister of the bride
346073,island wedding
231921,jimmy hoffa
366057,local government
366058,land battle
238997,fauna
242920,mysterious life form
243655,flora
358919,cougar relationship
374887,ai generated
191168,fight to death
207748,ninja warrior
280828,cloaking device
285795,best friend forever
300841,west coast
326718,george washington
301206,small town life
208863,asylum seekers
371465,escalating chaos
371740,chaotic day
371741,comedic chase scenes
374305,family chaos
374306,double trouble
374307,domestic disaster
235485,ned kelly
272521,australian western
257842,sombra
257843,ying
208351,wickedness
278049,doxxing
328725,digital age
281176,cambridge university
294654,falconry
295922,messianic
371689,intelligence agencies
371690,comeback mission
371691,secret identities
371692,dangerous assignment
373193,fast‑paced narrative
373194,high‑stakes conflict
373195,secret facilities
266995,perú
206980,mongoose
360447,ocean horror
372553,unpredictable danger
372554,life‑or‑death struggle
372555,storm threat
372556,isolated survivors
372557,fear‑driven decisions
372558,scientific expertise
248988,gawain
271888,medieval knight
224592,woman body
279550,italian riviera
287662,pesto
187197,jewish culture
279363,pregnancy test
186721,sensibility
343946,special operation
371496,extraction mission
371500,terrorist cell
371501,tactical action
372720,ambush operation
372721,geopolitical tension
372722,intel specialist
372723,team betrayal
373339,abandoned outposts
373376,remote compounds
373377,hostile border region
373378,veteran sniper
322244,benjamin
322245,hundred
288828,running race
318169,social inequality
360774,dying race
356104,real-life drama
261392,aspiring journalist
379500,mole (animal)
254589,life guard
209057,lost dog
326749,dog adventure
371849,trust building
373235,extreme race
373236,stray dog rescue
373237,team spirit
373238,mountain trails
373239,human‑animal bond
373241,physical hardship
244147,house flipping
281618,met police
288397,improv group
381427,2022 luca
209023,hidden powers
231082,italian resistance
294931,rental family
372654,surrogate roles
372655,emotional bonding
372656,expatriate life
372658,professional actor
374171,longing for belonging
374172,coping with grief
331547,relationship comedy
357697,matchmaking program
357698,romance comedy
357699,trapped on an island
311196,stay-at-home mom
177129,knights of the round table
8608,violinist
200065,playing violin
268195,hebrew language
273307,boy playmate
274421,yiddish
297409,jewish neighborhood
300063,jewish death
319846,kaddish
356038,stand-up specials
362573,comedy special
275024,existential horror
241883,survive
282599,returning leprechaun
295486,pacific northwest
366584,mystery thriller
350226,undercover agents
259984,mystery killings
236231,radical transformation
235070,pasta
282847,skilled fighter
183559,decapitated head
238006,awkward situation
307830,strangers to lovers
234970,appalachian mountains
298532,political conspiracy
334118,dollar baby
248315,polish
244668,tribes
274107,childhood memory
251620,town
349190,reselling
253043,road
239615,airplane flight
340731,overcoming obstacles
361540,life changing encounter
373240,unexpected companionship
315709,jungle adventure
253509,religious belief
343373,web of lies
5561,child prodigy
371688,explosive sequences
241730,orthodox jewish
325794,derogatory
373023,clue‑based deduction
373024,high‑society secrets
373025,eccentric detective
373026,manipulative personalities
373027,hidden relationships
373275,isolated mansion
373580,character‑driven mystery
371493,dirty sheriff
372387,violent intrusion
372388,unexpected attacks
372389,victims under siege
374053,moral collapse
369550,cross‑border conflict
372492,kidnapping threat
372494,criminal manipulation
372495,violent underworld
373564,woman in danger
210421,gospel music
257227,"marrakesh, morocco"
8377,pinhead
315905,offbeat
255311,chernobyl disaster (1986)
259594,black bear
266880,apex predator
225898,finnish mythology
372702,lapland wilderness
372703,ss soldiers
372704,silent warrior
372705,enemy platoon
219807,victim blaming
329280,sexual content
333465,sex cult
320107,catholic monarchs
243220,home selling
237260,urban exploration
249578,urban explorers
332046,abandoned hotel
355701,xmas
252123,new year
294965,bayreuth
376427,the ring of the nibelung
376428,richard wagner
290489,special power
199463,wicca
297100,hex
354200,psychological descent
354201,spirit world
354202,dark rituals
354203,pendulum board
354205,spellbound
249880,futuro
352471,novecento
352472,grottesco
322635,ferrari
193516,critters
286880,break dance
383065,paris olympics
343405,horsemen
217315,fish vendor
256878,portuguese fisherman
353859,arte-xávega
353860,costa da caparica
353861,costa de caparica
353862,pescadores
348859,"perugia, italy"
351386,underage girl
257336,gig economy
228945,housesitting
272062,dolls
266853,homeless woman
312780,mythomania
264970,earth day
209457,ticino
280009,saw
278855,trueno
278856,patrulla
329924,a arte de amar
344327,life in gaza
323600,goat life
290642,seni
378900,seni penipuan
378901,penipuan
246414,women and society
300323,weibliche solidarität
359564,condition of women
273590,mercury poisoning
322149,great kantō earthquake
324018,"miyagi, japan"
365758,breakup
338081,theologian
372392,pastor spy
372393,public opposition
372394,pacifism conflict
372395,wartime oppression
372396,resistance network
373005,urban manhunt
373217,deadly lottery
373218,billion‑dollar jackpot
373220,protection deal
373221,chaotic pursuit
373222,public frenzy
373223,citywide pursuit
373224,public hotspots
373225,comic mayhem
179101,norse mythology
160130,invisible person
227634,baby elephant
4687,fake suicide
271162,invisible man
41523,"brooklyn, new york city"
373668,cartel warfare
249462,josef mengele
250413,manufacturing plant
272557,pangolin
220475,present day
179014,jury trial
304917,southern culture
222687,german army
299335,christmas present
257889,jealous of someone's success
373219,survival chase
323002,comédie noire
263293,narrative
251639,friends love same woman
310672,violence action
347804,action film
358398,action choreography
367183,sci-fi action
370675,multi‑timeline characters
370677,unpredictable situations
370678,fractured friendships
284065,front line warfare
158774,terrorist attack
318533,cartoon elephant
301040,abducted daughter
335362,kill
360629,adult
266013,vigilante justice
304915,youngest son
207046,murder mystery
324543,anniversary concert
295190,female chef
273879,sherlock holmes
187224,seaside town
238355,gay pornography
235820,international manhunt
273502,emotion
260518,labor rights
254784,front-line soldier
344229,swear
158126,creature feature
371709,dangerous alliances
372386,isolated setting
253463,heirs
156783,blizzard
289675,replica
166097,trophy
353910,kidnapped baby
372264,epic adventure
34221,gender roles
235503,independence day
346526,ego clash
323389,singham 3
343842,rohit shetthy universe
182706,prosthetic limb
249724,political commentator
338917,gender ideology
163190,box
258728,traumatized person
286083,mysterious box
286084,sliding puzzle
286085,pool table
240762,world hunger
328004,song recording
274524,togetherness
354540,realistic drama
365814,middle-class struggle
365815,moral values
365816,simplicity
365818,innocence vs reality
305694,lesbian history
211542,flagellation
272066,lesbian nun
214620,colorism
269483,surfing contest
330025,filipinas
337225,skin whitening
231686,cuckolded husband
294842,snails
307495,nyc subway
194447,compulsion
317537,high school life
322008,sisters relationship
315778,collaboration
330595,duke ellington
346889,harlem
207534,police commissioner
256318,blood on body
309627,hide
330083,one-eyed
335012,hungry
335242,hiding a body
346550,spongebob
347071,fetch
299459,contemporary fantasy
357432,morals / life lessons
357692,multiple jobs
371745,heavenly intervention
371747,struggling worker
371748,opposite lives
373959,celestial mission
373960,divine mistake
373961,social contrast
373962,life imbalance
373184,cross‑border crime
235585,reunite
359760,parents home
350796,vestige
351503,child actor
360184,fantasy drama
316489,loss of twin
213914,drug war
380637,jayanti
380638,jayanti 2
214463,post 9/11
164698,boyfriend girlfriend relationship
4862,alien life-form
251049,wild swimming
327667,phishing
249889,fishing vessel
256187,environmental perspectives
304902,deep sea fishing
245737,food shortage
344488,go vegan
341036,animal rights activist
217476,police helicopter
366686,writing class
275641,twin towers
241005,chilean
250636,sock puppet
324132,31 minutos
244797,donbass war
294922,follower
250980,manor house
229194,sexual blackmail
351926,kaj
351927,pro-shot theatre
254769,compulsive eating
341008,pica
208982,self absorption
345407,three sisters
227191,caregiving
292939,fading memories
191245,awakening
347325,louis armstrong
295538,cold war era
367576,lgbt in africa
344907,"salzburg, austria"
6219,"oakland, california"
246184,modern slavery
225353,perspective
229594,breaking point
314615,mental abuse
321772,cabin at a lake
329708,friend's birthday
157492,death of patient
288061,metro
367082,endless cycle
379480,exit 8
308705,lesbian friend
180078,trapped in a mine
203969,rescue force
313033,western australia
367949,"kimberley, australia"
253885,"milan, italy"
295736,lgbt child
355766,complex relationships
256035,abandonment issues
204220,toy designer
173493,fire island
335253,wedding at sea
310063,fairies
329466,trapped in a room
335162,irish mythology
373645,mysterious watchers
373646,rules of survival
220391,academy
155251,novelist
313434,adult son
373963,class divide
195240,investigative journalism
242898,alpine skiing
290670,huis clos
338381,social dynamics
181659,political corruption
156948,missing child
290929,south korean
253771,underwater rescue
228176,iran–contra affair
243733,secret prison
294795,war in ukraine
249654,compulsive liar
293412,young
294629,enchanted forest
353283,personal archive
222089,nature vs nurture
235790,japanese high school
325537,radio telescope engineering
165450,closet
283251,fairy tale characters
245031,boxing champion
204950,innuendo
280165,young man seduces old lady
345868,employee boss relationship
233828,medical problem
370143,workplace drama
335944,film about film
287029,reality
6282,workplace
1631,concentration camp
2450,auschwitz-birkenau concentration camp
329711,space telescope
284212,come back home
268806,office worker
315153,mundanity
6541,king louis xv of france
196513,king of france
261151,royal society
236170,1900s
241927,race relations
254106,soul music
294934,underage marriage
323337,familial reconciliation
301247,young abducted girl
325838,objective
269672,christmas pageant
271149,young mother
241624,fight or flight
346084,unlikely heroes
369793,absurd situation
372085,chaotic adventure
372086,dangerous encounters
372087,team misfits
191075,father and child
193551,vigilantism
190751,gay muslim
13031,creature
231248,teenage diary
236530,vintage car
251822,rumors
284338,deep sadness
295809,secret
334127,motorcycle racer
208937,portuguese history
225293,magellan
253012,hispanic monarchy (spanish empire)
280768,historical revisionism
357977,lav diaz
365244,1510s
365245,1520s
370986,filipino cinema
370987,portuguese monarchy
192498,japanese man
239932,unintended consequences
320874,uchronia
337985,based on mobile game
348720,sekai
349074,holographic reality
261101,polish mafia
357278,first part
334887,false identity
366944,"oklahoma city, oklahoma"
248863,giant forest
253023,toxic atmosphere
322995,werewolves
240424,indian
319497,hindi film
324109,chase scene
348699,indian film
370774,godi media
227572,conversion to christianity
364377,catolicismo
271333,rural sheriff
348844,olympic history
225729,bonelli
195733,game developer
321269,deafness
258571,throuple
361552,heartfelt story
240736,college applications
321335,killer animal
324300,cool pet
324301,sororities
367885,ex‑partner rivalry
367886,urban thriller
367888,criminal crew
367889,tension‑driven action
288728,witch legend
345481,witch horror
258541,biodiversity
279681,contrast
277753,panama city
264963,notre-dame
363687,magical realm
194266,quad
371718,nasa mission
371719,unseen presence
371720,immersive tension
372482,unseen danger
374201,cosmic threat
374204,orbital survival
374205,solitary struggle
374206,slow‑burn suspense
269320,larvae
241592,lampedusa
353078,viutv
381195,tv movie
207767,erotic thriller
215253,rekindled romance
260426,self destructiveness
267923,homoerotic
277050,bar
288870,natural horror
348144,faith based
362031,roman egypt
291361,french literature
210235,crater
251076,space debris
297077,night sky
298525,space mystery
311156,science and nature
329712,space photography
332302,shooting star
323405,robot wife
208397,death of wife
264770,coping
240366,phobic person
288075,immersive
290279,repurposed footage
314760,young activists
211482,bison
248901,upper palaeolithic
248902,boar
380841,death by accident
304115,cursed object
311971,camcorder
363056,unknown entity
163082,gentrification
250919,polish history
251959,jan nowak-jeziorański
264719,muscular dystrophy
6955,parkour
290395,casual
362089,fantasy thriller
220815,unassuming
12570,whodunit
343242,reencontro
343243,turma
362227,destitute poverty
235085,slum dwellers
235738,beatlemania
248916,overactive imagination
241723,roadside diner
250733,spy-fi
255206,abuse counselling
206800,school loner
325816,forceful
3358,haunted house
343745,australian sport
363665,netball
244888,eastern european
346672,阿加莎与午夜谋杀案
325685,parody comedy
249277,indie folk
292577,lottery winner
351658,duet
352644,lovers reunion
247129,communists
260253,korean air force
270373,"pyongyang, north korea"
230452,model train
247251,retired policeman
269312,farmer's market
322037,tenure
212874,ex spy
319492,internet horror
221656,talking robot
311564,mysterious power
372738,dangerous quest
372739,vault hunters
372740,psychotic enemies
372741,post‑apocalyptic chaos
372742,space western vibe
372744,funny robot
14713,alcoholic teacher
312627,leadership
215486,illegal logging
239100,stashed cash
369092,​hidden world
373636,medicinal properties
373637,biological exploitation
373638,secret research
373639,broken bond
373640,reluctant accomplice
262466,irish film
337150,irish drama
370469,short drama
382812,invisible illness
245799,former slave
235308,wicked king
221475,bachelorette party
238758,uniqueness
240457,past life regression
255338,age change
318248,tanning bed
318250,child raised by grandmother
196458,intelligent design
373407,post‑napoleonic france
373408,parisian aristocracy
373409,marseille harbor
373410,betrayal conspiracy
373411,methodical vengeance
373412,lost love tragedy
373413,power corruption
373414,luxurious estates
259268,five senses
283392,live in relationship
227918,sick mother
227947,dual personality
321071,toxic friendship
364480,social rejection
369276,identity split
372058,mirror reflection
372059,inner darkness
372060,shy teenager
372061,evil twin persona
372062,toxic school environment
372063,bullying victim
372064,violent revenge
372065,identity takeover
358258,harsh weather
334911,cheese making
265690,indian politics
373140,urban poverty
373141,nationalist party
373142,diwali festival
373143,modern india
373144,slums
373145,village burning
373146,underground fights
373147,kitchen worker
190158,limbo
275112,australian soldiers
370955,north of france
372725,frontline combat
372726,leadership pressure
372727,sacrifice and duty
374176,wartime brutality
342799,stay-at-home husband
377617,family comedy
313015,moon trace
313016,yousof rafizadeh
313017,رد ماه
267329,narcos
347706,murcielagos
202749,alternative present
269528,censored profanity
214564,yuri
228391,conception
242521,damned
2287,mattress shop
278047,white room
221137,freed slave
265270,weapons training
353907,k9 officer
353908,k9 unit
193042,tank battle
249859,rebel gangs
326678,austrian alps
370664,escalating threat
370665,dangerous escalation
372978,crisis situation
372979,tension buildup
372980,looming danger
372981,antagonistic force
374293,forced choices
232828,army officer
297076,hole
193164,current affairs
366555,sulawesi
366858,older brother
257115,social experiment
193154,uranium
244531,peoples army
256343,visual album
382289,stooge
317161,world wrestling entertainment (wwe)
253823,modern
332577,meaningful
256458,gatunagem
245124,mysterious object
252201,media satire
233556,modernism
279362,taxi ride
234125,child protagonist
294729,metaverse
371804,unit camaraderie
227476,mentally unstable
346130,domestic drama
287424,space vessel
324145,corrupt government
276222,sad
314349,"baltimore, maryland"
306967,missing dog
235710,el capitan
322882,night club
351662,film about filmmaking
243046,hanging out
248288,adulterous wife
314753,film festival
355253,child
1721,fight
267113,personal narrative
332388,home archive
351352,record archive
298306,drained of blood
369921,balls
228281,dark mysteries
232966,past lives
357397,cult horror
366519,time loops
231620,incarnation
251724,lord krishna
348321,epic romance
233968,polar adventure
14520,urine
33643,radical
309533,charity benefit
332431,gala
365952,morality & choices
274371,advent calendar
260174,scandinavian folklore
314698,3d
268839,leo
296118,vijay beast
332959,lcu
333219,thalapathy vijay
342910,vijay leo
209266,animal kingdom
331677,future without prospect
287129,"mariupol, ukraine"
373370,frozen apocalypse
373371,paranormal expert
373372,young ghostbuster
373373,spectral invasion
373374,family teamwork
321233,wood chipper
355919,two dads
276996,classic cartoon
298239,heike story
9714,remake
366235,sarugaku
374421,overtime
350362,stepmother stepson sex
323780,corporate retreat
351800,work retreat
349573,threatening behavior
290950,humanoid alien
356268,"queens,  new york"
179305,airport lounge
312787,missed flight
208638,domesticity
317103,mother-in-law daughter-in-law relationship
230970,"ottawa, canada"
278314,prison escapee
297821,childbirth
315041,"pembroke, canada"
315045,"london, canada"
235390,yiddish language
230556,ironic
314773,making a bet
174491,compromise
293628,explore
350759,neil armstrong
176096,generational
194137,animal liberation
244744,deep cover
292162,murdered wife
223039,stockholder
231709,stock swindle
235611,insider trading
256040,finance trading
320253,internet personality
322077,gamestop
227950,lift
244298,absent husband
358985,montauk
230251,perfumer
246960,post colonialism
187283,natural birth
190035,working woman
280442,work-life balance
247484,political crisis
368252,cell phone footage
370241,bodycam footage
371511,married couple with children
247508,soviet union history
275067,ussr
326415,central asia
330961,idf
209870,clown mask
349458,talking about sex
295402,coronavirus
235577,true identity
279106,pressure to perform
375627,public prosecutor
375628,female lead
210609,"san antonio, texas"
261315,corgi
15065,azores
298517,science fantasy
283894,cali cartel
243090,free spirited
318607,long lost sibling
231787,urbex
233272,cultists
238024,unhappy wife
260724,"vilnius, lithuania"
238070,sick father
274663,durian
274664,wushu
236148,conclave
260373,sistine chapel
4424,pain
11223,dream girl
11219,u.s. navy seal
251762,genetic disorder
251502,poison gas
269485,severed arm
6514,health care
253959,boomtown
286691,seperation
335233,bruce springsteen
338746,the boss
217125,russian president
227612,nuclear submarine
239750,submarine commander
264778,soviet/russian navy
365581,submarine warfare
366142,arctic ocean
372178,post‑cold‑war tension
372181,strategic conflict
372182,naval tension
372183,u.s. navy crew
372184,special forces team
372186,pentagon involvement
239108,crystal meth
281692,methamphetamine
278555,steamy
323345,haunted woods
355765,broken relationships
374164,parental struggle
374165,reconnecting with child
374166,protective motherhood
306250,urban climbing
308959,climbing record
316174,scaling a building
213096,5th century
221196,unplanned pregnancy
217468,music manager
376273,mikhael extended universe (meu)
286239,apartment
292114,rock-and-roll
352123,lokesh cinematic universe (lcu)
292185,hostages
170378,schoolteacher
223184,ferry
291807,reality show
244745,black site
6285,coup d'etat
241869,loss of brother
235420,planned parenthood
367196,musical biopic
353329,velocidade
305493,taoist wizard
323528,relentless pursuit of one's dreams
368024,sports betting
328544,reminiscence
317377,foster
343589,disabilities
275475,murder of a policeman
324757,los angeles airport (lax)
326882,imminent threat
372745,blackmail plot
372746,suspicious luggage
372747,high‑pressure situation
204278,downhill
248915,skiing
292395,husband wife conflict
317729,avoidance
317737,alpine slide
317739,ski chalet
317749,"tirol, austria"
318084,sugar baby
344658,lapua movement
324082,muet
351092,film muet
236365,boat captain
310107,enigma
381416,trapped in the past
219103,dog cage
247443,greedy relative
308626,remission
361407,covid
371185,covid lockdown
334034,indian mythology
367801,supernatural comedy
235670,turning thirty
231493,clash of clans
336978,trade agreement
255257,doomed romance
314923,junkyard
372338,drone support
372339,mission gone wrong
372341,tactical combat
374025,constant pressure
256087,trains
254153,gomorra
215656,car driver
252856,car hijacking
229008,disarm
239803,mosul
252202,keine herrenjahre
232817,petty crimes
241445,asian origins
360248,heartbreaking and moving family drama
236217,qing dynasty
368008,fromholz
173327,brick wall
225161,trickery
273146,stealth marketing
314783,home shopping
322582,closing the salesdeal
312782,miss nothing
272737,peasant girl
293805,peasants
311422,disruption
351922,establishment
324209,animated remake
293658,ana akım
257273,oscuro
345085,historia paraguaya
191485,coastal village
337012,scottish folklore
208003,layoffs
297339,new persona
252577,woman disguised as man
269898,immaculate conception
278015,objectum sexuality
353254,event
206656,english village
208103,disgusting
180999,drought
245558,crime russian
296806,political opposition
305107,russian intelligence services
321716,chemical poisoning
236595,corrupt church
210091,brainiac
359402,cat lady
229452,camp life
268626,indigenous women
207545,freak show
239559,mentalist
363992,letters
269268,sadistic killer
301766,porno
243599,unidentified aerial phenomenon (uap)
160767,cystic fibrosis
256184,pagan myth
251619,rural
206928,criminal organization
207694,procedural
437,painter
327862,female journey
329833,elder rights
333316,boat travel
348366,journey of life
348825,journey and escape
362999,dreamlike journey
269678,student mentor relationship
5616,usa–mexico border
298458,mexican police
368100,border crime
371787,personal mission
371788,close combat
372976,corrupt officers
373322,local informant
316669,survival of the fittest
373255,human‑ai distrust
373256,survival partnership
373257,rogue ai threat
373258,machine autonomy
373259,hostile planet
373260,futuristic spacecraft
373261,neural interface
373262,deep‑space mission
373263,military robot
238783,fast car
204045,awards show
234990,bafici
368401,test pitch
374329,fail
381617,fidba
312193,online mobile game
251887,dutch painter
254120,oil painting
254255,dutch resistance
287855,johannes vermeer
249641,gucci
234801,public speech
250584,spacex
257910,controversial advertising
259018,portrait of a dictator
291395,neurotechnology
317940,neurological surgery
322573,ia
324134,elon musk
269527,falling in lake
252363,cities of love
265594,meyer lansky
265595,lansky
282151,meier suchowlański vel lansky
282152,meier suchowlański
199991,mauritius
307667,space dog
357097,malaise
282521,pipeline
292049,teen runaway
254744,élysée palace
256472,"jaen, spain"
324545,olive oil
329378,agricultural crisis
359320,españa
365627,lopera
373085,space race rivalry
373086,public image manipulation
373087,media‑driven narrative
373088,nasa headquarters
373089,television studio set
373090,lunar simulation room
373091,cold war backdrop
373092,hilarious misunderstandings
373093,mission control staff
373094,public relations team
295504,powers
274836,cuttlefish
228750,grand prix
292464,speed racing
234908,infamous
369439,child of a serial killer
295498,emo music
329794,the skags
329795,human fade
329796,"medford, new york"
270021,chemical contamination
270023,blood test
280632,scary stories
361421,research and development
210733,podcaster
317220,death of ex
355215,west texas
320968,missing lover
223946,ugly girl
253260,high school drama
327816,souvenirs
331648,peinture
333776,identité
382856,acceptation
382857,sombre
188153,luxury car
361094,giallo
299299,electronic bracelet
308609,internship
251984,rapper wannabe
369784,สงคราม
212811,forced abortion
330275,actions
348125,identity struggle
300433,controlling parent
254260,black love
259381,son of the boss
318786,instant attraction
324811,public breakup
324817,vintage fashion
324819,career vs love
221218,first responders
307650,mental health advocacy
379052,superman complex
246148,tactical command unit
266307,triple agent
359048,infancia
361713,"saga, japan"
226985,pilot training
242272,acrobatics
250074,war against fascism
245721,extravagant
245742,lucha libre
255774,ailuranthropy
256046,arthurian mythology
254703,uncertainty
364304,steel factory
266720,social climber
241595,teen dating
223034,dover
330938,non-canon
189150,incurable disease
310811,kabukicho
351587,lol
323202,vhs tapes
345179,found footage mystery
281520,sleep study
377925,lgbtqia+
1649,provence
372048,ex‑convict
374385,jean valjean
374386,bishop bienvenu
249649,flats
253296,hikikomori
287296,seafood
354988,dramas
365781,lobster
379069,relationships
297768,central europe
194912,war memories
247317,nazi legacy
313549,survivor memories
214595,stage adaptation
276764,punk
165038,wiretapping
330055,malfeasance
271664,semi-narrative
276449,woman scorned
286507,crazy
325989,uncontrollable anger
381652,80s
195897,prison brutality
237131,sainthood
339099,actress-director relationship
344556,opening night
267537,mixed media
383359,emotional crisis
383361,woman protagonist
298666,erotic romance
254459,legal thriller
222974,rich family
230876,boyhood
316125,alps
239601,european animation
377467,czech animation
240862,community theater
312133,anti-nazi
366947,heinous
155841,gambler
231832,luxury yacht
367929,pleistocene
292463,race car driving
170217,held hostage
302151,whistle blower
302153,drug company
302155,medical research laboratory
302156,confidentiality agreement
241479,nighttime
344032,assasino
360254,high risk action
360255,dark world of horror
369941,vulnerable
312221,stone tablet
290805,youth detention center
333623,são paulo
205735,older sister
195609,fitness model
298677,followers
322209,instagram
215620,new horizons
220969,left for dead
253788,abuser
222231,party weekend
236419,aid worker
369496,rookie agent
369497,abuse of authority
373148,pikeville
373149,appalachian town
271866,orca
297134,aquatic horror
342930,stranded at sea
334044,jackson yee
347500,grandma-grandson relationship
353548,female star appears topless
379666,romeo and juliet
308568,hiker
233083,complex relationship
166287,school bus
272692,firemen
344917,harrowing
321969,air travel
381475,boeing
381478,corporate ethics
250871,video artist
220915,communist espionage
343515,john doe
352338,joão ninguém
352339,ian braga
352340,rick yates
352341,fernando cassano
295208,cryo-preservation
337847,mma fighter
288586,stern
327605,blood and honey
236859,traditional culture
225976,burned face
226452,regional
315263,rural town
230995,guam
174085,child of divorce
232763,arrested development
277021,conspiracy theorist
326804,moon falling
211775,frenemies
339530,club kid
364488,zombie comedy
338970,dante
362475,vatican
235152,savannah georgia
220161,mallet
243810,apocalyptic vision
302399,stoner comedy
220546,touring
267986,jeju island
287581,wuthering heights
311472,emily bronte
311473,royal academy of arts
234822,extinct
275526,livonian language
343856,holiday road trip
343857,chappell roan
223221,accepting death
263996,walt whitman
284169,child raised by grandparents
323248,reconsidering of life
342815,moments of life
343049,orphan boy
246197,country  town
246198,annihilated
352586,e agora? a mamãe saiu de férias!
253507,obsessive
330814,all-girls school
193272,spy ring
267803,anti-castro organization
267884,cuban history
254272,priests
272480,clean-ups
243143,wandering
241980,turned into animal
302133,crime organization
246952,raw agent
4107,british empire
358650,quirky characters
346497,mesoamerica
227092,child selling
281523,gender violence
307969,gold dust
350556,father daughter sex
353992,brother in law sister in law relationship
372369,criminal territory
372370,teen brothers
372372,vulnerable youth
372373,ruthless criminals
372374,gang recruits
374032,territorial control
283005,secret crush
294446,store
252343,pet monster
266960,poisonous spider
269398,broken window
270328,spider venom
333355,deadly pet
333356,pet spider
333358,air vent
333359,crawling in air vent
191018,public speaking
233606,lonely woman
313071,planets
258565,doctorate
240640,jungle boy
281353,ufology
284748,seriously for ufo
317024,secret space ufos
326770,ufo disclosure series
301079,desolate planet
306925,eldritch
212864,killed in action
274113,teenager horse relationship
208309,traffic ticket
240411,loss of home
337045,broke
338990,life threatening
353227,straw
2398,narration
229787,reverse chronology
188343,diagnosis
259443,police informant
327761,psychic medium
261286,workplace culture
234616,concentration camp escape
290382,lesbian affair
256099,sacred tree
250212,japanese occupation of korea
166323,horror filmmaking
180307,driving
342797,pixar sparkshorts
255699,african history
9914,slice of life
229408,whirlwind romance
167986,racer
336644,dialog in rhyme
341221,poem narrative
352108,poetic realism
356090,poetic essay film
356164,candlelight
357237,poetic cinema
230588,simpleton
275100,street shootout
265235,soviet politics
252161,war of the spanish succession
252162,drop disease
267882,queen anne
369929,british
328726,naughty kids
198722,music scene
354449,unseen
208759,pediatrician
260428,nice guy
288868,prosocial psychopath
242831,fright
242024,obssesive fan
332053,political violence
362124,small town secrets
373784,seeking redemption
373787,irish countryside
331863,muromachi period
357887,anonymous testimonies
170560,jewish girl
281440,national wildlife refuge
224626,british navy
248356,german occupation of greece
266473,katsonis
266474,greek navy
290840,trash art
273593,hammer
224324,choose your own adventure
249983,video game development
155573,wild west
370427,spy vs spy
370428,deadly alliance
370429,trust no one
370430,hidden truths
370431,silent war
370432,broken loyalty
370433,shadow politics
370434,cold betrayal
370435,final operation
370436,intelligence war
370437,nis agent
370438,humint
163418,drum kit
242216,late-night show
361084,late night television
360436,unknown danger
372594,looming catastrophe
372595,parental protection
372596,apocalyptic tone
373379,planetary threat
373380,emotional stakes
373381,military checkpoints
171192,pug
231654,spoiled
311045,deaf girl
353406,thrilling
367575,gangs
8681,supreme court
351956,non-linear narrative
206213,vojvodina
357729,hungarian documentary
308664,satanic panic
188472,aerial stunts
331791,stunting
257974,demon girl
324739,environmental collapse
156835,hypnotism
222859,sunken submarine
3903,bar mitzvah
222823,failed marriage
8625,"patagonia, argentina"
171261,television broadcast
157198,"belfast, north ireland"
211019,botanical garden
323624,burger joint
357990,historic
270320,experiment gone awry
353811,apocalyptic
365093,quarantine zone
161504,manor
383282,dlp
383283,程序乱码
324538,first time filmmaker
348718,mafia family
368403,abandoned warehouse
256274,mexican folklore
187234,bornholm
192856,psychosexual thriller
349412,andre gaines
192460,macho man
238025,bad influence
262803,social acceptance
269718,maleficent
351978,influencers
323922,couple on the run
374255,father’s revenge
379348,hiding from mobsters
249334,spoiled girl
230747,bleak
308773,night stalker
312271,religious trauma
282933,psychic connection
323449,american giallo
239969,breaking up with boyfriend
307177,missing brother
372756,retro‑futuristic world
372757,post‑war dystopia
372758,technological ruins
372759,technology fallout
372760,emotional sci‑fi
374252,search for family
374253,survival journey
341686,shocking and pain-inducing stunts
210544,estonia
278644,being human
278645,human alien love
278646,urban survival
220940,folktale
295420,arthouse horror
318182,arthouse
322650,fantasy folk
256489,ethiopian jews
289250,black opal
383913,diamond district
257075,deepwater
346619,deep dive
275158,skeletons
287266,abominable snowman
328590,witches
377113,gummy bears
222887,burrito
273748,energy drink
287951,turbulent flight
305458,plane travel
338856,new boss
249831,tattooed by gang
304807,caught-on-tape
319919,sexy woman
327115,erect penis
347875,joke writing
347876,influential woman
317533,apartment buildings
284361,nollywood
302689,medical intern
319399,pepper
371106,hospice patient
244145,wishes
235245,assassination team
326707,memorium
6547,horoscope
303724,zodiac signs
241792,pasadena
243925,zydeco
259209,hunting obsession
178661,honey trap
192628,erotic novel
291507,encounter
311763,berlinale series
220923,field trip
239093,oboe
262765,pansexual
234723,jeweller
194592,operation entebbe
214682,idi amin
11870,teen movie
312660,biological father
226442,serengeti
251493,big cats
158217,colonialism
270919,nuxalk
287485,indigenous sovereignty
318016,land defense
325353,land back
349599,survivors
258990,personal demons
371817,child actor past
371818,fame pressure
371819,blackmail video
371820,public apology tour
211212,fan mail
373460,celebrity downfall
373461,media strategist
373462,film studio offices
190931,nanking massacre china 1937
239841,runaway couple
376723,"princeton, new jersey"
323554,salaryman
201958,delfin
179553,lost pet
223004,quadriplegia
211362,political repression
228296,stage actress
341855,conversational film
342662,monologue
353044,off beat
353565,wacky
362252,weird
364558,sporg
2844,"athens, greece"
286927,mother in rehab
308908,ben franklin
371682,1780s
207960,saskatchewan
222288,genetically modified organism
5709,bus stop
221410,silent night
248385,carlist wars
230578,manaslu
292290,nanga parbat
2288,people smuggling
249029,thesis film
215565,hotel business
265730,magic camp
265759,canadian politics
316605,elections
232533,immortal
283201,bloody death
183896,neighbor neighbor relationship
215036,state crimes
283846,evil little girl
227855,female psychopath
311315,dramatic
255923,aspiring boxer
208781,intimacy
360877,zombies
314332,traumatic past
254572,live studio audience
272742,vampiress (female vampire)
169055,national basketball association (nba)
5625,relationship problems
372208,sigmund freud
157908,psychedelics
373316,satirical tone
374167,gothic parody
374168,slapstick gore
267448,telephone switchboard operator
267449,audio static
248509,japanese occupation of china
248510,kuomintang
299578,searching for biological parents
233268,guangzhou
240155,working life
360973,package film
326200,topless women
337355,popeye
253686,trapped in burning building
192671,recife
354726,ditadura militar brasileira
238158,vosges
275268,human in nature
345356,father son bond
368585,human-nature connection
370746,father and son
214798,love problems
383117,identity fraud
383118,grandfather search
221022,slackers
320391,aapi
320785,economic struggle
342874,aging man
366662,unemployed child
366663,unemployed daughter
366664,new medicine
366665,medical procedure
366666,desperate times calls for desperate measures
246968,the old west
212760,interspecies romance
260781,coexistence
213119,living with sibling
351456,demanding boss
286630,chinese republican era
198762,dictionary
246965,town bully
314411,shy guy
338714,gadgets
190083,gnome
327846,velocidad
369656,clímax
370466,euforia
370467,excesos
190115,sexual liberation
313501,orgie
190114,tasmanian tiger
193459,australian aboriginal
241981,thylacine
250604,mating ritual
250605,mating
9294,foreign language
232649,"busan, south korea"
258733,animal narrator
381548,washington university
208021,spanish transition
210698,folk-dance
214921,hack
308737,moral outrage
368720,senior prom
368721,prom court
368722,trans masculine
368723,trans dysphoria
368724,dysphoria
244751,body enhancement
324068,microship
233536,syrian refugee
254852,north of england
364925,multi-ethnic community
9872,grief
205041,pamplona
240109,intersex
276784,port arthur
193071,trial by combat
247681,knighthood
308839,ornery
313508,bookstore owner
328715,depressed man
328720,love of books
363961,family breakdown
364707,loss of freedom
371731,political radicalization
371732,rise of autocracy
371733,toxic influence
371734,radical thinker
371735,public influence
371736,visionary author
373187,ideological conflict
373189,fear‑driven politics
373190,university environment
373192,intellectual extremism
210939,fakir
235607,mavka
235608,ukrainian folklore
296736,love vs duty
257872,neo-nazis
314731,danger
325471,old west town
262262,lap
211206,pentecostalism
254730,stop frame
342557,elf
312285,tactical warfare
370272,retrieval of secret documents
370273,underground passages
373176,enemy infiltration
373177,military ambush
373178,vietnamese jungle
373179,enemy tunnels
244967,animate statue
244417,art installation
258226,visual poetry
305843,art film
304583,minimoys
338751,hotelier
345073,rich girl poor boy
360385,embarrassment
269652,undercover investigation
296383,residential care
312330,group comedy
352374,argentinian dictatorship
233097,self-sabotage
307671,beach wedding
307754,peace corps
310390,island resort
340971,judy wood
383906,combat squad
282075,field work
210540,life lessons
255456,children's
349890,fantasy kids
353276,holiday joy
224812,herbalists
254731,russian federation
274933,collapse of soviet union
265396,complicity
290160,maternal love
313248,corporate downfall
251175,erotism
226973,seaside village
199524,disturbed
270086,arguing couple
235528,european refugee crisis
232483,irish folklore
312832,twin
217103,last human
159894,security system
347045,gay bashing
272408,evil spirits
231520,international adoption
365487,korean adoption
201467,coastal
236511,depth psychology
238544,violent storm
245485,rivers
222027,makeshift family
363831,unusual friends
373394,gentle humor
373395,community meetings
373396,retired neighbors
373397,soft‑spoken alien
336210,cine uruguayo
349761,wilderness survival
180778,get together
156863,gi joe
232469,urban gothic
251284,case file
241604,bambi
314525,sports competition
319799,self awareness
326737,ema
326738,ula
155460,defection
241179,gay history
253688,russian ballet
226646,animal slaughter
238539,corrupt sheriff
227584,humanitarian work
365778,toxic parents
244910,rehearsal dinner
7946,deer
191724,andes mountains
313129,older women
215861,abandoned mine
7567,book club
227556,social elite
172320,river of slime
176027,behemoth
186210,chalk.
189920,"harlem, new york city"
192664,bbw
193193,era
200600,ftm
202904,vet
207264,selfie
208817,indie rock
215603,nsk
216735,ham
222800,ra
238096,rug
332,insect
220,"berlin, germany"
316,chess
305,moon
188,buddhism
290,angel
292,berlin wall
139,anti terror
295,library
113,holy grail
291,circus
269,diving
128,love triangle
242,new york city
282,video game
240,underdog
90,"paris, france"
328,insulin
65,holiday
254,france
100,slum
272,transylvania
276,"philadelphia, pennsylvania"
75,gunslinger
306,jupiter
83,saving the world
248,date
212,"london, england"
236,suicide
259,amputation
270,ocean
131,italy
233,japan
74,germany
310,artificial intelligence (a.i.)
107,"barcelona, spain"
278,stockholm syndrome
213,upper class
110,"venice, italy"
314,life and death
324,portugal
186,christianity
258,bomb
312,man vs machine
271,competition
222,schizophrenia
30,individual
311,human evolution
108,transvestism
211,bureaucracy
237,gay
255,male nudity
260,disillusion
277,cassandra syndrom
279,usa
293,female nudity
318,police state
321,terror
323,raf (royal air force)
331,tattoo
187,islam
246,dancing
460,free love
344,inquisition
347,aristotle
352,secret passage
365,ghost train
369,kaffeehaus
374,smuggling of arms
699,love at first sight
333,mushroom
612,hotel
385,jules verne
386,railroad robber
420,bowling
458,hippie
389,clock tower
640,transvestite
398,slang
521,"washington dc, usa"
455,farewell
532,music record
418,white russian
419,dude
436,south seas
548,countryside
441,assassination
449,yugoslavia
457,responsability
578,rock 'n' roll
464,total destruction
467,megacity
471,mount rushmore national memorial
473,chain
477,train station
366,sex shop
481,imperator
351,poison
488,moses
494,father son relationship
495,scapegoat
497,shakespeare
570,rape
503,federation
504,uss enterprise
505,starfleet
508,nudist camp
515,women
631,apnoe-diving
554,manager
522,borg
641,single parent
407,dictator
643,horse race
409,africa
550,callgirl
559,peace conference
563,deja vu
564,polen
572,sex
577,black people
560,oxygen
396,transporter
584,perfect crime
509,denmark
613,new year's eve
589,lebanon
414,hunter
516,child abuse
593,globalization
376,neo-nazism
606,orcs
609,middle-earth (tolkien)
611,hobbit
536,israel
617,shire
619,rivendell
470,spy
663,fortune teller
633,record store
634,soul
635,disc jockey
638,bruce frederick joseph springsteen
639,record collection
490,philosophy
651,candelabrum
587,"amsterdam, netherlands"
660,monte carlo
665,uss enterprise-a
671,enterprise-e
496,poetry
339,submarine
642,robbery
680,montana
493,poem
485,nepal
486,himalaya mountain range
390,skateboarding
579,american football
514,spain
558,city portrait
445,pornography
476,self-fulfilling prophecy
525,foreigner
201189,nfl (national football league)
622,bet
650,gymnastics
603,elves
395,gambling
434,destruction of a civilization
416,"miami, florida"
422,vietnam veteran
472,bathroom
393,civil war
534,mexico
625,sadistic
657,fire
428,nurse
397,bare knuckle boxing
430,venezuela
596,adultery
567,alcohol
379,skinhead
391,flying car
399,fountain of youth
566,sexual identity
637,pop
483,riddle
604,dwarf
537,palestine
539,middle east
629,"sicily, italy"
444,taxi
542,street gang
440,missionary
630,dolphin
367,shyness
526,rebel
487,cairo
571,transsexuality
345,monk
677,nuclear war
463,swinger club
383,poker
394,gypsy
1008,guerrilla warfare
898,hip-hop
789,muslim
725,lovesickness
769,falsely accused
972,refugee
791,mentally disabled
735,torera
776,screenplay
888,screenwriter
741,transplantation
802,regret
879,brain tumor
746,vulkan
747,genesis
748,sha-ka-ree
750,rura penthe
766,beethoven
768,romulus
770,scotland yard
774,film business
977,cat
715,chocolate
726,drug abuse
1022,workaholic
794,red hair
795,running
931,jealousy
800,bounty
793,drowning
730,factory worker
811,dialogue
813,sunrise
856,paraplegic
826,heterosexual
827,diashow
1019,rodeo
941,tradition
910,bondage
835,jewry
798,sheriff
922,hotel room
843,cataclysm
708,runaway
849,dc comics
852,chemical
855,fictional place
875,dubrovnik
881,money transfer
883,capri
884,cinecittà
887,film producer
890,races
893,irony
836,resistance
895,optimism
899,rhyme battle
900,trailer park
901,groundhog
744,"madrid, spain"
905,alarm clock
906,job-hopping
907,japanese
915,car thief
919,smoking
924,italian
930,in love with enemy
839,planet mars
936,loss of mother
946,excommunication
947,prohibition
949,terrorist
951,delorean
955,plutonium
956,almanac
957,indian territory
958,indian lead
960,homeless person
963,loss of brother
964,servant
968,manchester city
734,bullfighting
978,broken engagement
982,rain shower
983,brazilian
986,tv addicted person
987,overweight child
995,cinderella
999,sports car
1000,other
1002,authority
787,mississippi river
1007,homesickness
1009,baby
1010,bar
1014,loss of lover
824,drag queen
1023,fire escape
201190,mlb
851,dual identity
892,"glasgow, scotland"
916,"marseille, france"
974,bank
918,newspaper
825,support group
733,dancer
928,hairdresser
902,weather forecast
953,guitar
700,italian american
975,money laundering
903,telecaster
1004,commercial
1005,karaoke
996,expensive restaurant
1013,homophobia
772,handcuffs
992,bus
792,"copenhagen, denmark"
952,lightning
816,walking
985,candy
966,beach
823,"cologne, germany"
911,exotic island
738,sexuality
817,bookshop
736,journalist
803,android
994,paralympics
704,adolescence
814,talking
965,age difference
815,soulmates
718,confession
971,rwanda
990,squirrel
810,"budapest, hungary"
822,airport
973,refugee camp
897,rap music
716,vatican (holy see)
933,michigan
853,crime fighter
796,police brutality
717,pope
701,cuba
1016,"wyoming, usa"
714,child labour
840,usa president
885,villa
1155,brother sister relationship
1156,sister sister relationship
1507,clock
1405,roman empire
1399,senate
1161,brazil
1189,profession
1360,minnesota
1459,marriage proposal
1453,amnesia
1488,tennis
1225,print shop
1226,printer
1447,"indiana, usa"
1240,eating and drinking
1241,persia
1293,asia
1338,bachelor
1209,wales
1254,music style
1269,energy policy
1279,medicine
1261,river
1291,central and south america
1294,whip
1366,shotgun
1296,shared universe
1521,time warp
1491,entertainer
1313,mental disease
1315,hays code
1316,captain
1318,blacksmith
1319,east india trading company
1322,money delivery
1382,factory
1328,secret
1284,identity
1330,social coercions
1336,ransom
1333,desperation
1334,wedding vows
1337,carpet
1342,dancing master
1343,mambo
1348,animateur
1356,billard
1358,colour-blindness
1361,salesclerk
1362,place de clichy
1365,harley davidson
1224,radio station
1375,submachine gun
1378,laserpointer
1381,sun glasses
1499,pastor
1420,gas station
1388,cinema
1389,cinephilia
1396,colosseum
1406,night watchman
1407,montmartre
1408,shoe seller
1508,new mexico
1417,jurors
1435,scissors
1437,burglar
1440,spaghetti
1443,clerk
1421,birthday
1448,distrust
1449,underworld
1158,grandparent grandchild relationship
1452,loss of child
1456,medallion
1457,corset
1465,loss of family
1262,mountain
1223,switzerland
1471,places and planets
1472,starships
1474,policy and organisations
1253,roommates
1483,sports team
1484,pitcher
1485,stadium
1486,flirt
1487,tennis racket
1489,river thames
1497,fly fishing
1501,allegory
1502,marshal
1505,famous score
1515,block party
1516,megaphone
1522,repayment
1412,becoming an adult
1222,zurich
1430,self sacrifice
1297,predator
1524,surfer
1244,hungary
1480,baseball
1197,nevada
1462,samurai
1400,swordplay
1395,arena
1199,netherlands
1463,culture clash
1517,classroom
1321,gold
1461,compass
1353,underground
1227,cemetery
1280,laser gun
1394,gladiator
1242,war on terror
1482,trainer
1441,christmas party
1245,illinois
1438,office
1357,fish
1432,nasa
1317,card game
1310,mentor
1477,world cup
1233,composer
1248,croatia
1525,puberty
1346,dance performance
1490,cleaning lady
1192,sweden
1376,assault rifle
1339,duck
1454,treasure
1335,sense of guilt
1411,brothel
1418,skyscraper
1373,killer robot
1025,great britain
1436,inventor
1202,monaco
1402,general
1307,butler
1439,flat
1274,pessimism
1327,war crimes
1529,buddhist monk
1735,amateur detective
1531,mountain lake
1613,terraforming
1534,attachment to nature
1536,religious education
1544,locomotive
1739,holocaust (shoah)
1548,hutu
1549,tutsi
1560,dynamite
1715,symbolism
1572,bestechung
1574,rat pack
1578,loss of sister
1584,yellow press
1582,saloon
1591,ex-detainee
1596,anonymous letter
1604,operation
1610,country estate
1611,hotelier
1546,ambulance
1615,simulator
1794,yakuza
1624,vichy-régime
1626,visa
1627,patriotism
1632,opium
1638,translation
1639,clarinet
1642,bicycle accident
1628,nationalism
1662,bosnia and herzegovina
1667,pimp
1650,cook
1651,donation
1652,bread
1657,eastern germany
1658,frankfurt/oder
1660,suppressed past
1661,sarajevo
1599,midlife crisis
1666,mexican standoff
1797,loyalty
1669,wave
1792,cliff
1679,arbitrary law
1541,nihilism
1682,workers' quarter
1686,home run
1698,ideology
1635,deaf-mute
1550,militia
1704,ambassador
1562,hostage
1716,milieu
1576,technology
1552,subway
1732,innkeeper
1734,cop-killer
1738,ukraine
1595,ex-girlfriend
1745,passion for collection
1746,souvenir
1752,detective inspector
1756,opression
1757,passenger
1760,casual meeting
1765,brontosaurus
1767,electric fence
1768,san diego
1774,news broadcast
1777,ford taunus
1778,ruhr
1779,mercedes benz
1568,undercover
1782,thumb
1785,casting agent
1789,boomerang
1796,sake
1799,schutzstaffel
1802,revuegirls
1809,rio de janeiro
1805,curfew
1808,lover (female)
1788,chinatown
1806,desertion
1790,banjo
1743,journey in the past
1751,social work
1653,explosive
1770,spinosaurus
1655,country house
1786,heart attack
1729,migration
1577,solidarity
1749,taxi driver
1565,loss of sense of reality
1787,"helsinki, finland"
1759,night life
1718,dna
1532,meditation
1675,illustrator
1545,supermarket
1594,ex-boyfriend
1705,congress
1571,return
1737,it-expert
1559,deputy sheriff
1663,go-go dancer
1781,"mallorca island, spain"
1605,new love
1755,fascism
1773,socialism
1526,home
1740,pop culture
1775,demonstration
1589,sniper
1601,war on drugs
1671,surfboard
1683,gadget
1527,gladiator fight
1583,mass murder
1761,metropolis
1720,tyrannosaurus rex
1764,triceratops
1680,"boston, massachusetts"
1617,cadet
1640,conservatory
1625,emigration
1543,war veteran
1587,way of life
1621,robber
1766,velociraptor
1731,writing
1691,dance
1553,pottery
1670,sun
1603,extraterrestrial technology
1556,texas
1618,radiation
1551,indigenous
1567,intensive care
1772,german democratic republic
1776,stasi
1673,brass band
1690,belgium
1608,twin sister
1629,morocco
1672,lifestyle
1741,blindness and impaired vision
1811,wine cellar
1813,toxication
1816,staircase
1819,paddleboat
1820,trip
1821,sunday
1822,bath
1956,world war ii
2016,vandalism
1826,space marine
1828,space suit
1918,cooking
1841,brandenburg
1847,istanbul
1850,daily life
1854,world of fasion
1861,nice
1864,virtue
1866,bad smell
1872,loss of father
1873,yuppie
1874,car dealer
1880,mobile phone
1881,dutch
1882,mistral
1884,breakfast
1885,quickie
1886,cruising
1888,row
1891,tent
1895,jet lag
1909,coffin
1898,youth hostel
1812,fbi
1901,corner shop
2024,wisconsin
1904,life planning
1907,fictitious marriage
1912,habor
1915,gibraltar
1917,chocolaterie
1922,houseboat
1924,praline
1926,car journey
1927,car breakdown
1878,plumber
1933,nazi background
1935,wind
1937,document
1939,hamster
1942,strangeness
1945,lethargy
1972,hearing
1947,answering machine
1948,literature research
1950,vororte
1952,socially deprived family
1954,ultimatum
1958,toscana
1959,burn
1961,landmine
2085,summer residence
1966,royal geographic society
1908,katana
1969,map
1971,mine clearer
1975,arabian
2032,pop singer
1960,mine
1982,old people's nurse
1983,pharmacist
1985,prenzlauer berg
1988,wodka
1990,cupboard
1998,shop
2001,arms deal
2005,tree house
2070,olympic games
2082,sailing trip
2019,liberation of prisoners
2022,godmother
2025,tractor
2026,lawnmower
2029,iowa
2031,orpheus
2033,hades
2034,hermes
1968,prisoner of war
1857,irish-american
1852,mutant
1953,vault
2050,desert scientist
2053,mural painting
2056,kurort
2058,film setting
2059,cycle
2060,penalty
2061,mortification
2063,taskmaster
2064,overweight
2065,province
2069,bathing
2071,caribbean islands
2074,pflegeheim
2078,mammoth
2084,schleswig-holstein
2086,youngster
2087,lolita
1815,atomic bomb
1846,craftsman
1849,homicide
1842,village life
1938,sword
1936,blackmail
2075,alabama
2037,nordic mythology
1929,bank manager
2062,restart
1897,"oregon, usa"
1949,pyramid
1992,professor
1896,"portland, oregon"
1817,orgy
2020,revolution
2055,creative crisis
1860,mutiny
1862,coming out
2076,atlanta
2081,department store
1963,expedition
1919,mayor
1865,biological weapon
1944,epilepsy
1967,cave painting
1845,fire brigade
1913,atlantic ocean
1899,hunger
2038,love of one's life
2073,illiteracy
1991,santa claus
2045,cynic
1859,arizona
1979,balcony
1906,egocentrism
2080,stewardess
1925,camera
1941,ecstasy
2079,sloth
2051,intelligence
2039,sexual frustration
1889,lake
1994,wolf
1974,breakdance
2042,beaver
2072,chauffeur
1965,sandstorm
2052,traitor
2007,saxophone
1879,shower
2088,anti-authoritarian upbringing
2089,harmonica
2097,lantern
2098,fountain
2100,new building
2213,tornado
2107,coca-cola
2109,communist
2110,capitalist
2112,headquarter
2115,to tinker
2118,sultriness
2125,gallows
2134,press
2136,television
2137,totalitarian regime
2138,joke
2139,russia
2140,chamber of commerce
2142,anonymity
2143,loss of parents
2147,claustrophobia
2148,colombia
2350,"seattle, washington"
2159,red cap
2163,civilization
2164,sapient
2167,ethologist
2168,drive
2171,kaspar-hauser-syndrom
2174,maquiladora
2175,bogey
2235,drug mule
2178,fab four
2181,springfield
2182,bars and restaurants
2184,the simpsons
2195,scrabble
2122,death penalty
2225,third world
2203,unexpected happiness
2205,duff beer
2206,piggy bank
2300,despair
2212,greenhouse effect
2216,hail
2218,temperature drop
2220,polar zone
2221,meteorology
2222,gulfstream
2223,barrier ice
2224,ice melting
2229,neukölln
2230,zehlendorf
2318,choir
2232,move
2236,protection money
2245,massacre on french algerians 1961
2248,moderator
2249,camcorder
2113,iron curtain
2263,algerian
2161,mouse
2273,role of women
2274,sikh
2286,border
2277,penalty shot
2151,drug crime
2339,political activism
2282,love of animals
2289,cigarette smuggling
2292,communion
2294,illegal employment
2295,eastern block
2132,literature
2298,bankrupt
2335,southern france
2233,neglect
2303,mathematician
2304,market economy
2305,economic theory
2307,princeton university
2310,procession
2311,cabaret
2320,violent husband
2322,thirst
2323,group dynamics
2325,wrong accusal
2326,alibi
2333,campsite
2336,ladykiller
2338,alpine hut
2334,nightclub
2342,laughing
2217,rain
2344,chimney sweeper
2345,spaceman
2346,worker
2349,german
2150,cocaine
2352,narkolepsy
2353,pink bathrobe
2226,exodus
2309,nobel prize
2358,helix
2359,headache
2362,chaos theory
2369,sinti and romanies
2374,bad mother-in-law
2347,idaho
2156,homeland
2157,hacker
2324,bulimia
2111,soviet union
2281,mistake in person
2314,pentagon
2317,conductor
2124,puerto rico
2200,generations conflict
2214,twister
2357,cleveland
2278,women's football (soccer)
2102,brother-in-law
2285,telegram
2215,hurricane
2103,old town
2135,radio
2199,opera
2187,riot
2177,sauna
2105,garden
2367,rehabilitation
2321,bunker
2101,garage
2250,menace
2172,zoo
2316,women's sexual identity
2149,drug trafficking
2365,crete
2227,evacuation
2348,hustler
2337,pedophilia
2219,ice age
2283,ball
2284,horseback riding
2279,"bavaria, germany"
2123,father murder
2246,confidence
2116,sleep
2280,emperor
2315,jewish life
2117,subconsciousness
2096,auction
2173,illegal immigration
2296,border patrol
2341,nanny
2095,anti hero
2376,perversity
2553,puppeteer
2382,flower
2468,foster parents
2384,modernity
2428,deportation
2390,migraine
2392,koran
2619,suspicion of murder
2602,cellar
2400,juvenile prison
2401,grandmother grandson relationship
2402,concrete slabs building
2404,masked ball
2405,roof
2408,côte d'azur
2410,choirmaster
2422,mockery
2415,idiot
2416,publicity
2417,self-awareness
2419,staging
2420,normality
2426,group sex
2429,will to survive
2430,hiding place
2431,ghetto riot
2435,warsaw ghetto
2411,"new orleans, louisiana"
2446,krakow
2448,freight train
2551,pet
2451,gas chamber
2458,profit
2461,mathematical theorem
2462,m.i.t.
2564,wheelchair
2465,rolling stone
2626,exorcism
2471,monarchy
2472,form of government
2477,demeanor course
2480,eye operation
2481,eyesight
2482,swear word
2483,nudity
2486,fantasy
2487,naivety
2488,self-abandonment
2489,hereditary disease
2467,difficult childhood
2496,impotence
2499,heal
2475,kazakhstan
2506,algerienkrieg
2510,giraffe
2511,methodist church
2514,moqukito
2516,boat wedding
2517,leech
2518,gin
2519,canadian
2414,test of courage
2524,non-governmental organisation
2492,bank robber
2425,bodily disabled person
2528,hydrogen bomb
2531,strategic air command
2532,bomber
2534,missile
2535,destroy
2538,begnadigung
2540,alp
2541,tyrol
2618,miracle
2548,kleptomania
2554,macho
2559,film maker
2562,press conference
2565,bath tub
2566,cohabitant
2604,babysitter
2598,museum
2571,tv show
2573,metal detector
2581,giant wave
2585,appropriation of another human being
2586,externally controlled action
2629,psychological stress
2588,brain
2589,pet shop
2593,card trick
2596,lordship
2600,crisis line
2601,telephone joke
2605,lodz
2606,jew
2608,pole
2609,textile industry
2610,period of promoterism
2613,luxury
2614,inhumanity
2620,evidence
2623,headline
2624,czech
2627,southern germany
2628,site of pilgrimage
2630,cutting the cord
2437,"munich, germany"
2433,jew persecution
2386,empowerment
2421,social control
2479,chicken
2544,ugliness
2493,oklahoma
2452,crematorium
2441,donut
2439,coffee
2407,fireworks
2539,harassment
2583,blackout
2380,audio tape
2547,new identity
2597,bigfoot
2569,prime minister
2409,church choir
2444,jewish ghetto
2494,ohio
2434,liberation
2438,social worker
2436,polish resistance
2521,congo
2509,hippopotamus
2456,industrialist
2490,loss of eyesight
2381,wedding planner
2449,black market
2599,necklace
2560,paparazzi
2423,simulation
2567,vertigo
2406,picnic
2466,sarcasm
2394,ghetto
2522,grizzly bear
2591,tarot cards
2594,magic show
2412,commune
2387,"delhi, india"
2580,shipwreck
2552,chimpanzee
2574,lunatic asylum
2385,monsoon
2501,death row
2520,tanzania
2389,virgin
2631,pedagogics
2634,expiation
2637,bishop
2638,cathedral
2639,falcon
2640,twilight
2641,verlies
2646,bird
2848,tennis player
2653,drugstore
2654,methadone programme
2904,mummy
2663,lack of prospects
2667,maori tradition
2672,baltimore
2677,weekend
2655,group therapy
2683,tango
2684,dancing class
2685,bailiff
2686,chambers of a barrister
2691,distraint
2693,monopoly
2694,cold turkey
2864,one-night stand
2697,mexican province
2704,cough
2705,madeira
2706,milan
2707,korfu
2857,elephant
2709,snake skin jacket
2795,mystic
2711,marcus square
2718,indoor plant
2722,subjectivity
2863,mannequin
2831,slavery
2732,rocket launcher
2733,firemen
2736,fire engine
2753,horse whisperer
2671,heroin
2783,family's daily life
2735,veterinarian
2804,exploitation
2770,war ship
2807,finnish
2772,diving suit
2775,pescara
2779,flower shop
2780,plumbing supplier
2781,roadhouse
2793,film director
2794,oddball
2658,new zealand
2799,cruise
2687,fiancé
2806,lapland
2808,russian
2809,sami
2810,anti-globalisation activist
2812,computer virus
2816,street art
2818,vernissage
2819,exhibit
2820,wound
2822,woman martyr
2823,physical work
2826,wanted poster
2827,forced labour
2829,last judgment
2834,room
2841,lilac
2842,sigmund freud
2843,fetishism
2845,seaquake
2846,prime number
2851,avarice
2852,proof
2854,ark of the covenant
2856,ten commandments
2765,fungus spores   
2860,heart
2861,gallery
2867,pest
2868,crusade
2869,juggler
2847,entrapment
2874,spanner
2875,sense of life
2876,blackbox
2880,test person
2881,jail guard
2695,ex-lover
2833,psychoanalysis
2792,boxer
2689,dementia
2901,crusader
2905,foreign legion
2800,psychology
2679,artist
2871,witch burning
2752,ranch
2805,rocky mountains
2900,"buenos aires, argentina"
2763,human vs nature
2878,scientific study
2873,fractured leg
2872,window
2836,cheese
2725,sunlight
2879,aggression
2853,mediterranean
2832,recession
2802,mountain village
2821,pacifism
2636,blues
2727,porn actor
2656,hat
2835,neurosis
2797,mother-in-law
2669,motel
2859,lava
2755,country life
2650,leather jacket
2642,solar eclipse
2751,career woman
2749,riding accident
2777,accordion
2700,sperm
2682,"shanghai, china"
2720,woodcutter
2866,exam
2850,testament
2778,florist
2692,arranged marriage
2635,overdose
2651,nanotechnology
2776,bus ride
2784,mother role
2698,celibacy
2815,graffiti
2702,golf
2849,key
2643,dead wish
2902,space battle
2903,propaganda
2801,self-defense
2898,armor
2699,fetish
2659,maori
2690,heart disease
2676,honeymoon
2675,frigidity
2907,scarab
2918,estate agent
2911,dakota
2919,rose garden
2923,fitness-training
2935,house search
2940,mexican revolution
2941,albania
2951,mercifulness
2953,media adviser
2959,vietcong
2960,cambodia
2944,senator
3015,fast food restaurant
2969,curator
2970,symbologist
2971,grandfather granddaughter relationship
2974,jesus christ
2975,opus dei
2976,heresy
3071,prince
2980,wiretap
3092,slime
2983,passion
2984,iceberg
2985,designer
2987,gang war
2992,diva
2956,vietnam
2996,ferry boat
2998,gi
3202,con man
3009,farm worker
3010,intolerance
3011,exclusion
3013,jfk international airport
3014,immigration law
3016,security camera
3156,brotherhood
3018,saxophonist
3024,richard the lionheart
3026,reality
3029,telecontrol
3012,court case
3032,suffering
3035,roman
3038,israeli
3039,palestinian
3043,beirut
3045,mission of murder
3046,ailul al aswad
3047,plo
3048,bomb constructor
3049,baader-meinhof group
3051,hostage drama
3052,olympian village
3054,capitulation
3055,soviet troops
3058,underage soldier
3059,giftmord
3061,national socialism
3063,adolf hitler
3064,ultimate victory
3068,national socialist party
3073,commercial agreement
3074,insurgence
3077,leader
3078,war strategy
3080,gettysburg
2906,nile
3089,oscar award
3091,marshmallow
3201,orgasm
3094,australian
3095,antiquary
3096,book
3097,picture puzzle
2946,presidential election
3184,alligator
3101,stutter
2930,freedom of speech
3105,red khmer
3106,pol pot
3125,razor
3130,edinburgh
3131,modern society
2988,shark attack
2920,cheerleader
3152,planned murder
3154,indian summer
3179,sanatorium
3181,pretended murder
3057,wolf's lair
3199,clown
3020,sheep
3186,everglades
3188,heart-throb
3189,white trash
3190,menage a trois
3192,intellectually gifted
3070,mercenary
3196,charade
3198,price
3037,mossad
2921,school friend
3216,white rabbit
3217,plato
3219,precognition
2968,grave
3197,riding a bicycle
3136,plantation
3170,cigarette
3180,sailing
2978,mona lisa (la gioconda)
3044,olympian sports team
3060,race politics
3207,concentration camp prisoner
2967,leonardo da vinci
2957,vietnam war
3072,campaign
3134,louisiana
3022,passport
3143,pity
2981,homelessness
2943,sex scandal
2912,buffalo
3221,rave
2952,gulf war
3090,loser
3206,story teller
2936,artists' life
3200,platonic love
2913,diary
2934,german-german border
3065,minister
2954,manipulation of the media
3124,cloud
3151,scarecrow
2966,louvre museum
2914,chief
3023,eastern europe
3075,ninja fighter
2999,recruit
3126,ant
3019,autograph
3177,fan
2922,suburbian idyll
3028,penguin
3203,pilot
3033,apostle
3034,last supper
3036,bible
3222,super computer
3223,machine town
3225,ying yang
3249,hologram
3231,russian revolution 1905
3232,odessa
3234,baby carriage
3236,phasing
3237,subterranean town
3240,giant cockroach
3242,cannon
3244,pinocchio
3246,prosecution
3256,infant
3259,rose
3263,american  way of life
3339,chariot race
3451,housewife
3268,secret base
3292,chinese woman
3338,invention
3272,secret intelligence service
3279,orient express
3281,zagreb
3282,gondola
3284,phantom
3286,fort knox
3287,aston martin
3288,secret lab
3446,forgiveness
3290,laser
3293,gas attack
3295,vicious circle
3376,satellite
3297,videoband
3473,carnival
3300,cadillac
3305,housebreaking
3306,highway
3310,penitentiary
3311,economic miracle
3315,radioaktivity
3318,paris orly
3321,childhood memory
3291,kentucky
3341,leprosy
3342,yacht
3388,space colony
3346,sumo ringer
3330,pizza delivery
3487,assistant
3361,vagabund
3385,cryogenics
3364,sushi restaurant
3367,body cult
3370,kilt
3372,title of nobility
3345,bahamas
3469,utopia
3387,vacuum
3350,poltergeist
3452,love letter
3396,probation assistant
3407,suffocation
3400,eel
3405,blow job
3406,fall from staircase
3409,gdansk
3410,kaschubia
3412,star
3416,radio wave
3419,fanatic
3423,liquor
3485,comedian
3307,surreal
3435,floatplane
3440,doomed man
3347,volcano
3443,excrements
3301,suspicion
3445,dog dirt
3448,mercy petition
3371,family history
3453,parents-in-law
3455,just married
3456,sex therapy
3457,cellist
3460,russian revolution 1917
3461,lenin
3462,tzar
3464,tanker
3465,sphinx
3466,sardinien
3467,warhead
3476,ski jump
3478,parrot
3481,cryptographic device
3483,gang of smugglers
3486,fashion journal
3488,job entrant
3501,bed
3496,snake charmer
3508,underwear
3510,kenia
3417,wormhole
3270,baccarat
3497,hot air balloon
3258,beauty
3503,northern germany
3391,drug smuggling
3428,speed
3337,metereologist
3228,bolivia
3303,bedroom
3366,u.s. air force
3373,snowstorm
3276,peep show
3362,kayak
3399,disorientation
3365,pearl harbor
3262,surgeon
3355,inuit
3431,materialism
3264,korean war (1950-53)
3302,bloodthirstiness
3441,sentence
3429,diet
3494,admiration
3447,charity
3266,jamaica
3489,job interview
3261,street war
3260,masochism
3436,karate
3255,door
3392,voodoo
3393,tombstone
3356,quebec
3248,gigolo
3389,warrior woman
3458,bartender
3468,jet ski
3454,orderly
3437,death sentence
3430,pickpocket
3243,flying saucer
3360,husky
3401,drum
3343,coral reef
3432,"bangkok, thailand"
3312,nuclear missile
3275,nuclear radiation
3278,kgb
3518,ascot
3520,zeppelin
3688,strip club
3523,microchip
3524,doping
3529,renegade
3721,health
3531,special car
3532,tangier morocco
3533,prater
3534,big wheel
3535,pipeline
3540,bratislava
3528,flooding
3543,transport of prisoners
3545,tank car
3549,literature competition
3560,cossack
3562,time bomb
3746,literature professor
3564,ejection seat
3566,homily
3569,latin
3570,three kings
3576,raumschiffabsturz
3577,snob
3583,bridegroom
3584,bridesmaid
3586,tv station
3587,media tycoon
3591,settler
3597,evisceration
3598,ax
3599,defense industry
3600,gun rampage
3603,fascist
3609,frustration
3614,disappointment
3684,religion and supernatural
3617,nuclear scientist
3635,national security agency (nsa)
3625,silver
3628,daywalker
3630,half vampire
3633,dracula
3636,face operation
3553,manuscript
3667,time
3648,archangel gabriel
3649,holy water
3655,special capabilities
3661,sleigh
3675,arts and culture
3676,living together
3760,light
3680,apparats and technics
3692,scandal
3695,berkeley
3698,mobbing
3700,garbage
3703,law
3704,plant
3714,human being
3718,adult
3720,power
3722,human body
3582,bride
3730,recreation
3731,illness and injury
3735,boat accident
3538,freedom fighter
3734,ambition
3740,radio presenter
3593,wilderness
3743,season
3748,morning
3752,night
3755,transience
3758,appearance
3763,beobachten
3766,colours
3767,noises
3768,rest
3769,voice
3770,listening
3773,kampfjet
3776,officer
3777,training camp
3781,coldness
3792,transportation
3793,road traffic
3796,auto
3556,seclusion
3590,piano lessons
3519,silicon valley
3804,post
3810,jumping
3816,intention
3817,chance
3820,barrage
3544,machete
3825,oval office
3829,beginning
3836,success
3837,failure
3539,czechoslovakia
3711,animal species
3627,techno
3546,florida keys
3754,legend
3515,banker
3536,cello
3622,stowaway
3701,client
3694,weather
3658,career
3588,navy
3548,plagiarism
3581,witness
3547,coast guard
3605,baseball bat
3772,heat
3644,south africa
3530,"prague, czech republic"
3725,pregnancy
3513,safari
3823,weather manipulation
3563,"st. petersburg, russia"
3537,orchestra
3686,marriage of convenience
3797,bicycle
3607,hold-up robbery
3595,deceived husband
3702,"memphis, tennessee"
3693,climate
3713,chase
3715,man
3638,solar energy
3574,bethlehem
3612,traffic jam
3683,law and ethics
3575,jerusalem
3561,electromagnetic pulse
3571,crucifixion
3551,private school
3525,racehorse
3558,pulitzer prize
3568,lone wolf
3805,relocation
3664,research
3687,graduation
3643,stock price
3779,air force
3660,art collector
3681,economy
3762,darkness
3645,madagascar
3650,child hero
3522,snowboarding
3839,unskillfulness
3843,inferiority
3847,coaction
3851,dangerous
3852,safety
3857,lust and impulsiveness
4009,witness protection
3861,loss of powers
4144,donkey
3865,employment agency
3868,face transplant
3870,mickey mouse
3872,broom
3873,sorcerer's apprentice
3878,eavesdropping
3879,suspect
3880,snuff
3881,curatorship
4100,british army
3897,double wedding
4063,siege
3904,griffon
3905,owl
3909,restaurant guide
3910,restaurant critic
3911,todfeind
3912,tv duel
3913,loss of taste
3914,kitchen
3921,discontentedness and displeasedness
3923,humor
3926,tastelessness
3927,rage and hate
3875,barn
3932,pride and vanity
3933,modesty
3959,coconut
3962,cut-off arm
3963,cut-off head
3968,round table
3969,chapter
3970,catapult
3971,könig arthur
4168,greenhouse
3973,insurance salesman
3974,reality tv
3975,spotlight
3980,fear of water
3977,product placement
3994,battle assignment
3995,manchuria
3997,power takeover
3999,reeducation camp
4001,eunuch
4003,botanist
4005,human experimentation
4008,freemason
4013,chain saw
4014,giant plant
4015,aggression by plant
4017,cut-off hand
4020,typhus
4023,lyon
4024,closing time
4025,brittany
4026,anemia
4035,blood sample
4039,biotechnology
4021,business woman
4042,underclass
4044,groupie
4045,music journalist
4147,robin hood
4049,decoy
4053,trabant
3979,hidden camera
4060,time frame
4083,rottweiler
4067,incantation
4073,apoplectic stroke
4075,ear
4076,massage
4077,watch
4078,ghost ship
4080,weather service
4081,unatoned crime
4089,hunger strike
4092,morning prayer
4096,hindu
4104,nonviolent resistance
4101,political negotiations
4109,independence movement
4113,jaguar
4114,begging
3929,hope
4119,saigon
4120,fair
4123,embassy
4125,provocation
4126,fascination
4128,nymphe
4004,cultural revolution
4133,omen
4138,immoderateness
4149,selbf-doubt
4150,swampf
4158,enchantment
4159,dancing scene
4166,biotope
4170,john f. kennedy
4171,staatsanwältin
4098,civil rights
4108,protest
3884,school of witchcraft
4127,one-sided love
3899,chewing gum
4058,eye ball
3874,twist
3901,rabbi
3902,synagogue
3993,inspiration
4079,lighthouse
3882,gang of thieves
4051,ban from profession
4112,strike
4037,in vitro fertilisation
4102,conference
4062,skeleton
3883,danger of life
3877,covered investigation
3972,simulated reality 
4065,pit
3983,marketing
4142,insomnia
4090,colony
4152,kingdom
4097,independence
3998,palace
4116,heaven
3966,camelot
4165,saturn
4007,jack the ripper
4132,birthmark
4117,au pair
4130,adoptive father
4106,apartheid
4052,political instability
4084,devil's son
4087,revelation
3996,dynasty
4010,log cabin
4118,ballet dancer
3859,alcatraz prison
3925,boredom
4034,class society
3848,support
4029,bourgeoisie
3888,giant spider
4173,music lover
4175,brothers grimm
4459,vegetarian
4191,defense mechanism
4195,nobel prize laureate
4196,resettlement
4200,aridity
4204,deputy
4205,travelling person
4212,contact
4214,beguilement
4217,exchange
4378,striptease
4197,bite
4320,lover
4227,"toronto, canada"
4234,guild
4235,duke
4237,water
4239,leonard bernstein
4240,watergate scandal
4242,car dealing
4393,archer
4246,loan credit
4249,x-files
4260,brood
4262,tea
4264,stalingrad
4252,black magic
4268,fort
4269,war on freedom
4470,punk rock
4274,seer
4276,machinegun
4277,to shoot dead
4278,invasion
4284,norad
4178,courtesan
4313,condom
4290,toy
4294,flea market
4295,collector
4298,teamwork
4299,"normandy, france"
4426,sadism
4302,troops
4303,waffen ss
4304,omaha beach
4306,observation deck
4307,reggae
4308,queen elisabeth ii
4310,bobsleighing
4315,courtly life
4316,safe sex
4317,wedding night
4319,french revolution
4323,hunting human beings
4375,transformation
4224,singapore
4327,stroke of fate
4328,costume
4332,peter pan
4336,fall from skyscraper
4339,johannesburg
4341,bunraku
4342,geisha
4345,tap dancing
4350,thomas more
4351,protestant church
4352,thomas cromwell
4353,oath
4355,chinese civil war
4358,shenanigan
4359,punch
4367,jinx
4174,little red riding hood
4372,wall
4376,lorry
4412,grandfather
4243,black panther party
4382,flashlight
4385,time hole
4391,wretch
4392,cage
4394,test
4395,burning house
4397,kanibalismus
4406,military court
4407,code red
4408,command
4405,marine corps
4413,grandchildren
4414,adventure
4434,interview
4425,james dean
4430,smalltalk
4432,gathering
4436,addicted
4232,melancholy
4326,theater play
4455,snail
4456,frog
4457,butcher's shop
4461,postman
4458,post-apocalyptic future
4463,icon
4471,varanasi
4472,pneumonia
4474,ornithology
4479,bone
4300,parachute
4481,deceived wife
4482,double moral standard
4484,eye
4485,flower girl
4487,boxing match
4428,stone age
4433,conversation
4172,nuremberg trials
4441,"nuremberg, germany"
4245,hijacking
4194,catacombs
4368,nuclear power plant
4188,revitalization
4388,titanic
4431,jukebox
4377,high technology
4418,pirate gang
4305,radio transmission
4258,lottery
4373,fraud
4478,leopard
4488,apprentice
4404,guantanamo bay
4476,buddhist
4210,panic
4477,paleontologist
4230,carousel 
4247,beehive
4265,somalia
4427,honesty
4402,peasant
4238,chosen one
4193,retiree
4480,businessman
4271,hermit
4198,descendant
4222,editor-in-chief
4263,duty
4337,famine
4257,amulet
4381,napoleon bonaparte
4380,black hole
4452,butcher
4399,victim
4409,military base
4190,lost civilisation
4333,theatre group
4491,marriage contract
4496,saint louis
4497,universal exhibition
4500,step parents
4501,masseuse
4504,penthouse apartment
4505,judo
4507,clowning
4508,principal witness
4510,interest
4511,field
4514,bomb alarm
4515,northern africa
4516,romantic rivalry
4518,postwar period
4523,joint
4525,incognito
4526,concussion
4527,flowerpot
4528,song
4530,parking garage
4531,munition
4535,damascus
4541,conciliation
4573,down syndrome
4545,air controller
4547,landing
4548,autopilot
4549,loss of husband
4610,comeback
4557,calumny
4558,tibet
4559,dalai lama
4561,lhasa
4702,suitcase
4562,rapper
4566,minidisc
4570,vorarlberg
4572,organ
4579,magnet beam
4569,gay club
4581,jam
4583,speed of light
4700,e-mail
4597,pencil
4598,eraser
4599,king henry iv.
4605,maximum credible accident
4607,core melt
4608,brokerage
4648,"naples, italy"
4614,heavy weight
4615,folk hero
4616,apache
4618,step daughter
4634,rock gang
4636,church service
4637,parish
4707,canoe
4647,bourbon
4529,diplomat
4649,opportunist
4653,french
4655,hijacking of train
4656,tv star
4659,municipal park
4660,darkroom
4661,pantomime
4668,police operation
4673,consumption
4678,stick fighting
4679,parachuting
4680,adrenalin
4682,basement garage
4683,tgv
4593,atomic bomb test
4688,microfilm
4689,photographic evidence
4513,blind date
4691,occupying power
4694,staged death
4697,video
4698,stamp
4699,hard drive
4701,decipherment
4704,eyeglasses
4709,hand grenade
4711,norwegian
4713,research station
4663,lovers
4717,camel
4718,gobi desert
4719,mongolia
4555,only child
4722,yurt
4725,baby-snatching
4741,recording contract
4732,peace contract
4630,chaos
4739,legerdemain
4740,public
4742,background singer
4743,jihad
4744,motown
4745,the supremes
4746,record producer
4654,undercover agent
4751,stay permit
4752,punter
4753,to beam
4677,patriarch
4769,supernatural powers
4602,stress
4522,supermodel
4585,plastic surgery
4542,gold rush
4590,kindergarten
4556,protection
4539,overweight man
4729,"dublin, ireland"
4623,casting
4498,big family
4671,bad luck
4532,son-in-law
4552,beer
4750,red-light district
4662,illusion
4645,"palermo, sicily"
4748,lodge
4595,us army
4551,swamp
4632,martial law
4575,comb
4619,train accident
4633,state of emergency
4578,altar
4627,earth
4737,anc (african national congress)
4596,panama
4639,crow
4606,cinematographer
4506,trapdoor
4733,pizzeria
4676,whale
4666,final exam
4617,insurance fraud
4544,fear of flying
4587,password
4631,looting
4721,violin
4747,war photographer
4652,bath house
4604,father-in-law
4723,complicated birth
4728,knife
4560,mountaineer
4735,pizza
4550,full moon
4620,magazine
4730,irish civil war (1922-23)
4703,ex fiancé
4995,aging
4788,ersatz
4792,mental control
4793,examination
4794,bluff
4798,despot
4801,respect
4951,rejection
4813,last chance
4814,banquet
4820,leap in time
4826,repair
4831,prince charles
4832,buckingham palace
4834,etiquette
4835,lady diana spencer
4847,historian
4850,computer war
5259,english channel
4875,deluge
4880,liana
4881,yell
4885,mass lunacy
4889,exgattin
4891,offer
4893,lamp
4894,wonderlamp
5300,allies
4897,multiple character
5096,natural disaster
4900,shortage of money
4906,suspension
4908,leave
4914,malice
4918,shadowing
4923,threat to death
4927,assertion
4849,exile
4934,theory
4936,constitution
4939,alien phenomenons
4942,victim of murder
4944,route 66
4945,wrecker
4946,porsche
4949,warning
5299,war correspondent
4954,paternity
4956,decision
4957,sale of soul
4958,injection
4959,death of a friend
4966,error
4967,assignment
5301,brother
4986,enemy
4988,tricks
4992,senility
5011,deal
5019,loss of energy
5035,human weakness
5037,checks and balances
5046,automation
5047,maneuver
5051,sklavinnen
5053,energiestrahlenwaffe
5060,patrol
5066,stoning
5069,bad power
5074,wyatt earp
5159,tourist
5098,sperm bank
5100,supernova
5103,subjection
5120,faint
5127,alexander the great
5129,to make music
5135,jeep
5136,uniform
5138,gas
5144,matter of life and death
5146,genghis khan
5149,banishment
5152,midnight
5154,fur
5155,bat
5156,current
5157,electric shock
4924,insane asylum
5162,bioscientist
5164,pianistin
5166,gramophone
5175,petrol
5178,magnetic field
4953,ocean liner
5202,boy
5212,advancement
5218,uss reliant
5219,ceti alpha v
5245,cinémathèque française
5246,students' movement
5034,attempt to escape
5251,primal fear
5252,misery
5253,desolateness
5254,remoteness
5255,hygiene
5257,to compose
5260,geneva
5086,telekinesis
5271,functionary
5272,libya
5274,iron
5275,pan
5276,wild boar
5277,territory
5280,ghost world
5282,rolling stones
5283,hells angels
5286,bob dylan
5287,tour
5288,rock
5289,private life
5290,small person
5293,desert thief
5295,planetary configuration
4933,battle for power
4833,royal family
5179,garbageman 
5160,animal attack
5167,restaurant owner
4902,surprise
5113,overpopulation
4779,delinquent
4884,infection
5090,fool
4853,war victim
4809,tiger
5097,sterility
4811,emergency landing
5198,cold
5250,red sea
5151,salesperson
4791,rehabilitation centre
5133,body exchange
4999,risk
5215,northern england
4812,plan
5049,ancient rome
5083,hysteria
4928,bait
4926,chess champion
4855,harmony
4892,sultan
4895,flying carpet
4970,autonomy
4952,inferiority complex
5174,saudi arabia
4917,shelter
5165,champagne
5147,sorcery
4948,retirement
5522,grand canyon
5307,peace work
5310,approach
5313,parts of dead body
5314,mill
5318,seoul
5319,pub
5321,studio
5327,encounter
5329,rice
5545,satanist
5333,guest
5337,culprit
5339,railway car
5306,boss
5343,molotow cocktail
5344,bottle
5347,clumsy fellow
5348,to drop brick
5451,comic book
5357,formentera
5359,marine biologist
5360,degradation
5362,liberation of hostage
5369,guard
5370,arts expert
5372,host family
5374,poster
5375,artwork
5376,creativity
5379,challenger
5380,virtual fight
5383,amateur
5385,survivor
5386,tramp
5387,national guard
5389,mujahid
5394,rematch
5396,sibiria
5401,tax consultant
5402,boxing school
5403,wehrmacht
5406,head physician
5409,wellness
5413,bungee-jump
5416,transplanted organ
5417,sierra leone
5418,supervisor
5419,bootlegger
5422,special unit
5423,piano teacher
5424,women's prison
5426,sms
5430,police protection
5435,commune 1
5438,keith richards
5439,inspector
5440,adversary
5442,expiration
5444,lonely hearts ad
5446,observer
5570,christmas tree
5454,flame
5332,greed
5458,men
5459,bay of pigs
5462,barbie
5463,the carpenters
5468,monotony
5469,intermarriage
5470,scalp
5471,pakistani
5472,belleville
5486,toledo
5540,heavy metal
5489,murder of prostitute
5493,relatives
5502,castration
5503,civil engineer
5498,lsd
5513,pomp
5514,conspiracy of murder
5524,cubicle
5527,innere mongolei
5528,thumb sucking
5399,challenge
5535,elocution
5538,javelin
5539,shield
5543,cow
5544,headbanging
5546,hannover
5548,bizarre
5549,beauty queen contest
5550,oedipus
5552,train ride
5558,lavender
5560,nose
5457,mythical creature
5562,fish market
5563,market
5564,match
5490,girlfriend
5568,flush
5484,reincarnation
5573,broken nose
5574,friedrich nietzsche
5575,footlocker
5579,strangle
5593,pornographic video
5597,war on terror
5420,fisherman
5599,epistaxis
5585,notebook
5601,lost baggage
5602,urn
5604,pavilion
5349,surfing
5611,game of dice
5614,idol
5515,heir to the throne
5622,bern
5397,street riots
5567,würzburg
5526,ping pong
5518,haiti
5511,tang dynasty
5378,world champion
5569,vomit
5529,attention deficit hyperactivity disorder (adhd)
5398,sponsorship
5500,playground
5619,tape
5303,utah
5404,meteor
5612,bus driver
5320,cake
5475,scandinavia
5308,aftermath
5571,great depression
5304,nintendo
5566,maya civilization
5483,coffee shop
5305,gambling debt
5499,burma
5400,champion
5621,american football coach
5521,arkansas
5608,affection
5330,fencing
5477,mistake
5334,vineyard
5509,spanish civil war (1936-39)
5504,asthma
5606,gang leader
5373,damage
5595,sleepover
5496,beauty contest
5501,stay-at-home dad
5436,sexual revolution
5598,"tel aviv, israel"
5605,volleyball
5857,narcissism
5627,cynicism
5632,new year's day
5634,pawnbroker
5640,vase
5713,rhode island
5643,prison warden
5648,theodore roosevelt
5654,discussion
5828,yoga
5664,burning cross
5666,installer
5671,socrates
5672,billy the kid
5674,school presentation
5679,phone booth
5680,world peace
5684,diabolical ego
5689,slovakia
5690,kicker
5692,stetson
5693,argentinia
5694,elvis
5696,grunge
5697,nirvana
5698,egg
5701,beef
5705,grasshopper
5706,kreuzberg
5783,classical music
5835,martin luther king
5890,community
5723,siddhartha
5726,insurrection
5729,maryland
5730,hispanoamerican
5923,sister
5735,riding class
5736,coloured
5739,waterfall
5740,alliance
5742,balzac
5744,governor
5747,fjord
5749,thin
5750,zeitgeist unknown
5751,mccarthy era
5752,private lessons
5732,birthday party
5922,north carolina
5771,seine
5776,egomania
5779,daydream
5780,johnson county war
5785,model student
5786,siamese twins
5800,geek
5683,family business 
5802,mtv
5808,pregnant minor
5911,channel islands
5812,bad boss
5822,executive case
5825,precocity
5829,nova scotia
5830,barbados
5832,bed and breakfast place
5833,autoritian education
5834,fustigation
5719,cricket
5840,encyclopedia
5852,reims
5854,room exchange
5855,rangoon
5856,nelson mandela
5888,agriculture
5858,leeds united
5861,civil rights movement
5863,mekka
5865,cabriolet
5867,caravan
5876,reno
5878,baroness
5879,anarchist
5881,toulouse
5882,franco regime
5883,garotte
5884,life extension
5885,childlessness
5886,schloss schönbrunn
5891,backpacker
5893,mama's boy
5894,bagdad
5901,texas ranger
5650,feral child
5897,bathing accident
5898,turk
5899,opel manta
5902,escort service
5903,alzheimer's disease
5638,arrest
5906,sex addiction
5827,hiking
5916,gallery owner
5917,corse
5920,advertising expert
5756,man woman relationship
5927,violence against women
5930,getting lost
5936,yellow fever
5900,missouri
5870,versailles
5809,marriage crisis
5629,role reversal
5789,sand
5824,video surveillance
5733,turkey
5653,vulgar
5711,indianapolis
5774,forest
5642,beggar
5651,baptism
5657,australia
5718,recording studio
5734,pony
5722,buddha
5626,rags to riches
5746,iceland
5647,natural history
5921,stepmother
5864,pilgrimage
5773,monogamy
5636,wall street
5860,nation of islam
5628,broker
5721,engineer
5868,marie antoinette
5859,paralysis
5918,painting
5782,squatter
5731,barbecue (bbq)
5919,necrophilia
5887,compulsive gambling
5768,urban life
5904,dogsitter
5875,fortune cookie
5896,"galicia, spain"
5678,rhinoceros
5823,jazz club
5728,tycoon
5703,lizard
5704,giant lizard
5737,book burning
5699,music video
5720,"dallas, texas"
5716,record label
5933,poet
5941,calypso
5950,christian
5952,tunesia
5955,boy's choir
5959,angkor wat
5960,illuminati
5961,william blake
5965,marxism
5966,tower of babel
6089,freedom
6084,political party
5969,black money
5972,garden gnome
5973,journey round the world
5976,multiculturalism
5977,schanzenviertel
5978,progress
5981,intelligence test
5983,pizza boy
5949,doctors without borders
5987,grandmother granddaughter relationship
5989,man of one's dreams
5990,wine garden
5997,sign
5999,advice
6007,media
6010,geometry
6013,chemistry
6017,genetics
6020,auvergne
6021,employee
6022,arts
6023,drawing and painting
6024,scuplture
6139,innocence
6027,music
6032,easy listening
6034,theatre milieu
5958,finger
6040,group
6046,refusal
6049,praise
5982,ex husband
6183,laundromat
6056,tenderness
6059,unsociability
6062,hostility
6066,defeat
6067,victory
6068,influence
6072,ruling class
6157,prayer
6080,state
6081,nation
5945,zionism
6088,governance
6091,war
6094,defence
6096,furniture
6098,clothing
6100,tools
6101,engine
6103,telephone
6078,politics
6107,energy supply
6109,raw materials
6110,weapon
6112,firearm
6117,holdings
6118,finances
6122,sell
6123,global economy
6124,incomes
6125,pension
5970,wrestling
6128,taxes
6129,company
6134,automobile industry
6135,pharmaceutical industry
6137,assurance
6140,vice
6142,contract
6168,master thief
6151,faithlessness
6156,superstition
6019,human trafficking
6031,music instrument
5939,iraq
6159,clergyman
6170,motherly love
6025,photography
6172,zen
5979,ocean crossing
6180,coffee grower
6181,cookery course
6186,games
6187,fairy-tale figure
6188,bad father-in-law
6192,relation
6193,world religion
6195,discovery of america
6197,store window
6198,ladder
6199,dressmaker
6202,spring
6206,float
6083,politician
5968,amazon rainforest
6095,house
6012,physics
6126,banking
6079,parliament
6009,mathematics
5948,studies
6074,spice
6018,new hampshire
6174,ranger
6194,hinduism
5975,menstruation
6162,past
6001,speech
6178,newfoundland and labrador
6057,peace
5992,south carolina
6093,assault
6042,disrespect
5944,nairobi
6150,faith
5946,ethiopia
6144,lawlessness
6133,industry
5947,military service
6201,fall
5988,mennonites
6015,mining
5964,chinese mafia
6071,middle class
6090,equality
6044,promise
6026,cinema on cinema
6211,fighter
6099,jewelry
6203,loss
6147,delinquency
6148,court
6085,election campaign
6127,"securities, stocks and bonds "
6212,smuggling (contraband)
5986,"teheran (tehran), iran"
6167,engagement
5984,dormitory
6060,insult
5962,pandora's box
6016,biology
6029,concert
5951,sudan
5996,language
6069,class
6215,household
6230,looking for  birth parents
6305,pollution
6410,hallucinogen
6224,hobby
6275,school party
6232,monument
6235,lunch break
6239,benzine
6240,thinking
6245,instinct
6247,cleverness
6253,ignorance
6258,intellectual
6259,psychopath
6267,approved school
6269,gymnasium
6447,"woodstock, new york"
6272,children's home
6278,scholarship
6274,learning and teaching
6277,language course
6280,adult education center
6472,midwife
6256,truth
6291,tardy hall
6292,jordan
6297,japanese mafia
6298,postcard
6555,stage fright
6304,sewerage
6308,alimentation
6309,double murder
6311,katmai national park
6312,white rose
6313,flyer
6440,hit-and-run
6316,daytona
6317,guillotine
6319,cosmetics and hygiene
6324,bias
6325,ethnic stereotype
6328,crook couple
6330,bermuda
6331,blond
6332,new german wave
6333,wizardry
6334,basic rights and human rights
6335,tennessee
6223,change
6340,weatherman
6343,music tv programme
6420,border crossing
6345,docker
6346,trade union
6348,green
6351,chief executive officer
6357,tobacco
6389,"frankfurt am main, germany"
6363,racing car
6374,dixie chicks
6375,george w. bush
6376,chat
6377,sheik
6378,ozone layer
6381,loss of daughter
6383,music competition
6344,"liverpool, england"
6385,traffic warden
6388,tomato
6390,civil service
6393,rebuilding
6396,worm
6399,rope
6401,vegetable
6405,kz buchenwald
6406,escape agent
6407,speaker
6411,dog-sledding race
6490,shopping mall
6416,bundeswehr soldier
6417,base
6310,national park
6423,guesthouse
6425,vw-bus
6431,boarder
6433,roulette
6434,marbella
6437,toilet
6438,anorexia
6441,dead sea
6448,watts riots
6451,santiago
6453,the new world
6458,cigar
6461,coburg
6463,cuddle rabbit
6476,toy shop
6491,society for the prevention of cruelty to animals
6493,weimar republic
6494,talkie
6510,demolition
6496,basketball
6521,theater director
6517,young people
6520,armenia
6382,folk music
6523,illegality
6525,fast
6533,kodiak bear
6534,brown bear
6535,puma
6255,insanity
6538,winston churchill
6540,franklin delano roosevelt
6548,the rapture
6550,hot rod
6553,beatnik
6373,sadomasochism
6444,sodomy
6293,telescope
6268,driving school
6464,uncle
6460,chile
6318,control
6394,rocket
6234,roller-skating
6271,boarding school
6220,mafia boss
6412,rhythm and blues (r&b)
6536,fur trapping
6380,shrinking
6397,calamity
6257,genius
6432,rent
6241,stupidity
6349,bulgaria
6315,stock car racing
6350,head injury
6544,senegal
6415,stage show
6418,north atlantic treaty organization (nato)
6559,"basque country, spain"
6362,turtle
6511,alone
6384,"dresden, germany"
6563,wine
6443,child pornography
6342,nicaragua
6358,sandinism
6502,exit
6281,partnership
6539,joseph stalin
6483,ice hockey
6435,webcam
6566,computer chip
6567,hibernation
6576,hutterer
6581,surrey
6587,east berlin
6588,west berlin
6590,kündigung
6592,parish hall
6898,quarantine
6596,legacy hunter
6602,veld
6603,baustelle
6617,formaldehyde
6618,snack bar
6623,lodger
6846,borderline personality disorder
6628,syphillis
6799,comic-strip artist
6645,mayor elections
6650,hang gliding
6652,rhine
6653,trumpet
6657,monolog
6662,delirium
6664,make a match
6951,biker
6670,piercing
6673,egoism
6674,chair
6677,knee
6680,glory
6686,footage
6687,rotterdam
6688,archive
6691,drug scene
6696,tussi
6697,butter
6698,mondbasis
6701,verdun
6704,civil registry office
6706,performance
6707,student movie
6712,death of a child
6713,integration
6716,galier
6717,louis xiii.
6585,"leipzig, germany"
6722,orchid
6728,stadt
6731,british
7005,northern ireland
6735,locksmith
6737,frankenstein
6739,callboy
6741,tourist guide
6743,general agreement on tariffs and trade
6744,world trade organisation
6747,recycling
6750,charisma
6756,elisabeth of austria
6757,ludwig der ii
6758,neuschwanstein
6759,herrenchiemsee
6760,picture journalist
6770,dr. fu man chu
6776,yellow diamant
6779,ladies' man
6780,medical examiner
6784,quiz
6785,hairstyle
6786,bremen
6789,foreign legionaire
6790,north atlantic
6791,torpedo
6795,ambulance man
6710,interpol
6808,cookbook
6812,film festivals
6816,gold mining town
6819,rosenheim
6832,environmental protection agency
6835,klienten
6579,music festival
6845,saboteur
6854,primitive time
6683,autobiography
6878,sandwich
6888,interior of the earth
6891,kaiser wang
6656,one-man show
6904,spur
6914,arsenal london
6916,kommunistischer widerstand
6917,epic
6921,jogging
6930,fondling
6935,erection
6940,sylt
6942,schilf
6943,bamboo hut
6946,blonde
6948,kartell
6949,patent
6953,obsequies
6732,mascot
6965,ideal
6966,film history
6969,gotham city
6972,caracas
6975,himalaja
6976,druid
6977,bigamy
6978,radium
6979,straßenkids
6669,stepfather
6986,school excursion
6987,idealism
6990,inessa armand
6993,pegasus
6996,car garage
6997,helplessness
6998,falling star
7012,juwelry heist
7017,sexappeal
7019,medea
6711,crisis
6778,world supremacy
6762,refugee train
6648,police headquarter
6582,moonlight
6954,swing
6879,poodle
6985,anne frank
6751,polygamy
6895,philippines
6968,space invasion
6622,tumor
6941,tsunami
6611,tahiti
6981,connecticut
6614,website
6847,malaysia
6634,wheelchair user   
6782,addiction
6610,naval officer
6974,rise and fall
7020,bodybuilding
6814,ibiza
6746,hamburger
6681,flu
6635,hypochondriac
6897,"bordeaux, france"
6956,treasure hunt
6715,cleopatra
6678,polar bear
6740,"brussels, belgium"
6894,aunt
6783,orphanage
6932,count
6939,north sea
6840,criminal past
7023,riesen-ipod
7025,industrial revolution
7029,urzeitwesen
7034,riesen käfer
7542,foreign worker
7038,giant bird
7021,pakistan
7046,naherholungsgebiet
7047,angler
7048,segler
7118,escaped convict
7063,children gang
7066,sex education
7067,getaway car
7076,business idea
7080,petrol station robbery
7085,stricken
7202,balkan war
7094,pflegen
7097,torture by the police
7098,sexual murder
7100,neglect of one's spouse
7101,substitute teacher
7102,paternalism
7106,cuidad juarez
7112,rechte szene
7113,paratroops
7116,st. pauli
7439,woman between two men
7122,fish factory
7125,hiding in a garbage container
7130,tresorknacker
7136,technical toy
7140,devoutness
7147,todeskampf
7150,hangman
7151,junk food
7154,tatars
7155,receiving of stolen goods
7157,reue
7105,honduras
7169,man between two women
7171,count of monte christo
7184,gold bar
7186,dismemberment of human beings
7189,pipe
7191,fever
7199,source
7204,german-turkish living together
7209,plötzlicher reichtum
7210,weltbevölkerung
7239,kosovo
7240,walrus
7246,barricade
7248,marathon
7255,search for witnesses
7258,okkupation
7264,gendarmerie
7265,borneo
7269,labor pain
7270,backgammon
7033,london underground
7281,shooting
7149,machismo
7289,cafeteria
7293,girl from the province
7300,charles de gaulle
7404,uganda
7059,anti-communism
7313,oldtimer
7314,scouts
7315,hatter
7321,nuclear power plant
7322,caddy
7323,savannah
7325,cockroach
7329,pogrom
7476,older woman seduces younger guy
7328,hanukkah
7460,"hiroshima, japan"
7337,business ethics
7277,love-hate relationship
7188,hostage-taking
7345,dead animal
7347,tarzan
7357,potsdam
7358,school performance
7359,bistrot
7360,lithuania
7397,bakery
7089,dominatrix
7051,volcanology
7377,carthage
7378,hannibal
7379,fleet
7385,village school
7386,gypsy music
7394,spinner
7401,graz
7403,takeover
7410,fellatio
7411,festival hall
7416,police band
7430,sleeping beauty
7432,rumpelstilzchen
7433,real ira
7443,kidney transplant
7449,naturschutzgebiet
7468,pretended love
7470,rassengesetzte
7477,police everyday life
7478,edgar wallace
7479,vorstrafe
7486,milk
7490,hicktown
7492,serbia
7493,tresor
7496,gain
7499,zeh
7508,friendship bracelet
7513,bucket
7515,lausanne
7525,chancellor
7533,black panther
7540,circumcision
7544,muezzin
7546,imam
7548,columbine
7557,ns-zeit
7558,life-saver
7564,jane austen
7355,pharao
7507,collage
7161,sri lanka
7393,life's dream
7303,camorra
7172,buried alive
7153,queen elizabeth i
7537,tudor
7453,canary
7050,alligator hunter
7272,press freedom
7208,spoiled child
7271,tv ratings
7156,commander
7028,run away
7074,paperboy
7350,international organization
7534,religious war
7348,indonesia
7422,moon landing
7412,sin
7024,fashion designer
7568,psychoterror
7569,suppe
7570,belly dancing
7579,rich woman - poor man
7587,nigeria
7596,german mark
7597,dollar
7598,inflation
7600,foot
7612,große blutlache
7617,drop-out
7625,young man seduces old man
7635,thai-boxen
7637,lake constance
7639,zebra
7640,butoh tanz
7644,revue
7645,pathology
7578,wedding ring
7663,petty bourgeois
7670,urzeitmonster
7671,godzilla
7679,kommissar geiger
7682,tierversuch
7690,man looking for wife
7694,pile of dead bodies
7699,speed date
8099,sioux
7717,evil mother
7720,dackel
7722,flanders
7728,cholera
7749,reicher graf
7973,bosnian war (1992-95)
7769,chefin
7784,hotel mom
7795,reicher amerikaner
7808,kral
7813,hockey player
7814,hockey coach
7832,wettermann
7835,massai
7836,hut
7845,riesenmonster
7851,tax inspector
7858,boy gang
7864,pleite
7865,winnetou
7866,old shatterhand
7873,mr. hayd
7895,shurka
7903,ayahuasca
7909,porno scene
7910,phuket
7913,small school
7921,multiple sklerose
7923,homepage
7926,mahatma gandhi
7928,crack
7934,call center
7935,sachsenhausen
7938,heilsarmee
7606,dictatorship
7944,manga
7947,war of independence
7948,skunk
7950,grocer
7951,strafzettel
7952,rimini
7954,salzburg
7868,pen pals
7956,cowardice
7963,guantánamo
7972,bastille
8041,"sao paulo, brazil"
7976,twelve
7982,lama
7983,indochina
7991,belgrad
7993,nancy
7965,matador (bullfighter)
7996,blackjack
8001,live-reportage
8008,pilgrim
8010,bus bomb
8011,greek
8019,john lennon
8028,botswana
8029,drama
8030,pirate radio
7890,bermuda triangle
8034,in flagranti
8038,bus hijacking
8040,carandiru massaker
8047,eye specialist
7856,racist
8046,aspen
8052,kigali
8159,iraq war veteran
8055,professional school
8056,quantum mechanics
8058,rembrandt
8059,seefahrt
8066,kaserne
8070,stag night
8072,quiz show
8075,filmteam
7638,surrogate mother
7925,child bride
8081,entrance examination
8082,piglet
8086,crop duster
8087,horror
8089,autoradio
8093,vorfahren
8095,oxford
8097,leukemia
8098,calendar
8101,night train
8113,nuss
8116,gallien
8119,persuasion
8122,canyon
8130,professional soccer player
8150,revier
8158,rafting
8162,industrial society
8044,flight
8083,pacific
8009,marching band
7675,mechagodzilla
8018,adoptive mother
7936,fidel castro
8132,hooligan
8085,"stockholm, sweden"
7920,violence in schools
7629,family clan
7862,private army
7980,motorcycle crash
8054,volunteer
8053,rwandan genocide
7881,mozart
8080,"saint-tropez, france"
7919,dyslexia
7755,winegrowing
7937,cuban revolution
8039,campus
8012,physicist
8057,cincinnati
8126,pill
8032,"florence, italy"
7949,racoon
7942,imaginary friend
7912,rugby
7605,el salvador
7665,girls' boarding school
7904,paraguay
7658,"kansas, usa"
8077,benito mussolini
7984,bikini
8103,cambridge
7879,secret love
7992,uruguay
8168,fishing village
8721,arctic polar circle region
8562,lighter
8202,big brother
8207,crook
8209,ice storm
8231,insider
8233,cops
8256,simbabwe
8264,symbol
8310,tauchen
8312,fest
8329,dandy
8350,sprung
8352,teigtaschen
8353,ewige jugend
8361,hypnose
8368,filmdreh
8183,carnivorous plant
8378,cenobyten
8379,deformation
8406,street artist
8408,komplexe
8410,bka
8413,neurotische katze
8415,tierpsychater
8421,saddam hussein
8438,job
8635,high school sports
8445,cannes
8461,prügel
8224,cannabis
8477,gewalt im film
8490,castingshow
8492,image campaign
8493,asterix
8494,obelix
8499,implantat
8504,merlin
8506,remote control
8508,party
8515,biene
8516,oasis
8517,photo lab
8519,mohawk
8527,exzentrik
8528,ostern
8241,mustang
8556,innere stimme
8559,china town
8574,auto-tuning
8250,victorian england
8580,neue frau
8581,east friesland
8583,angsthase
8586,keks
8496,breast cancer
8615,loss of libido
8617,botox
8621,sushi
8622,parole board
8430,safe
8629,made for cable tv
8632,business consultant
8633,tour de france
8636,blood splatter
8637,fall from height
8640,young prostitute
8642,casanova
8643,jade
8650,unwillingly pregnant
8651,kuwait
8764,times square
8658,che guevara
8659,western roman empire
8663,overweight woman
8664,oberflächlichkeit
8665,kompliment
8666,preisgeld
8677,revanche
8679,fitness-studio
8680,ferrari
8646,ronald reagan
8686,millenium
8689,albert einstein
8691,marie curie
8695,bestie
8697,miss america
8698,orléans
8700,charles vii.
8707,running gag
8708,sketch
8711,michael jackson
8713,lager
8714,ischgl
8724,heilmittel
8303,abandoned house
8730,rausschmeißer
8731,street theater
8736,laden
8739,jackpot
8468,crew
8744,jeopardy
8746,republicanism
8747,diversity
8757,real madrid
8763,meister
8766,freddy krueger
8767,kreatur
8773,eastend
8775,panther
8778,atheist
8781,foreign aid
8790,ant-hill
8791,cojote
8793,ctx
8795,messe
8803,serum
8805,pianosa
8806,purse
8810,laos
8812,palmen
8818,glucksspiel
8826,polka
8828,marvel comic
8829,turnier
8843,mods
8846,konfession
8847,tempel
8570,president
8783,scavenger hunt
8734,art school
8807,special olympics
8290,talent show
8271,meat
8631,slacker
8796,appalachia
8338,coach
8737,bogotá
8798,conversion
8685,anti-christ
8732,talent scout
8626,yosemite
8696,bodybuilder
8442,irish mob
8447,amish
8662,courier
8701,hundred years' war
8577,gold mine
8782,pedophile priest
8676,okinawa
8616,guru
8728,couples therapy
8723,poacher
8802,pseudonym
8232,west virginia
8841,puppy
8780,chechnya
8754,concubine
8613,malibu
8758,cayman islands
8627,stolen money
8624,climbing
8498,elite unit
8860,imperial court
8864,amateur soccer
8871,moose
8872,invulnerability
8874,st. bernard's dog
8881,jury
8888,bnd
8890,cornflakes
8900,rocker
8901,turin
8902,mine accident
8903,the doors
8905,pelz
8908,widerstand
8909,zaire
8910,kobold
8911,stalljunge
8914,schnaps
8917,patenonkel
8932,hacky sack
8944,ordensbruder
8945,ringer
8947,viertel
8949,weltverbesserer
8956,magnum
8969,pygmy
8971,oktoberfest
8974,soccer field
8975,ardennen
8976,fußballwette
8979,nacktrevue
8985,zeus
8992,nordmeer
8996,medellín
9002,witshire
9003,southhampton
9007,ukrainian
9008,moped
9017,westfront
9021,glaskugel
9023,winzer
9027,mothra
9044,amphibie
9046,leere
9052,major
9054,hanging rock
9061,pflegesohn
9071,hochsitz
9073,marilyn monroe
9076,trampolin
9084,clubhaus
9085,rolls royce
9089,import
9090,spanish steps
9098,trunk
9109,nest
9115,weisheit
9123,karibik
9137,pinochet-regime
9138,autorin
9140,namibia
9141,belt
9144,kaiser nero
9145,dubai
9503,outlaw
9184,mondfinsternis
9188,nixe
9195,rot
9200,handlanger
9201,derbyshire
9202,isle of white
9207,storch
9215,black
9227,cocktail
9236,cancún
9415,wimbledon
9248,bühnenauftritt
9118,unorthodox
9255,sinkendes schiff
9070,beobachtung
9267,outfit
9270,konzern
9285,serbian
9288,triade
9457,single
9302,exzess
9303,fragen
9309,elite
9310,latina
9312,dragonfly
9315,staubsauger
9316,vlies
9318,rollerskates
9323,iq
9335,royal navy
9342,kubakrise
9344,sexology
9345,rubin
9346,oberhausen
9350,kugel
9360,berater
9362,sensei
9365,tony blair
9366,hammer
9377,faust
9381,nymphomanin
9390,shaolin
9392,orient
9394,son (musikstil)
9395,havanna
9276,truck
9401,sherlock holmes
9403,resignation
9408,kleeblatt
9322,taiwan
9425,kammer
9427,befragung
9444,europe journey
9450,front
9454,frontier
9461,bestseller
9465,jurist
9469,burschikos
9470,quilt
9473,raser
9476,pünktlichkeit
9479,stau
9480,heilig
9481,dophin
9492,fusion
9495,chinese province
9498,spekulant
9504,wrack
9511,menschheit
9517,bulle
9518,nationalbank
9304,muse
9273,coney island
9193,whiskey
9075,flamenco
9332,psychological abuse
9468,liar
9376,richard nixon
9398,"long island, new york"
8982,plymouth
8997,conscientious objector
9249,backstage
9410,hybrid
9228,puzzle
9167,water supply
9281,ethnic cleansing
9031,idealist
8873,yeti
8986,air force one
9229,grandparents
9104,partner
8862,uprising
9330,malta
9139,student of medicine
9268,yale university
9433,concierge
9032,excavation
9368,tax collector
9194,harem
9331,intersexuality
9356,k2
9082,art student
9016,femme fatale
9094,womanizer
9519,pippi longstocking
9520,villa kunterbunt
9524,navajo
9848,family dinner
9528,blase
9535,bewusstlosigkeit
9537,joker
9539,nva
9547,urteil
9549,windeln
9550,doc holliday
9553,ancien régime
9554,osama bin laden
9558,balzen
9562,nervenklinik
9565,salvador dalí
9672,based on true story
9573,andy warhol
9574,tageszeitung
9576,beförderung
9585,makler
9594,sudetendeutsch
9600,mensch als objekt
9602,skipper
9606,sexchat
9608,arab-american
9815,psychic power
9610,coup
9611,snogging
9612,nibelungen
9617,callcenter
9621,johnny cash
9824,reunion
9623,santa cruz
9630,renee
9631,ska
9634,jeans
9645,local speciality
9656,cattle drive
9657,native american attack
9660,low-budget
9826,murder
9707,evil doll
9649,god
9676,anti matter
9677,psychokinesis
9790,house arrest
9682,history
9683,lieutenant
9684,warp speed
9686,warp engine
9693,female killer
9698,envelope
9699,crushed
9700,living machine
9702,broken lizard
9704,ventriloquist
9755,parody
9739,extraterrestrial
9701,controversy
9817,behind the scenes
9721,hunting trip
9856,flashback
9813,french riviera
9609,"houston, texas"
9716,stand-up comedy
9789,misfit
9725,sword fight
9750,bayou
9752,child on drugs
9754,profanity
9756,netscape
9762,varg
9822,neon
9772,pubic hair
9775,car set on fire
9627,rape of a male
9778,exploding building
9779,vehicle combat
9783,bong
9785,perversion
9786,burned alive
9788,pro-life protesters
9791,number in title
9797,syracuse university
9767,beautiful woman
9803,dune
9806,shrek
9808,cult comedy
9818,fan culture
9819,visual effect
9821,city country contrast
9706,anthology
9829,french movies
9831,spaceship
9832,cylon
9807,film noir
9838,nymphomaniac
9849,beating
9851,knife in hand
9855,slow motion scene
9665,cover-up
9859,controversial
9860,sex pistols
9825,growing up
9863,lancaster bomber
9679,secret government organization
9624,"donostia-san sebastian, spain"
9749,beauty salon
9830,nuclear explosion
9840,romance
9632,forest ranger
9732,film in film
9622,misanthrophy
9792,djinn
9828,surf
9668,child vampire
9552,baron
9844,car crash
9741,radioactivity
9661,dying man
9713,friends
9719,taxidermy
9780,public murder
9593,judas
9736,little boy
9738,ufo
9782,blindfold
9846,intelligence agency
9833,lesbian relationship
9820,alternate dimension
9740,sociopath
9728,caper
9758,deception
9853,paranormal
9566,"catalonia, spain"
9834,pole dancer
9681,clairvoyance
9774,prison guard
9841,observational comedy
9777,prison escape
9798,law school
9854,artifact
9812,honor
9794,toxic
9685,futuristic
9694,halloween party
9571,motor sport
9639,playboy
9865,chase scence
9921,easter
10079,hazing
9955,urban legend
9883,chevrolet
10028,steampunk
9888,spanking
9892,game warden
9893,lioness
9900,warthog
9903,balloon
9910,jesse james
10177,corporate
10115,snowman
10050,fear of commitment
9923,easter bunny
10121,stop motion
9929,remarriage
9930,prairie
9933,איים אבודים
9934,ישראלי
10178,stepson
9936,the lost islands
9937,suspense
9939,fish and chip shop
9940,takeaway
10144,antisemitism
9942,oyster farmer
9950,thriller
9956,sausage
9897,rifle
9961,live comedy
9963,kids and family
9968,squid
9970,crab
9980,toilet humor
9981,bugs bunny
9988,valentine
9989,gift
9993,skating
9995,bell
10001,head in jar
10006,ymca
10007,tae kwon do
10009,robot as menace
10012,chase scene
10013,death star
10014,jabba the hutt
10015,ewoks
10016,lightsaber
10020,code breaking
10024,psychopathic killer
9907,community service
10033,friends who hate each other
10057,institutional discrimination
9886,countess
10040,automotive
10155,steroids
10043,stepping
10044,tragic hero
9945,y2k
9896,lion cub
10053,sexploitation
10055,stv
10056,charles manson
10172,thai
10060,christian film
10062,religious conversion
10063,repentance
10064,new york city twin towers
10073,documentary
10075,boot camp
10076,street fighter
10081,locker room
10112,ouija board
10092,mystery
10111,ouija
10097,u2
10098,farscape
10103,children
9905,german occupation
10106,ballroom dancing
10107,sinbad
10110,motocross
9986,crush
10116,female
10049,teen angst
9964,crude humor
10100,puppet master
10128,strugatsky
10133,non statutory female on male rape
10135,hellgate
10137,highlander
10046,mecha
10131,interracial relationship
10146,vasectomy
10132,matchmaking
9928,bereavement
10154,blob
10156,ichi
10157,zatoichi
10104,dance competition
10166,minotaur
10169,snorricam
10163,cancer
10171,ernest p. worrell
10174,delta force
9994,crown
10084,rescue
10038,audi
10052,chambara
9878,fighter jet
10051,heist
10123,dark comedy
10164,apparition
10160,engineering
9895,kenya
10143,anti conformity
9974,obesity
9917,mixed martial arts (mma)
9977,part live action
9941,"melbourne, australia"
9932,feud
10138,satan
9925,zombie animals
9904,french resistance
9898,animal rights
10139,lucifer
10089,slaughter
9880,alaska
9902,wildlife
10168,aviation
10176,gun battle
9992,dojo
10005,gremlin
9926,rastafarian
10022,rampage
10058,sorority
9990,villainess
10090,board game
9991,dress
10031,nudism
10182,southern baptist
10183,independent film
10189,dr. mabuse
10193,regionalism
10392,mute
10198,gay relationship
10199,gay interest
10200,man man relationship
10291,organized crime
10203,karl may
10209,race riot
10210,exoneration
10211,east los angeles
10212,south-of-the-border
10391,mafia
10185,covert operation
10220,general aviation
10223,puritan
10225,pageant
10333,stalking
10194,interracial romance
10278,ninja
10468,bear
10241,caretaker
10238,red baron
10246,national lampoon serie
10247,nuclear holocaust
10249,mengele
10254,clubbing
10262,financial journalist
10267,comedy
10268,fillmore
10276,orson welles
10280,farce
10244,based on cartoon
10285,base jumping
10287,skydiving
10365,holland
10293,kibbutz
10294,coin
10298,sensor beam
10299,mysterious truck
10260,mechanic
10306,king henry ii
10308,h.p. lovecraft
10311,smashing pumpkins
10318,laughing gas
10324,toys
10221,meteorite
10328,reality show
10202,treason
10330,run for the money
10331,lubricant
10334,soro
10336,animation
10338,morphine
10428,cultural difference
10340,double role
10345,esther
10425,viagra
10350,beautiful
10352,phobia
10361,jitterbug
10275,house party
10367,book of mormon
10371,antisocial personality disorder
10372,body guard
10374,archive footage
10376,homicidal
10378,venture capital
10379,porche
10381,guitar duel
10387,the lord of the rings
10388,lord
10390,hindi
10395,piracy
10397,royal air force
10398,royal flying corps
10399,dogfight
10400,airship
10403,green beret
10406,hebrews
10266,prom
10412,sensation
10453,con artist
10419,enlightenment
10427,sexual humiliation
10429,aegean sea
10431,hardcore
10437,metaphysics
10261,stealing
10440,second life
10445,anti social
10446,booze
10449,sondheim
10450,boston celtics
10452,credit card
10456,athlete
10458,hands
10471,cult favorite
10476,double crossed
10478,disembodied head
10482,sanitarium
10483,eccentric
10481,tension
10486,robin
10487,adam west
10488,burt ward
10491,swordsman
10494,super cars
10498,malpractice
10499,pool
10505,promiscuity
10424,tour guide
10507,hegemony
10323,psychiatric hospital
10510,yoakam
10473,contagion spread
10184,airplane hijacking
10375,possessed
10230,tracker
10237,aerial combat
10337,cheat on husband
10385,reindeer
10188,interracial marriage
10322,native american
10181,based on play or musical
10466,knight
10490,empress
10423,tour bus
10360,prejudice
10250,redneck
10442,world of warcraft
10459,dilemma
10353,agoraphobia
10489,water shortage
10327,undead
10309,sanity
10407,swan
10339,drive-in theater
10503,scuba diving
10222,astronomer
10430,seagull
10448,purgatory
10404,dog fighting
10396,copyright
10332,salesman
10454,swindler
10326,morgue
10310,leprechaun
10511,western
10514,muay thai
10515,kick boxing
10519,freshman
10520,slave auction
10521,fatal accident
10522,wall crawling
10524,see you in hell
10525,broken neck
10527,jedi
10512,"tucson, arizona"
10533,urban sprawl
10547,arcade
10536,rocket crash
10537,escaped patient
10539,martian
10540,bollywood
10761,superhuman
10683,coming of age
10554,john candy
10556,male female relationship
10558,bmx
10560,crypt
10561,video camera
10637,food
10639,jury duty
10564,japanese culture
10565,model airplane
10566,laestadian movement
10568,science fiction
10570,roadie
10571,artic monkeys
10575,blue collar
10582,television producer
10726,gang
10586,korea
10588,political incompetence
10589,warmongering
10591,energy
10593,stoned
10600,incan
10791,teenage crush
10604,fast cars
10607,transformers
10609,free running
10612,celtic
10594,money
10649,drug rehabilitation
10623,jock
10625,dying of thirst
10631,stockbroker
10638,pharmacology
10640,verdict
10641,time capsule
10794,snow
10644,melodrama
10833,survivalist
10650,prawn
10535,second sino-japanese war (1937-45)
10657,lexington massachusetts
10661,antelope
10662,subway accident
10663,train crash
10664,westford massachusetts
10666,road accident
10668,stuffed animal
10669,pay phone
10674,film grammar
10681,from backpacks to strollers
10587,nottingham
10686,battle of the bands
10688,breast
10714,serial killer
10694,pinball
10695,men in underwear
10696,bootlegging
10698,trailer trash
10700,hood
10704,female yakuza
10715,firefighting
10707,mother daughter relationship
10712,night club
10717,chain gang
10720,t-horror
10721,pregnant
10724,naruto shippuuden
10727,kiwi
10770,mad doctor
10730,denis leary
10732,movie studio
10733,sunken treasure
10735,rape attempt
10530,atlantic city
10744,dr. seuss
10752,sorrow
10776,marijuana
10760,barker
10762,penetration
10764,crack cocaine
10768,lesbian
10771,wax museum
10772,torture chamber
10774,jack daniels
10782,nejat İsler
10597,lucid dreaming
10809,teenage girl
10792,marooned
10798,duct tape
10697,living in car
10808,dulles international airport
10810,singing nun
10811,mid air collision
10814,wounded
10580,russian roulette
10825,lacrosse
10765,gunshot wound
10652,astrophysicist
10793,resort
10655,grieving widower
10673,domestic life
10622,lost city
10624,bully
10705,confusion
10786,colonel
10538,palm springs
10671,figure skating
10807,"salt lake city, utah"
10553,bouncer
10834,super soldier
10777,goddess
10629,vision
10610,live
10583,performance art
10660,mysterious man
10601,blaxploitation cinema
10703,tragic love
10616,urban
10766,youth gang
10679,squadron
10821,sorcerer
10626,jinn
10590,oil
10699,white rapper
10572,music business
10812,airplane accident
10678,mosquito
10534,pumpkins
10789,prehistoric creature
10827,open relationship
10551,ballet
10842,good vs evil
10843,superheroine
10844,character name in title
10845,dogen
10847,boston garden
10849,sonic youth
10851,blog
11061,debt
10859,tribunal
10863,medusa
10865,new world order
10866,barack obama
10867,biblical code
10870,revelation (book)
10871,maverick
10874,thrash metal
10875,metal
10878,invasion of privacy
10880,lee harvey oswald
10883,scalper
10850,sexual harassment
10938,old man
10893,soong sisters
10895,lyme disease
10896,marillion
10897,mime
10900,rasputin
10902,new age
10904,telephone call
10905,big business
10906,retail trade
11071,plan gone wrong
10919,cyber
10920,radio program
10929,attila
10930,huns
10933,new jersey devil
10936,bingo
10911,inheritance
10982,king arthur
10943,tragic
10945,staring contest
11004,rural area
11109,military officer
10954,blood on shirt
10957,comedy team
10958,man hunt
10963,theatrical producer
10964,eva braun
10854,time loop
10967,concert footage
10976,global positioning
10984,true
10985,spontaneous combustion
10986,chipmunk
10987,cgi
10988,based on tv series
10990,three stooges
10991,annie oakley
10992,executioner
10995,elope
10997,hell storming
11003,citizenship
11001,religion
11005,prologue
11006,german american
11014,mail order bride
11017,spell
11018,irish
11019,inferno
11020,classic
11021,montparnasse
11025,halo
11029,turkish army
11030,pkk terror
11031,guerrilla warfare
11032,defense
10968,lingerie
11037,dope
11117,tank
11039,giallo
11040,masked killer
11044,soul selling
11048,legalization
11053,punk rock
11058,super speed
11064,nazi germany
11065,funny nazi
11068,oklahoma city bombing
11073,steamboat
11076,one word title
11079,non fiction
11085,castaway
11086,wooden eye
11087,gold coin
11096,gate keeper
11097,part stop motion
11102,panzer
11103,pow
11104,russian front
11105,swastika
10890,treasury department
11108,american flag
11110,dead soldier
11111,war memorial
11113,shot in the back
11119,helmet
11121,plot
11123,piano wire
11124,medal
11128,furry
11131,biohazard
11133,japanese occupation
11134,espionage
11137,gay bashing
11116,airplane wreck
10910,wealthy
10856,bag of money
10983,anthropology
11051,tai chi
10907,consumerism
10882,toupee
11088,treasure map
11093,parenthood
11011,morality
11007,post world war i
11100,giant monster
10852,dead child
10937,memory
10873,school
11059,bear trap
10915,last will and testament
10877,dead body
10864,human sacrifice
10975,high tech surveillance
11062,impersonator
10955,wedding party
10835,problem child
11122,german officer
10980,phone terror
10887,home movie footage
10996,monsters of the wild
11106,infantry
11083,paganism
10931,drifting
11024,female soldier
10978,bad cop
11033,first lady
10857,debt collector
10889,counterfeit
11130,art house
11115,heroism
11034,b movie
11095,cruise ship
11112,search
10901,coincidence
10960,food poisoning
11138,military spoof
11139,steel helmet
11141,debate
11145,spelling
11146,spelling bee
11173,troll
11151,statuette
11156,stew
11159,wartime
11161,paedophilia
11162,miniseries
11169,missing girl
11171,vagabond
11174,potter
11176,haystack
11179,horn
11180,big bad wolf
11254,loss of virginity
11183,fireplace
11184,reference to the big bad wolf
11190,sexual attraction
11191,sexual joke
11203,rooster
11209,middle aged woman
11210,psychadelic image
11214,cartoon sex
11217,child swearing
11263,electric chair
11221,blood
11211,jewish american
11199,undercover cop
11240,live concert
11242,junkyard
11243,black american
11246,barbed wire
11249,blood bath
11260,serial murder
11207,u.s. marshal
11266,evil preacher
11267,solitary confinement
11275,erotic dance
11280,dolly zoom
11282,roller derby
11285,reference to hitler
11287,newspaper story
11289,woman reporter
11290,cab driver
11291,girl heroine
11297,judgment
11308,painful sex
11313,winnebago
11314,f word
11315,sex change
11316,sexual humor
11201,speaking horse
11336,young boy
11324,u.s. canada war
11325,shot to death
11330,cider
11332,farm life
11333,cigar smoking
11337,cheetah
11340,omnisexuality
11341,methamphetamine
11343,brighton
11362,cockney accent
11371,deserted town
11372,lemonade
11390,liposuction
11400,sergeant
11401,carry on
11402,androgyny
11405,throatsinging
11406,tuva
11208,conspiracy theory
11409,imaginary land
11422,plot twist
11425,male with long hair
11427,movie reference
11428,convertible
11430,punched in the face
11431,wrestler
11434,ambiguous ending
11241,post war germany
11437,shot in the crotch
11440,long take
11441,lifting person in air
11444,gun held to head
11445,reference to sprite
11446,pulp fiction
11447,reference to al green
11451,pokémon
11452,celebi
11460,baseball card
11461,hangover
11462,lost weekend
11464,bag over head
11465,chapel
11467,hit with tire iron
11222,prophet
11472,drug references
11474,sexual intercourse
11476,personification of satan
11292,societal hypocrisy
11264,border guard
11481,endo
11482,republican
11485,drug humor
11486,sexual arousal
11487,midnight movie
11237,rotoscoping
11168,private investigator
11454,scam
11318,landlord
11157,sibling rivalry
11423,kamikaze
11363,arson
11262,statutory rape
11200,look-alike
11459,locked in trunk of car
11426,moral ambiguity
11152,life insurance
11323,descent into madness
11320,tenant
11411,wager
11412,female prisoner
11429,head wound
11327,wedding reception
11272,piloted robot
11160,excitement
11338,wild animal
11192,adult humor
11483,drug trip
11204,literary agent
11475,politically incorrect
11331,tale
11442,heirloom
11259,extortion
11321,animated scene
11478,talking dog
11258,suicidal
11175,lamb
11187,grim reaper
11436,redemption
11399,marine
11471,flash forward
11268,psychologist
11296,choice
11317,visions of hell
11196,rebellion
11220,cryptozoology
11335,tape recorder
11155,wolfman
11448,two man army
11488,pot smoking
11491,cult figure
11492,smoking marijuana
11826,cottage
11497,unfaithful girlfriend
11500,anthropomorphism
11501,cheating wife
11503,hit
11504,black white relations
11507,republican party
11508,jewish
11509,cheating on partner
11511,unfaithful boyfriend
11513,cheating husband
11530,sexual freedom
11516,sexual promiscuity
11517,animal penis
11581,severed head
11523,capital punishment
11526,vaginal sex
11615,internet
11718,feminist
11531,anal sex
11536,sexual imagery
11537,woman with gun
11539,grass
11541,surprise ending
11542,shock in the end
11558,jump from train
11700,rock music
11579,impalement
11580,severed
11590,italian american
11593,racist remark
11594,mississippi river
11595,american culture
11596,mark twain
11628,cloning
11614,filmmaker
11635,monologue
11659,paranoid fantasy
11660,hippie lifestyle
11662,blood on snow
11687,breaking the fourth wall
11666,microphone
11668,forensic psychiatrist
11670,mary queen of scots
11671,american football team
11694,driving test
11695,automobile
11697,the beatles
11699,paul mccartney
11701,milkman
11703,russian orthodox church
11705,tavern
11706,constable
11707,suitor
11709,russian soldier
11711,pool hall
11713,graduation present
11714,dark killer
11715,arrow
11829,infertility
11724,vulgarity
11726,poetry quote
11730,internal affairs
11731,writing in blood
11732,cigarette smoking
11525,sherwood forest
11735,school yearbook
11739,repo man
11767,suicide by gunshot
11771,pentagon papers
11790,spoof title
11792,incest overtones
11794,pokies
11795,lasersight
11798,slumber party
11799,reality spoof
11804,noise-musik
11823,pacific island
11830,hot tub
11832,peter pan syndrome
11851,man beast
11853,cane
11855,pentagram
11856,overturning car
11800,mockumentary
11871,testimony
11872,atrocity
11873,king kong
11875,detention camp
11922,commuter
11923,office politics
11606,space western
11727,crime scene
11545,leatherface
11937,conservative
11949,jönsson gang
11953,loft
11960,naked scene
11616,vhs
11720,officer involved shooting
11729,mercilessness
11737,payphone
11512,public sex
11634,live performance
11836,contest
11534,sexual violence
11547,slaughterhouse
11587,dummy
11505,drug pusher
11627,paranormal phenomena
11551,pocket monsters
11672,cheerleading
11546,hitchhiker
11669,multiple time frames
11665,handheld camera
11532,grindhouse
11510,unfaithfulness
11869,mistress
11529,conservatism
11733,drug dealing
11827,swimmer
11719,dirty cop
11925,domestic violence
11696,underage drinking
11613,live broadcast
11728,burglary
11489,nazi officer
11678,free spirit
11762,beaten to death
11772,cage fighting
11933,conflict
11738,evil corporation
11524,in the closet
11677,secretary
11550,black activist
11522,police officer killed
11710,high school graduation
11833,forty something
11493,animal as human
11704,judaism
11624,mythological beast
11921,sociology
11736,family abandonment
11857,mental institution
11868,ejaculation
11865,sex outdoors
11999,fox news
12016,holocaust joke
12070,ants
12093,special effects
12095,omaha
12100,fictional game show
12392,best friend
12102,resident evil
12105,student
12130,lilith
12131,fallen angel
12138,big mountain
12185,moon base
12187,extreme championship wrestling
12189,extreme sports
12663,little girl
12193,reporter
12196,clip show
12199,jack o lantern
12203,riches
12208,narration from grave
12399,homeschooling
12545,mansion
12342,gay son
12192,counter-culture
12662,wrongful imprisonment
12349,paul bunyan
12350,johnny appleseed
12351,john henry
12355,sniper rifle
12359,policewoman killing
12362,voting
12363,jim jones
12653,brother against brother
12337,colonisation
12372,lingerie slip
12374,neocons
12541,misunderstanding
12379,kumite
12387,cerebral
12388,romulans
12389,dirty tricks
12391,boat chase
12648,bromance
12395,reverse footage
12103,suicide of father
12397,massage parlor
12398,teen sex comedy
12403,girlfriend from china
12404,hard to kill
12405,outer space
12406,testting
12407,testing
12412,recapitation
12414,escaped convict
12417,tow truck
12419,heroic bloodshed
12420,unsimulated sex
12422,drug stealing
12553,alien abduction
12424,yakluza
12564,werewolf
12426,shinjuku
12428,taiwanese
12432,stage coach
12433,gunsmith
12365,gang rape
12438,sculpture
12440,ranchers
12441,homesteaders
12442,range war
12445,bill clinton
12530,injured leg
12532,african american
12639,brutal death
12552,alice in wonderland
12096,hair
12555,tony stark
12562,muhammad
12563,mutilations
12569,witty
12571,mankind annihilated
12572,experiment gone wrong
12574,colossal black hole
12579,irish republican army
12602,no dialog
12605,eggs
12610,unspeakable evil
12611,emerald tablet
12631,long abandoned
12633,evil lurks there
12636,relive the dark
12637,twisted memories
12642,shattered home
12643,bizarre past
12645,frightening visions
12649,samba
12655,regent
12659,free from execution
12965,duel
12661,beeper ball
12664,delayed execution
12666,darkside
12667,tokusatsu
12198,pumpkin
12764,rango
12670,"los angeles, california"
12401,big city
12423,undocumented immigrant
12099,chain smoking
12427,criminal syndicate
12547,billionaire
12612,nemesis
12408,head of state
12654,armageddon
12635,mysterious drug
12364,mass suicide
12626,georgia europe
12565,psychological thriller
12393,golden gate bridge
12332,apocalypse
12354,hong kong
12361,hacking
12200,saving christmas
12400,brainwashing
12551,nuclear bomb
12341,pitbull
12390,boarding house
12366,hitwoman
12617,airplane crash
12416,horror spoof
12352,comic book shop
12353,comic book collector
12097,allergy
12094,business
12346,eta terrorist group
12336,storm chaser
12603,kabul
12446,another dimension
12544,crying
12090,cross dressing
12335,aunt niece relationship
12434,undertaker
12371,gunfight
12011,hijinks
12413,downfall
12026,alternate history
12380,tournament
12969,chess tournament
12971,zookeeper
12974,principal
12980,brother-in-law sister-in-law relationship
14554,alias
13112,murderer
13098,moral courage
12994,bordello
13035,middle school
12996,dogme 95
12998,the muppets
13000,based on short film
13001,cowardliness
13002,avatar
13004,medical
13160,university
13007,spoon
14558,bathtub
13159,chinese
13129,execution
13025,milliionaire
13026,porky pig
12997,dinner
14602,break-up
13029,brief
13032,cougar
13037,drug smuggling
13038,retro
14541,crash
13046,grocery
13047,loss of relative
13056,loss of wife
14549,loss of job
13067,body double
13069,african
14618,british spy
13006,torture
13087,disobey
13090,briefs
13091,""
13099,ressentiment
13100,nude protest
13118,love interest
13117,job transfer
13119,tough guy
13121,essex
13122,range rover
13124,scream
13126,limousine driver
13127,farmhouse
13130,teenager
13131,cannonball
13132,pistol
13139,animism
14636,india
13142,gangster
13143,beautiful  woman
13147,snake oil
13148,medicine show
13149,pregnancy
13152,air
14514,class differences
13154,world
13155,domination
13156,cheering
13158,gasoline
13161,towel
13063,car accident
13281,work ethic
13384,tv morning show
13424,tv reporter
13495,duplicate
14512,new york city
14519,military tribunal
14521,man change
12999,black and white
14531,play
14532,crazy
14536,crime
14537,woman power
14604,theft
14542,end is here
14632,suburb
14545,automaton
14547,checkpoint
14551,hashish
13097,maid
14577,musketeer
14557,undressing
14560,body in chipper
14561,cut off jeans
14641,based on memoir or autobiography
14527,storm
14571,cactus
14574,rancher
14575,mariachi
14585,terrarium
14587,armadillo
14590,recital
14598,vodka
14600,guitarist
14613,elephant trainer
13042,football (soccer)
14530,director
14627,film shoot
14629,experimental film
14633,moving out
14637,gulag
14601,explosion
14644,star wars spoof scene
14529,improvisation
13043,dating
14638,american
14522,co-workers relationship
13519,german occupation of france
14559,hillbilly
14595,lap dance
13095,death of lover
13084,king
13017,drifter
13078,skinny dipping
14548,political assassination
13065,soldier
14643,battle
14625,anti villain
14576,pedophile
14534,relationship
14546,massacre
13088,summer
13151,drawing
14605,helicopter pilot
13096,reality vs fiction
14552,ira (irish republican army)
13194,planet
13040,electrocution
13094,photograph
14513,wrestling coach
13083,rape and murder
14588,disillusionment
14620,raft
14599,birthday cake
14518,math teacher
13140,niece
12993,suicide mission
14617,mole
14586,construction site
13068,impostor
13125,sadist
14645,nail gun
14647,man child
14651,house warming
14652,falling from height
14656,order of the templars
14657,bail
14659,girl
14660,bird attack
14662,nature run amok
14665,barbarian
14666,muscleman
14668,reading aloud
14648,parent
14915,invisible
14678,case
14686,head bashed in
14687,extreme violence
14696,bloody fight
14698,throat slitting
14805,maniac
14708,tears
14794,lust
14731,martial arts master
14733,texan
14707,brutality
14738,yard sale
14780,investigator
14744,english
14745,bush whacker
14749,water cooler
14750,chemist
14751,youth
14753,scot
14754,bow
14757,wedding toast
14941,martial artist
14742,psychic
14764,bull
14768,single mother
15011,criminal underworld
14773,eclipse
14774,flask
14775,corps
14778,urination
14779,paradox
14709,profile
14791,spa
14792,tarantula
14752,potion
14795,jacket
14808,scalping
14814,fur coat
14819,violence
14825,electronic music score
14828,city
14829,strangulation
14845,dead end kids
14850,deep focus
14852,poker game
14861,knifing
14864,rich poor
14866,doorman
14867,knife wound
14870,street urchin
14872,reward
14873,tenement
14809,dead mother
14888,burning man
14889,cultural
14896,reavers
14898,spitting blood
14899,white suit
14676,series of murders
14886,thirty something
14769,devotion
14914,swinging
14918,shaolin master
14922,kendo
14926,katana sword
14934,shaolin kung fu
14935,disarming someone
14951,bo staff
14956,wu shu
14961,chop socky
15009,criminal
14967,foot chase
14984,cardiologist
14646,overbearing mother
14989,religious
14991,tentacle
14690,violent death
14712,young woman
15012,ancient history
15015,dying wish
15017,danger
15022,text message
14755,power outage
15028,subversive tale
14736,motorcycle gang
15033,remake of swedish film
14811,exploding head
14798,park
14955,fighting
14999,devil
14988,east asian lead
14692,hook
14671,corporate world
14831,stabbing
14946,fictional war
14796,destruction
14675,lethal virus
14837,rage
15002,dark hero
14670,unknown father
14913,water park
14720,love affair
14985,ireland
14943,shaolin monk
14836,italian restaurant
14895,cannibal
14901,body mutilation
14677,bullet wound
14789,art thief
14856,informant
14673,disease
14782,trust
15000,person on fire
14759,ape
14714,summer vacation
14781,patient
14949,stick fight
14818,model
14658,drug trade
15021,mysterious letter
14649,oil spill
14857,juvenile delinquent
14756,destruction of planet
14748,raid
14905,britain
14784,medication
14728,antarctica
14983,proposal
14766,cafe
14783,false accusations
14688,multiple stabbings
14882,"ontario, canada"
14737,economics
15027,taboo
14906,slave
14667,poseidon
14987,cliffs
15036,ancient china
15037,bug
15038,secret plot
15039,chinese emperor
15048,teenage prostitute
15050,female cop
15051,inside man
15057,labor day
15059,t shirt
15263,park ranger
15216,avant-garde
15067,talking to the camera
15068,one day
15070,forever
15071,centenarian
15072,smurf
15074,vortex
15075,mischief
15155,witness to murder
15077,horror movie
15078,pervertion
15079,record
15084,skull
15085,splatter
15086,advertising
15088,deficit spending
15089,fighter airplane
15284,cartoon cat
15091,flipping car
15093,smashed head
15094,mad
15095,revenge motive
15096,clown shoes
15040,ghost hunting
15099,professional hit
15100,lock pick
15108,justice
15113,adult lives at home
15114,nasty neighbor
15118,ensemble
15119,mugger
15124,framed
15111,drinking
15131,live audience
15132,gay bar
15133,vibrator
15135,gay sex
15138,private club
15139,sinkhole
15141,sliced in two
15142,broken ankle
15145,deadline
15147,german accent
15167,police detective
15150,bullfrog
15151,car dealership
15126,historical
15157,sketching
15158,rebellious youth
15163,freeze frame
15166,photo shoot
15171,earring
15172,shampoo
15173,hang glider
15175,subliminal
15178,food industry
15184,woman
15188,martha's vineyard
15190,gipsy
15191,seminar
15192,staff
15193,motle
15197,porn director
15198,car wreck
15201,music fan
15203,dry humour
15206,woman fights man
15209,dead boy
15210,wallet
15211,sunglasses
15213,vicodin
15069,masked man
15215,waffle
15223,vigil
15224,candle
15225,cattle
15226,dead fish
15227,counselor
15228,golf course
15230,red wine
15233,arsonist
15242,poetry teacher
15244,dead body floating in a river
15246,sabotage
15247,word domination
15249,tragic event
15162,dog
15254,protector
15256,cyberspace
15259,air battle
15261,erased memory
15265,howling
15266,social status
15267,james bond spoof
15268,incompetence
15269,female boss
15270,klutz
15274,nervous breakdown
15275,parade
15278,prison sentence
15286,new kid
15292,hanged man
15248,commando
15299,detention
15300,father daughter relationship
15058,swimming
15106,psychiatrist
15112,naive
15134,election
15199,rabbit
15128,sex talk
15161,rebellious daughter
15208,biting
15235,house fire
15218,special forces
15232,parole
15164,custody
15234,convict
15120,kindness
15148,ostrich
15169,goose
15043,paranormal investigation
15053,united nations
15186,task force
15140,quicksand
15189,violin player
15049,sex trafficking
15137,union
15271,interrogation
15174,ecology
15250,alien infection
15272,gestapo
15182,partisan
15055,kissing
15136,female homosexuality
15241,teenage rape
15222,central america
15165,school play
15212,rest stop
15087,iraq war
15129,vagina
15291,on the road
15219,rooftop
15130,gay marriage
15240,platoon
15237,alcohol abuse
15098,great white shark
15073,blue
15160,divorce
15290,pursuit
15319,attraction
15480,modern art
15334,parking lot
18091,free will
15344,shot in the stomach
15346,old dark house
15351,kicked in the crotch
18092,guardian
15359,dead woman
18021,"detroit, michigan"
15375,chains
15394,hatchet
15396,cardsharp
15402,popularity
15403,blind tutor
15462,flat tire
15481,fictional city
15482,kato
15483,car chase
15518,facial scar
17926,softball
17937,desolate
17953,country
17970,tranksgiving
17972,plastic surgeon
17973,skin
17974,makeup
17975,transgender
17978,electric vehicles
17980,green energy
17981,foster sister
17982,moor
18062,obsessed fan
18026,drug lord
17989,prison visit
17985,birth
17992,broken arm
17993,potty training
17994,firecracker
18053,divorcee
17998,pearl jam
18000,rock group
15484,meth lab
18002,hard rock
18006,birding
18007,birdwatching
18171,thunderstorm
15478,art gallery
18117,female spy
18024,hungarian
18028,hiding
15479,fashion
18030,rubble
17984,foster family
18036,coward
18040,loan
18042,affirmative action
18044,railway
18031,rescue team
18049,sex scene
18051,female stalker
18056,tricycle
18057,prosthetic arm
18058,pig mask
18060,divorced woman
18061,leading man
18063,sports bar
18064,singing in a car
18065,new york giants football
18067,exploding house
18009,iran
18069,laser gun
18118,disguise
18073,covert agency
18074,courthouse
18077,extreme sadism
18078,child killer
18081,sawed off shotgun
18075,political campaign
18083,attempted robbery
18085,intestines
18086,disembowelment
15321,police station
18088,shot repeatedly
18090,town
18096,spear
18098,samurai sword
18100,seppuku
18005,high school friends
18104,samurai era
18106,knife throwing
18107,silencer
18110,gist fight
18111,kickboxing
18112,durham north carolina
18114,exploding car
18115,retired
18123,necromancer
18126,sermon on the mount
18109,knife fight
18011,pregnant woman
18130,psychopathy
18132,newcastle united
18153,meerkat
18139,nuclear war
18142,catfight
18147,strangler
18149,cut arm
18155,vulture
18161,baboon
18165,animals
18179,drug addict
18194,detour
18211,loss of loved one
18027,sibling
17995,epidemic
18101,bow and arrow
18072,preacher
17971,homeless shelter
18133,computer game
18105,sharpshooter
15370,family in peril
18071,belief in god
15378,backwoods
15302,evangelical christianity
18187,family reunion
18020,fantasy sequence
18054,self help guru
15335,paintball 
17996,puzzle box
17979,electric car
15325,universe
15301,school assembly
18014,wrath
18013,separation
18052,anonymous telephone call
17947,farmland
15395,antique
18193,swamp monster
15365,held captive
18008,divorced
18136,hyena
15405,godfather
18046,internet chat
17977,underground fighting
15460,bound and gagged
15381,captive
18185,bike
18093,wedding ceremony
18070,religious fundamentalism
18230,drug trafficking
18232,opec
18257,educational
18250,live action role playing
18293,chef
18252,young girl
18253,moving
18256,spiritual
18258,face mask
33402,wing chun
18268,atomic reactor
18269,moskow
18286,israeli palestinian conflict
18292,rustler
18300,english countryside
18305,oncologist
18314,internet porn
33421,crime family
18378,pesticide
18380,organic
18382,pollination
18395,dance music
18401,contemporary setting
18402,strong language
18732,sexual repression
33456,double cross
18339,human rights
18431,female ninja
18432,female martial artist
18439,schlock
18448,gaijin
18450,exploitation film
18451,over the top
18455,tolerance
18457,minister for education
18465,interrupted hanging
18471,false accusation of murder
18476,noose
18480,tropical
18486,child molester
18396,catholic
18510,head ripped off
18512,slow motion
18520,though guy
18525,fbi agent
33479,single father
18677,alternative
18933,catwoman
26904,lawman
33067,drug bust
33203,calabria italy
33327,snowflake
33329,climbing through a window
33333,cabbage
33334,jumping into a pool
33335,lifted by the throat
33340,barbie doll
33341,tea kettle
33342,conga line
33343,spit in the face
33345,jackie kennedy
33346,promotion
33424,cynical
33352,police car
33355,skateboard
33358,contraception
33360,employer
33364,visit
18239,home video
33388,admiral
33396,remake of french film
33403,bayonet
33406,roulette wheel
33414,chopsticks
33420,racist comment
33426,gang member
33428,gash in the face
33429,big ears
33430,centipede
33433,mouth
33434,perverse sex
33435,onanism
33437,perverted
18330,nature
33441,sadistic sex
33442,feces
33447,banned film
33448,sandpaper
33475,songwriter
33452,trilogy
33454,convenience store robbery
33455,chick flick
33476,widower
33458,gay man
33459,filing
33460,credit
33461,diamond
33463,particle accelerator
33464,burning body
33466,button
33468,secret door
33471,downsizing
33477,shore
33478,advice columnist
33483,u.s. congress
33484,concert hall
33487,burden
33488,beast of burden
33489,transcendence
33472,cross country
33491,part animated
33495,afghan
18267,"vienna, austria"
18326,fired from the job
18236,fasting
33416,power politics
18409,mental patient
18354,henchman
18360,role playing game (rpg)
18298,tv show in film
33384,napoleonic wars
33088,rave party
18712,based on graphic novel
33493,valet
33473,triplet
18295,food critic
18514,death of family
18453,gossip
33407,hanging
21747,poland
33482,war hero
18524,refrigerator
33348,mass extinction
33474,band singer
18447,japanese woman
18381,honey
18454,compassion
33386,old flame
18263,revolutionary
18233,hostage situation
18266,south america
33432,male masturbation
33344,bandit
18320,held at gunpoint
18522,one against many
33462,handcuffed
33401,master
33485,calcutta
33353,boy genius
33467,new home
18379,bee
33480,environmental
18254,laptop
18321,porn industry
18932,origin of hero
33498,transplant
33500,story in story
33501,political
33502,voting results
33504,basset hound
33507,multiple identities
33508,doomed love
33510,cookies
33515,drugged
33518,district attorney
33861,law student
33530,hudson rive
33532,polluted river
33533,smothers brothers
33536,hudson
33550,displacement camp
33552,chorus
33585,labor
33558,practice
33573,banana
33575,buchenwald
33576,menorah
33582,migrant farmworker
33586,latino
33592,cityscape
33593,drawn
33594,falling elevator
33595,pier
33598,woodchipper
33601,covered wagon
33556,urban setting
33603,pijamas
33604,racist gangster
33605,murdered sister
33607,tragic end
33608,gardener
33609,stolen truck
33611,exercise
33612,stolen bicycle
33613,madame
33615,cricket bat
33616,broken bottle
33617,genocide in rwanda
33619,pardon
33620,guilty
33621,desk
33624,band
33625,illegal prostitution
33534,folk singer
33631,hymn
33632,apartment
33633,fantastic world
33634,stork
33636,irak
33775,book editor
33638,warfare
33642,manifesto
33649,legs
33650,disc
33651,ex priest
33652,private
33653,alternative energy
33656,pervert
33657,chalet
33661,snowboarding competition
33665,unpaid bill
33666,windshield
33672,financial transactions
33722,true crime
33675,jackass
33676,figaro
33677,sneezing
33678,beard
33679,unprotected sex
33681,top hat
33740,humiliation
33684,dead mule
33685,gold mine
33630,doll
33701,river patrol
33640,democracy
33708,horseman
33709,head
33688,hunting
33713,grandmaster
33714,danish soldier
33719,drink
33580,children's rights
33725,locker
33731,stand-up comedian
33734,sanke
33735,snake woman
33736,pregnancy craving
33737,snake bite
33738,beaten
33756,deaf
33759,fish tank
33768,blind
33774,blood type
33778,peekaboo
33779,rail car
33648,celebration
33783,dark
33784,muggle
33785,drugs and addiction
33786,apollo s
33577,environment
33788,guide
33790,drainage project
33794,day care
33528,clearwater
33797,ryman auditorium
33808,warden
33811,secret from family
33815,hidden weapon
33820,walking on roof
33829,whaling
33844,margaret thatcher
33845,british overseas territory
33847,british politics
33850,female politician
33857,female prime minister
33858,right wing
33860,falklands
33852,falklands war
33635,pelican
33772,deer hunting
33848,british prime minister
33699,policeman
33587,child labor
33499,bhutan
33760,great barrier reef
33505,gothic
33557,rehearsal
33564,u.s. soldier
33846,war propaganda
33782,diver
33739,molestation
33671,german shepherd
33674,conscience
33623,raincoat
33618,machine
33610,gym
33574,childhood home
33841,incest
33646,information leak
33813,secret life
33809,receptionist
33694,family holiday
33600,stagecoach
33728,force
33514,clue
33773,organ transplant
33720,guilt
33513,desire
33856,political leader
33597,tooth fairy
33496,construction
33702,bombing
33795,"salem, massachusetts"
33864,long hair
33872,animal in cast credits
33873,little people
33880,following someone
33885,car
33887,name calling
33888,electric guitar
33895,led zeppelin
34004,second chance
33897,twin towers
33898,rock 'n' roll
34196,"bucharest, romania"
33926,chorus line
33932,casting director
33933,split screen
33940,dance class
33942,leotard
33965,christmas eve
33966,scrooge
33969,miser
33970,doom
33973,glam rock
33977,medical experiment
33979,surprise party
33980,man in swimsuit
33984,killer car
34009,tough girl
34013,shoe shiner
34014,northern france
34023,fbi director
34031,ancient culture
34032,love for wife
34038,intrigue
34041,canal
34046,rocket ship
34051,team
34052,homerun
34067,jousting
34068,feast
40798,romantic literature
34117,cult film
34122,directed by star
34126,convent school
34128,building
34135,pioneer
40870,race
34139,railroad
34141,devout
34142,jobless
34112,wig
34215,lesbian interest
40838,lyricist
34244,organic agriculture
34250,media hype
34255,darfur
34257,african union
34262,infatuation
34269,ostia italy
34333,lgbt child
35554,movie starshrine
41158,stakeout
40244,medical profession
40831,gilbert and sullivan
40832,gilbert and sullivan's princess ida
40837,piano duet
40841,monsanto
40842,organic food
40844,sustainable
40847,near future
40869,daredevil
40882,tulips
40884,blade
40894,mysterious island
41203,clique
40897,dance lesson
40898,racetrack
40900,library of congress
40905,cheering crowd
40916,working mum
40922,saving lives
40929,witch burning
39737,seaside
40932,dream interpretation
40934,tambourine
40936,lock
40940,gay club
40948,roadside bomb
34061,american abroad
40953,car seat
40829,political activist
40956,recovering alcoholic
40957,police academy
40958,russian immigrant
40984,exhibition
41000,griculture
41005,foundling
33874,polaroid
41019,car explosion
41022,protestant
41132,hockey game
41133,shaving
41151,throne
41154,puke
41155,pants
41156,liberal
41171,pond
41177,weapon of mass destruction
41178,baghdad
34030,typewriter
33998,lesbian sex
41188,bilbao spain
41207,grave robber
34124,mother superior
34145,beach house
34156,tied up
34053,video store
33974,fortress
41179,iraqi 
33981,falling down stairs
33934,choreographer
40954,"le havre, france"
34143,rich
40879,drunk
40821,hawk
33876,swinger
33899,rockumentary
40846,goldfish
34115,transsexual
34100,all black cast
34264,madonna
40865,new york state
34118,retrospective
41172,schoolgirl
40950,waiter
41153,meeting
34029,chubby woman
40854,airport security
34125,catholic school
34265,heartbreak
34268,rescue from drowning
40920,intervention
41185,heiress
33910,high school student
33905,inner city
40850,destiny
34134,veterinary
34258,ex-marine
40917,in-laws
34094,extramarital affair
41002,corn
34161,doomsday
33879,producer
34137,dungeon
40921,street crime
34214,gender
34130,makeover
41175,shopping
34154,north pole
40903,diamond heist
41599,sailor
41230,body possession
41239,gag humor
41410,madness
41267,bum
41276,powder
41277,umbrella
41279,kleptocracy
41281,shady
41307,lye
41308,syringe
41309,lost of friend
41310,ride
41312,chute
41314,trestle
41316,pet dog
41327,snorkel
42923,caterer
41331,jock strap
41335,burt reynolds
41337,freeze
41338,climatologist
41344,north korean
41354,dialogue driven
41358,black power
41364,pacifist
41372,leg brace
41374,joke telling
41376,shovel
41377,lily
47020,storytelling
41382,car fire
41390,mustache
41391,tequila
41392,fiesta
41394,ruler
41395,scare
41396,task
41398,art horror
41401,winning
41402,invalid
41385,racial tension
41405,glasses
41409,break in
41407,dark ages
41413,child eaten
41414,timebomb
41352,drug overdose
41416,spalding gray
41476,south australia
41509,hate
41511,cross
41521,first grade teacher
41355,teacher student relationship
41573,rumi
41579,flour
41581,jack frost
41584,sandman
41278,russian politics
41389,old car
41590,love sickness
41591,music band
41594,electricity
41595,oceanic expedition
41597,revisionist
41602,forced relocation
41604,oakland california
41605,tail
41607,recipe
41608,cosmology
41609,ego
41611,martyrdom
41612,padre
41613,rapier
49950,prosecutor
41640,septic tank
41642,town in panic
41643,welding
41644,gunshot
41525,high school teacher
41667,horror movie remade
41721,physician
43591,pedicab
44365,poseidon
44413,sundance kid
44445,raining
44446,mail
44448,spaniel
44449,gloves
44450,gong
44451,lost
44452,shake
44453,mango
44494,timer
44495,gas pipeline
44496,hive
46951,mirror
46952,heavy rain
46953,speedo
46954,journal
46958,good and bad
46961,strap
47017,jazz singer
47018,weasel
47019,weaver
47021,bullet
47022,social life
47024,pin
47079,dock
47972,native peoples
48711,ticket
49957,reference to richard nixon
41373,dead man
53994,shrew
53995,archery
41557,shrine
41663,bicycle courier
41515,gay parent
41412,sewer
41616,cops and robbers 
46962,discipline
46955,implant
46960,reformatory
41610,saint
44447,pie
41336,government assassin
41592,monastery
41393,new england
41365,council
41600,laundry
44443,eating
41668,safe house
41406,middle ages (476-1453)
46950,dagger
41601,modern china
41381,rapist
41538,turns into animal
50244,making of
41379,argument
41241,bellhop  
41500,oil industry
46959,tantrum
41311,bird hatching
41334,hispanic
41246,tailor
41593,meal
41351,will
49960,business start-up
41260,sensuality
41375,casket
41214,youtube
41383,triad
41328,whistle
41585,traveling circus
45141,carpenter
41603,paramedic
41249,secret service
41388,portrait
44042,treachery
41411,vengeful ghost
41216,time freeze 
47023,first kiss
41240,madcap comedy
41368,former best friend
54005,the beatles song
54016,glue
154954,social injustice
54467,tryst
54610,dove
54613,purity
68638,hiding under a bed
68641,team play
68644,pretty girl
154866,archive footage
68647,failed tv pilot
68648,mailbox
68649,vegetable juice
68820,videoconferencing
69467,longshoreman
130989,butch cassidy
154846,farmer
148534,cunnilingus
153958,multiple assassinations
154060,happiness
154061,global
154079,collections
154123,irish american
154228,confirmed bachelor
154681,april fool's day
154705,islamic
154779,saw
154780,buxom
154781,traffic policeman
154783,security guard killer
154784,film debut
154785,short-term memory
154786,old lady
154787,irish rebellion
154788,alternative comedy
154797,harpsichord
154800,hollywoodland
154806,marquee
154815,environmentalist
154820,galley
154838,uncle tom's cabin
154841,chakri dynasty
154856,fox hunt
154863,east end
154842,school teacher
154874,imagery
154881,fingerprints
154882,appeal
154889,concealed weapon
154890,head blown off
154892,head stomp
154900,noisy neighbor
154903,homophobe
68650,australian man
154906,canceled wedding
154937,bisexual
154942,teammate
154948,fixed gear bike
154949,bike riding
154950,venice beach california
154976,shooting party
154986,gonzo
154990,interracial
154999,bald
155024,drill
155262,threesome
155037,democrat
155263,dildo
155058,karaoke bar
155061,yellow dress
155065,kung fu classic
155068,emergency doctor
155080,art of seduction
155081,hipster
155097,wreck a movie
155099,sonic the hedgehog
155102,eggman
155103,tails
155104,knuckles
155107,land of the sky
155143,sea level
155163,turin italy
155164,remodernist
155167,cult director
155169,american football star
155198,ronin
155199,dishonor
155204,development
155211,klingon
155212,vulcan
155215,leather
155219,son goku jr.
54012,young man
155231,reference to william shakespeare
155232,drunk driving
155233,teem
155236,auto accident
155238,hijack
155239,loot
155240,mule
155241,customer
155242,shogun
155244,vendetta
155245,deli
155247,irreverence
155248,nephew
155170,inspiring story
155255,choking
155270,redhead
154884,escape artist
155273,busty
155275,fingering
155278,feet
155290,disney short
154802,silent film
155297,bushman
155298,aeroplane
155300,tribal
155301,rough sex
155312,shaved
155317,edgar allan poe
155331,jewel
155334,scuba
155336,smuggler
155343,brumby
155344,brumbies
155346,colt
155347,stockman
155349,clancy of the overflow
155351,muppet
155352,kermit
155353,fozzie bear
155354,kermit the frog
154867,jockey
68646,supernatural creature
155071,pagan
68642,intimidation
155208,nursing home
154904,tape recording  
155209,caregiver
68643,food fight
154794,royal court
154879,county jail
154777,teeth
68838,lightning bolt
154896,sea turtle
155139,porn parody
57990,garbage truck
154855,wedding anniversary
54324,patriot
155325,cartoon mouse
148540,married woman
155235,animal killing
54611,ulcer
154782,police funeral
154796,overbearing father
154909,marriage for money
155327,robot dog
155296,kalahari
54612,shoe
155180,cajun
154901,audio recording
155355,floyd
155356,dr teeth
155358,miss piggy
155361,studebaker
155362,four seasons
155372,freezing
155374,hussars
155391,muhammad ali
155417,shade
155418,subculture
155428,trolley
155430,stealing car
155431,toneel
155432,vreemdgaan
155434,dead woman with eyes open
155435,insurance investigator
155436,classic noir
155440,hitchcockian
155441,inner sanctum
155443,dillinger
155446,police stakeout
155448,no air conditioning
155497,truck driver
155453,gritty
155456,comedy routine
155461,shark repelent
155462,little dog
155464,over-the-hill fighter
155466,alamo
155467,nursery rhyme
155723,jack ryan
155483,bee gees
155488,black cat
155489,classic horror
155494,radio series
155495,mr. moto
155496,the whistler
155498,cb radio
155501,marry rich
155502,racketeers
155503,bookie
155508,jewel heist
155509,hemmingway
155511,stagecoach robbery
155512,saloon owner
155514,dirt bike
155517,lemmy caution
155518,nouvelle vague
155526,the falcon
155530,capsized ship
155536,jockstrap
155539,sicilian
155543,mad bomber
155545,vice squad
155552,elmore leonard
155555,computer hacker
155556,doggystyle
155561,bitten
155565,pin-up
155535,interracial sex
155574,sesame street
155578,donald duck
155546,female police officer
155583,neurosurgeon
155584,firewall
155585,halley's comet
155586,spinach
155591,all girl
155606,semen
155608,aikido
155613,goofball
155614,ramones
155616,goodyear blimp
155618,dust
155529,killer whale
155622,pyrenees
155623,lourdes france
155625,silence
155626,shot in the arm
155627,axe in the head
155631,man on top
155633,mahjong
155641,credit rolling down
155642,road map
155482,rock opera
155644,toddler
155645,auto mechanic
155646,kickboxer
155648,steinway
155649,arthouse
155651,fall in love
155652,nuclear
155655,tom and jerry
155658,blonde woman
155662,vulva
155671,male orgasm
155675,female masturbation
155678,penis
155689,monolith
155693,erotic drama
155699,false teeth
155700,charles willeford
155701,cock fighting
155702,used car salesman
155704,shallow grave
155707,musical number
155712,grand theft auto
155713,car robbery
155714,al capone
155717,footsteps
155719,tannery
155720,rollerskating
155450,cape cod
155724,home ownership
155725,red sox
155726,fenway park
155727,mike hammer
155728,convertable
155729,chip n dale
155730,hammer horror
155734,scary little people
155493,campy
155742,future sport
155743,telethon
155744,newspaper man
155745,anchorman
155513,dancehall girl
155393,sympathy
155554,semi-documentary
155538,sicilian mafia
155735,new york subway
155544,horse track
155499,convoy
155547,weight lifting
155697,aristocrat
155395,endurance
155740,sex toy
155531,policewoman
155621,child star
155375,austria-hungary
155402,presumed dead
155449,b-girl
155490,disco
155715,police dog
155410,reading
155445,bank vault
155750,fake death
155647,green card
155419,shoplifting
155479,british pub
155532,fatal attraction
155716,rookie cop
155437,children on the run
155392,summit
155507,aging actor
155457,screwball comedy
155480,vespa
155650,music recording
155620,former child star
155710,rock musical
155718,intoxication
155451,british noir
155733,old house
155795,art dealer
155756,tall ship
155757,betting on horse
155758,liquor store
155760,afro
155762,swinging 60s
155782,freak accident
156175,dead dog
155791,american football player
155793,attempted suicide
155797,hemingway
155799,narcotics cop
155801,mountain climber
155802,american football stadium
155803,drive over cliff
155804,biloxi mississippi
155806,killer plant
155807,bruce lee
155798,sing sing
155809,riding the rail
155810,holding cell
155812,color blindness
156140,baltic sea
156125,swimwear
155818,newswoman
155819,val lewton
155840,boxing promoter
156064,homecoming
155842,supercomputer
155843,black bird
155844,sam spade
155845,french noir
155848,wrist watch
155849,gloomy
155850,jazz artist
155857,strip tease
155859,law man
155860,philip marlowe
155864,clubber
155865,club scene
155866,tetris
155869,nes
155871,duckling
155873,defense attorney
155877,over the hill
155879,boating accident
155884,beautiful girl
155891,trustee
155894,wild girl
155896,wild child
156039,space station
155951,indian food
155954,queens new york city
155955,business card
155958,muslim american
156022,nypd
156017,frontiersman
156020,pegleg pete
156030,trinidad
156032,gascon
156034,opera house
156040,hypnotist
156037,socialite
156062,cumming
156070,intimate
156072,watergate
156153,ice cream
156080,newspaper editor
155939,group of friends
156082,cat burglar
156085,little italy
156086,canterbury
155800,atmospheric
156092,fat suit
156093,steven king
156104,stranger
156099,new york yankees
156100,minor leagues
156105,hollywood bowl
156111,inherited disease
156112,wake
156115,feel-good ending
156116,tommy gun
156119,payroll robbery
156159,martial arts tournament
156127,charles darwin
156138,cinemascope
156139,silly symphony
155888,teenage daughter
156143,kitten
156147,diver instructor
156148,comedy duo
156149,doberman
156152,hagakure
156155,cd player
156156,rouge
156157,arm sling
156158,racial slur
156160,beefcake
156165,trucker
156167,skeptic
156168,hole
156170,record album
156171,dawn
156172,geode
156173,eye gouging
156019,lumberjack
156177,mud mask
156178,hand
156180,initiation
156182,ducati
156183,west
156184,tranvestite
156185,hearse
155811,spiral staircase
155936,recovering addict
155816,ex-wife
156162,martial arts training
155814,photojournalism
155881,estate
156028,broadway
156033,jekyll and hyde
156117,illegal drugs
156120,train robbery
156063,expatriate
156166,mormon
155813,submissive
156121,ex-con
155876,reenactment
156169,backyard
155794,physical abuse
156031,art theft
155761,phone sex
155781,trailer
156076,human relationship
156096,butterfly
156042,hypocrisy
155861,workout
156043,religious hypocrisy
155892,trust fund
156154,haitian
156181,lecture
156176,moth
155851,book store
156084,bricklayer
156024,corrupt politician
156095,british secret service
156123,"algiers, algeria"
156137,music history
156151,pigeon
156053,bangladesh
156018,mining town
156026,east germany
155805,native american reservation
155759,horse racing
155882,dying mother
156035,gold prospector
155821,sled dogs
155751,stolen identity
156186,cameo
156187,cat house
156188,picture
156190,billboard
156191,arm wrestling
156192,gentle giant
156193,ice block
156196,street life
156197,cripple
156198,iceman
156202,late night
156204,neil young
156206,omelet
156207,ear cut off
156208,federal agent
156210,labor organizer
156217,u boat
156219,prison riot
156220,postwar japan
156228,sequoia
156230,midwest
156231,trombones
156233,counterfeiter
156234,cavalry
156805,dea agent
156237,jewelry store
156241,dying world
156243,high priest
156245,mysterious force
156260,stripping
156263,pumpkin head
156271,cuban
156279,possessiveness
156282,alternate reality
156290,meat pie
156296,job termination
156298,richard pryor
156310,punk music
156312,visceral
156317,lagoon
156319,television program
156320,cannery
156321,tv movie
156322,pretty woman
156324,cult horror
156335,bar hostess
156336,loudspeaker
156345,istanbul turkey
156347,byzantium
156378,land
156386,bible quote
156390,face slap
156391,peeping tom
156392,scythe
156777,teenage sexuality
156395,imax
156401,car wash
156402,dadaist
156407,promiscuous woman
156433,explicit sex
156444,trucking
156456,animal abuse
156486,post-punk
156491,multiple monsters
156493,life sentence
156498,georgian
156507,rainstorm
156510,horse and carriage
156512,decorum
156517,mision
156597,magic realism
156538,carpet bombing
156544,cadaver
156553,mascara
156554,roja
156558,showcase
156560,cuentos
156561,terramar
156562,jonah hex
156573,slevin
156580,ghost story
156642,tower block
156760,fake boyfriend
156596,no dialogue
156598,harry palmer
156622,wild west show
156623,trapeze
156316,troubled teen
156634,tv
156338,corporate greed
156641,monitor
156645,jakarta indonesia
156648,swat
156651,lipstick
156688,seductress
156702,capture
156706,oil tycoon
156708,studio tour
156731,escort
156761,split personality
156764,pre-code
156768,roller coaster
156769,three card monte
156770,tightrope
156771,cutter
156772,peony
156773,mastercard
156775,dyje
156779,turkish mafia
156780,sunflower
156389,diabetic
156785,cyanide
156786,prison escape
156788,swat team
156789,freeway
156790,propane
156791,alternate world
156793,stuffed toy rabbit
156796,cautery
156797,importer
156798,film school
156800,errand boy
156802,cornfield
156455,unhappiness
156804,menu
156808,hospital fight
156809,car trouble
156810,science
156811,usaf
156813,computer cracker
156814,filipino
156815,corporal
156816,grenade launcher
156212,spaghetti western
156487,synthesizer
156277,hedonism
156801,club
156294,rich kid
156650,machine gun
156330,boxing trainer
156478,boyfriend
156337,prototype
156240,mortal danger
156546,talking car
156799,vermont
156767,nuclear threat
156189,origami
156661,threat
156203,sketch comedy
156795,lasso
156393,mexica (aztec)
156257,jail cell
156479,inheritance fight
156221,showgirl
156318,bats
156205,concert film
156331,lgbt athlete
156501,pride
156306,price of fame
156195,family feud
156535,militarism
156334,corporate crime
156295,trophy wife
156388,environmentalism
156273,critic
156766,depression era
156578,newlywed
156817,first aid
156818,seashore
156823,drummer
156825,music store
156826,operating room
156827,public restroom
157302,football (soccer) fan
156837,connecticuit
156849,large knife
156850,little big horn
156851,psychiatric ward
156854,cat fight
156855,scientific experiment
156856,christian vii
156875,nobel peace prize
156878,prostate cancer
156883,army general
156884,rangoon burma
156885,junta
156886,reference to the who
156888,military dictator
156902,assistant district attorney
156904,dyr
156905,grand central station
156921,dog allergy
156928,tomboy
156934,episodic
156935,omnibus
157213,death of mother
156961,distortion
156966,minnie mouse
156938,insurance
157022,darwin
157064,circular saw
157094,male underwear
157107,court trial
157131,light bulb
157132,edgar allen poe
157135,ealing
157138,numbers racket
157141,vanity project
157144,stockings
157145,atm
157154,psychotherapy
157171,nonlinear timeline
157156,trek
157160,antarctic
157166,beretta
157524,tropical island
157174,chips
157182,male rape
157185,vampire bat
157186,swashbuckler
156881,"oxford, england"
157191,woody woodpecker
157194,spanish
156887,military dictatorship
157201,women fight
157202,one woman army
157203,woman vs woman fight
157204,girls with guns
157211,female bonding
157216,handcuffed to a policewoman
157217,woman smoking
156930,sexual confusion
157223,bitterness
157224,boots
157227,board meeting
157232,airborne car
157234,cemetary
157237,compact disc
157239,computer fraud
157251,bomb planting
157258,british high society
157263,domed city
157444,dismemberment
157266,schoolmates
157268,hijacker
157273,shot in the forehead
157282,airplane manufacturer
157283,speakeasy
157286,golddigger
157291,narcissism
157293,Åsa-nisse
157301,manchester united
157008,roman catholic church
157096,homoeroticism
157314,psychological horror
157317,driving lesson
157325,bandage
157331,truce
157332,flag
157333,vote
156924,tearjerker
157375,bludgeoning
157256,forensic science
157380,tabloid
157392,female writer
157398,garden shears
157409,whispering
157418,boiler room
157430,swamp thing
156834,adopted
157192,hardship
157468,tarmac
157470,meat cleaver
157471,shot through a wall
157215,death of sister
157490,dead cat
157351,living dead
157496,dead lover
157499,mother son relationship
157504,brother sister 
157514,famous theme
157515,shot in the face
157530,maggot
157532,bitten in the neck
157537,throat ripping
157560,roadkill
157495,loss of pet
157458,book of the dead
157512,mutilation
156828,fight to the death
156872,ill mother
157424,sledgehammer
156940,haircut
157433,stuntwoman
157187,old friends
157434,stuntperson
157164,animal death
157367,chained
157238,computer expert
157222,big corporation
157337,inn
157465,eyeball
156824,metronome
156937,opal
157136,lynching
157376,death match
157384,news reporter
156925,first crush
157146,hooded figure
157151,astrology
157321,boundary violations
157296,bankruptcy
157481,ice cream man  
157210,framed for a crime
157196,clothes
156949,end of world
157292,manipulative lover
157488,pet cemetery
157150,pluto
156836,space race
157241,criminal investigation
157572,surgical operation
157583,knocked out
157584,megalomaniac
157598,store
157624,nagging mother
157626,director cameo
157645,slug
157657,country singer
157661,bodily dismemberment
157669,health club
157675,rabid anger
157667,warlock
157677,superhero spoof
157686,car run over
157688,shock humor
157707,masochist
157714,sadistic torture
157741,body part
157743,plainfield wisconsin
157745,grand guignol
157754,knife through the neck
157760,arm blown off
157762,directorial debut
157764,testosterone
157765,split head
157768,vaudeville
157772,pretension
157775,bonfire
157782,mattress
157788,british soldier
157789,arm ripped off
157790,ring of fire
157795,groping
157800,cutting
157812,blood lust
157890,dissection
157893,stairs
157897,war bride
157898,wooden leg
157899,note
157902,psychological
157903,blood donation
157634,parasite
157906,outback
157907,bald eagle
158254,pantyhose
157909,larp
157912,bigotry
157913,young
157929,rubber plantation
157931,dungeons and dragons
157933,atari
157935,apple computer
157937,pong
157938,soviet
157941,reference to steve jobs
157943,hunchback
157954,progressive rock
157894,ancient egypt
157960,plowing
157961,artillery
157963,worship
157972,chimpanzee
157974,tease
157984,prediction
157987,animal actor
158012,ape man
158018,caving
158020,movie theater
157722,domineering mother
158024,critically bashed
158026,meat hook
158040,exotic pet
158041,team roping
157748,fast food
158063,seal
158070,seismologist
158071,binoculars
158072,man eaten by monster
158091,giant insect
158101,alzheimer's disease
158086,recluse
158111,no opening credits
158124,spider bite
158129,spider queen
158130,animal attack
158139,tourist attraction
158253,mutant animal
158145,flaming arrow
158169,remote
157769,stroke
158182,severed toe
158185,collie dog
158188,pick up
158189,wetting pants
158190,hockey mask
158203,straight razor
158204,town meeting
158206,forklift
158215,lion attack
158266,wild horse
158219,swahili
158225,terrier
158228,kimono
158235,film crew
158241,killer snake
158194,perfume
158247,underwater scene
158251,dead family
158256,gene manipulation
158259,child killed by animal
158261,bloody body of child
158264,indian war
158265,eyebrow
158269,oil refinery
158272,seismograph
158274,double barreled shotgun
158278,remote control car
158291,tent camp
158297,high-tension current
157799,older woman younger man relationship
157758,axe murder
158233,anaconda
158292,eugenics
157681,strong man
157690,mall
158192,barbershop
158064,graboids
157774,has been
158142,real estate agent
158279,hunt
158144,giant worm
158199,aunt nephew relationship
158153,first class
158019,grandson
158039,hotel manager
158054,spring break
158276,metamorphosis
158017,saber-toothed tiger
157958,hostel
157632,fraternity
157791,self mutilation
158176,campfire
158222,great dane
157955,childhood
158162,teddy bear
158027,tide
157813,naked
157892,warehouse
158025,medical research
158252,giant animal
158172,tooth
157930,homestead
158120,exterminator
158135,shriekers
157716,predator turns victim
158304,hand on crotch
158307,rabid dog
158317,rabbit hole
158324,runt
158328,river crossing
158345,water skiing
158350,boat trouble
158353,sea world
158369,dalmatian
158371,frozen lake
158378,cat vs dog
158386,golden retriever
158387,dog actor
158401,chihuahua
158402,pinata
158415,beagle
158418,potted plant
158419,nuclear fallout
158427,pool table
158434,ringo starr
158438,lost shoe
159103,mourning
158468,chinese history
158470,strategy
158471,carrier pigeon
158477,wall of fire
158478,white dove
158482,arrow in back
158487,chinese tradition
158488,chinese painting
158489,broken arrow
158502,frisbee
158505,troubadour
158507,gross out comedy
158513,iron monkey
158525,guajira peninsula
158527,leper colony
158529,biochemist
158534,korean war
158538,north korea
158540,south korea
158553,pyre
158569,missing limb
158572,adoptive
158584,tv news
158606,pickup truck
158605,falling off horse
158607,horse riding accident
158615,cattle ranch
158620,russian revolution
158627,train explosion
158965,poetry reading
158629,exploding train
158927,police investigation
158741,grave digger
158670,charter schools
158671,public school
158672,hand clapping game
158675,protestor
158688,rainbow
158692,wool
158697,installation
158699,nova scotia canada
159028,cult leader
158726,wooden
158727,washington monument
158734,odor
158744,stock footage
158747,metrosexual
158748,subversion
158753,punk rocker
158758,lip synching
158761,plaid
158763,thesis
158764,german girl
158765,french girl
158767,encoder
158768,ground control encoder
158770,air traffic control
159150,artificial insemination
158777,philippine army
158340,theme park
158993,man in wheelchair
158781,jungle warfare
158782,bombardment
158871,women in prison
158890,bold man
158895,shaved head
158899,daffy duck
158900,looney tunes
158904,headhunter
158930,burglar alarm
158935,newspaper review
158938,baltimore maryland
158940,newspaper office
158950,hard times
158951,life imitates art
158952,pendulum
158967,brooklyn bridge
158968,gay lead character
158973,black and white and color
159013,female journalist
158995,prison brawl
159007,women dancing together
159011,golden shower
159012,woman woman relationship
159075,miniature people
159088,giant moth
159089,ejector seat
159093,shobijin
159094,air base
159099,gojira
158431,united kingdom
159141,sperm donor
159143,biological father
159161,vegetable garden
159188,reference to annabel lee
159197,digging
159245,scorpion
159278,obsessive love
159279,manipulativeness
159287,gas mask
158639,missing parent
158480,casualty of war
158394,foster home
158787,army captain
159280,bouldering
158679,pta
158987,post war
159156,control freak
159201,baseball player
158547,air raid
158713,bdsm
158992,gentleman thief
158922,dog attack
158752,schoolgirl uniform
158416,boy and dog
158651,realism
158780,u.s. marine
158729,ghoul
158512,kashmir conflict
158390,landlady
158395,animal lover
158389,wristwatch
158455,oppression
158558,disabled
158436,porn actress
158567,burn victim
158474,spear throwing
158449,hatred
158690,clay
158750,female agent
158716,israeli defense force
158303,rabies
158372,military life
158370,dog sled
159212,mountain climbing
158773,female fighter
159433,surveillance camera
159298,himachal pradesh india
159304,punjab india
159306,crane
159312,nothing
159314,scientology
159472,computer screen
159317,rude
159318,obnoxious
159319,pyromaniac
159325,ponzi scheme
159330,empty safe
159334,planning
159341,recruiting
159343,heist movie
159802,yelling
159350,lobby
159355,card dealer
159358,explosives expert
159362,black and white scene
159363,cameo appearance
159369,male
159370,salt lake city utah
159384,wire
159399,los angeles international airport (lax)
159408,scepter
159410,customs house
159419,blueprint
159425,schematic
159431,voice over
159445,tear gas
159449,reference to elvis presley
159451,subway station
159459,new year's eve party
159480,fabergé egg
159488,dutch eastindian company
159490,second
159491,part
159496,golden egg
159497,goon
159510,hollywood sign
159511,television repair
159514,subtitled scene
159520,martinique
159521,claude monet
159523,famous painting
159529,glider
159531,insurance agent
159532,missing painting
159538,valuable painting
159539,rich people
159544,south hypnosis
159546,pharmacy
159548,clouseau
159550,pink panther
159574,clumsiness
159588,suicide by hanging
159595,sexual torture
159600,exploding truck
159620,big con
159627,con game
159631,premarital sex
159633,pager
159640,hiding in a dumpster
159661,crushed by a car
159679,preparation
159688,merry go round
159700,getaway
159709,bumbler
159716,statue of liberty
159747,diamond theft
159753,ensemble cast
159290,sports documentary
159783,labor strike
159792,barrister
159793,stuttering
159801,weir
159710,hostage negotiator
159806,cutical scissors
159809,run over by a steamroller
159815,excuse
159817,barrel
159818,zoophilia
159834,newspaper stand
159839,rough
159840,silhouetted dancer
159841,cigarette lighter
159845,tuberculosis
159952,west point
159857,public hanging
159858,strongbox
159859,gold theft
159865,historic figure
159868,piano playing
159871,horse carriage
159872,opening action scene
159876,unwanted kiss
159880,boulder
159313,psychiatry
159932,uzi
159936,dog tag
159938,dvd
159939,ghost hunter
159944,recording
159946,student visa
159948,blogger
159949,neo nazi
159950,neo nazism
159951,charlie chan
159953,automobile racing
159956,neoliberalism
159958,free market
159961,ham radio
159983,entrepreneurship
159999,healthy
160021,food issues
160035,suicide note
160037,domain
160057,identified patient
160058,moonshine
160059,psychosis
160061,bullfighter
160062,philanthropist
160063,nazi spy
159869,eye patch
159940,exorcist
159469,jewel theft
159945,customs
159685,cellular phone trace
159560,bumbling
159931,road rage
159551,pink film
159457,security
159743,fourth of july
159959,reform school
159955,cavemen
159608,con
159299,punjab
159339,safecracker
159468,millennium
159846,cleaner
159434,one last job
159707,crime gone awry
159558,snow skiing
159422,assumed identity
159862,british history
159602,garbage dump
159930,inequality
159534,stolen painting
159947,parents
159909,veteran
159607,grifter
159937,bribery
159660,armored truck
159812,gag
159601,cuckold
159643,mercy killing
159333,caper comedy
160025,radio broadcast
159450,high tech
159413,jewelry heist
160064,cave girls
160069,auroch
160073,defrost
160075,levee
160078,public housing
160091,urban studies
160097,intelligent
160117,fantastic four
160122,outrage
160127,seeing eye dog
160128,stich
160129,artial arts
160321,funeral director
160131,morphing
160132,male fantasy
160133,scroll
160134,the force
160404,valentine's day
160140,exchange student
160152,film fan
160153,dead
160168,defector
160335,hate crime
160178,waterfront
160182,fake suicide
160185,marauder
160189,giant egg
160190,aspiration
160194,night vision
160196,female judge
160200,remedy
160201,union soldier
160216,michael shayne
160217,custer
160364,impersonation
160225,miller
160227,new dvd releases
160342,female detective
160247,grade school
160253,dietrich bonhoeffer
160263,white castle
160274,angry mob
160322,funeral home
160294,hijab
160296,religious differences
160298,virgin mary statue
160311,trivia
160312,postal inspector
160313,forensic
160314,basket
160315,goodbye
160316,sickle
160325,guadalcanal
160327,nonconformism
160328,individualism
160329,super-8
160331,astrophysics
160334,hate group
160336,land grab
160339,vinyl
160340,anti bush
160341,closing down
160343,medical breakthrough
160350,evil prince
160358,reference to socrates
160359,reference to plato
160362,screwball
160367,lifting female in air
160370,war room
160517,fake documentary
160814,stubbornness
160395,spats
160396,all girl band
160397,st. valentine's day massacre
160400,sugar
160406,dressing
160410,reputation
160413,unemployed actor
160420,serenade
160442,talking to the audience
160450,dean
160478,commodities
160486,big shot
160488,hoodlum
160497,wrongful arrest
160511,amateur theater
160512,dairy queen
160330,astronomy
160518,city council
160528,chinese restaurant
160529,product licensing
160530,hidden character
160543,semiautomatic pistol
160556,sleeping car
160583,western town
160586,western spoof
160595,looking at the camera
160597,saloon girl
160602,movie reality crossover
160605,nietzsche
160607,coot
160424,live television
160619,fake accident
160627,gambling debt
160730,wild comedy
160736,blow
160738,neominstrelsy
160741,phone book
160754,mother ship
160756,drag strip
160765,roses
160780,love crime
160785,black eye
160790,wealthy widow
160796,thuggee uprising
160798,modern-day western
160800,congo
160818,brunette woman
160832,red cross
160841,oven
160845,dressing room
160852,vienna opera
160855,naval
160174,mental asylum
160198,rodan
160742,sharecropper
160815,best selling author
160176,swiss alps
160269,lost love
160588,ceremony
160743,tennis court
160510,travel agent
160192,backpack
160175,alps mountains
160177,mountaineering
160589,frontier town
160184,super strength
160326,family power struggle
160799,posse
160303,melbourne cup
160077,design
160292,religious conflict
160483,investor
160846,ashes
160423,apology
160387,ex-nazi
160071,tough love
160213,festival
160309,child abandonment
160377,bomber pilot
160500,santa hat
160195,freezer
160324,django
160223,vancouver
160089,underage
160246,childhood friends
160159,frame up
160840,dream sequence
160243,classmate
160522,wagon train
160856,armada
160865,jds myoko
160866,lost communication
160868,taser
160873,buoy
160875,communications expert
160876,joint chiefs of staff
160881,navy lieutenant
160884,permission to marry
160885,uss john paul jones
160887,based on game
160898,paternity revealed
161255,nazi hunter
160912,fictional country
160916,islamophobia
160925,horny female
160926,sexually empowered woman
160929,treatment
160936,electrical device
160938,private practice
160945,expectant father
160946,expectant mother
160953,female lifeguard
161257,medieval
160962,stepmother stepdaughter relationship
160967,convalescence
160970,apartment complex
160980,mother child relationship
160990,warbird
160992,insurgent
160999,army national guard
161000,shrapnel
161001,war souvenir
161031,death of neighbor
161032,bookcase
161034,parisian girl
161036,distinguished gentleman
161037,goldfish bowl
161038,insightful
161046,dancing in the street
161048,japanese food
161132,underwear on flagpole
161133,famous speech
161135,burp
161136,french fries
161137,toothpick
161143,girl in swimwear
161145,ketchup
161147,panty raid
161151,fiction
161155,kids
161157,coprophilia
161158,scat
161159,bill gates
161160,steve jobs
161161,microsoft
161163,industrial music
161164,hypatia
161168,library of alexandria
161170,perseus
161172,gods
161174,christmas carol
161207,catholicism
161178,wintry
161102,camp counselor
161186,nesting grounds
161187,pap smear
161281,geologist
161191,italian art
161193,pair of earrings
161188,"austin, texas"
161195,digital film
161201,alternative medicine
161197,tuna
161199,rationality
161200,debunking
161202,quackery
161203,atheism
161204,natural selection
161205,creationism
161306,world trade center
161214,black mass
161215,marquis de sade
161218,theology
161220,quantum mysticism
161221,fantasy docudrama
161223,census taker
161225,resident
161228,sitting bull
161229,g man
161230,train conductor
161236,golf war
161244,iwo jima
161247,drill instructor
161248,individuality
161249,military police
161251,basic training
161254,carpetbagger
161258,franciscan
161231,hideout
161264,religious fanatic
161265,reptilian
161266,teaching
161167,persecution
161274,centerfold
161275,hugh hefner
161276,anthropologist
161278,biblical prophecy
161279,mysticism
161280,biblical plagues
161282,drilling station
161285,polar night
161287,central park
161288,existence
161290,sleeping
161043,suicidal thoughts
161298,public urination
161302,eternal youth
161267,misadventure
161216,blasphemy
161314,king louis xiii
161315,asbestos
161242,irishman
160879,crash landing
161166,misogyny
160985,military weapons
160861,naval combat
161256,third reich (iii reich 1933-45)
160934,ex prostitute
160955,second marriage
161307,"bronx, new york city"
160937,self love
161271,beast
161208,cenobite
160961,lifeguard
161213,high school reunion
161219,consciousness
161289,space shuttle
160931,expert witness
161272,high school sweetheart
160901,parole officer
161293,extraterrestrial life form
161240,sole survivor
161173,succubus
161198,skepticism
161156,libertine
161246,pacific theater
161233,transatlantic
161294,biologist
161217,pseudoscience
160977,virginia
160860,battleship
161192,"tuscany, italy"
161171,kraken
160880,jet fighter pilot
161320,weightlifting
161338,bodybuilding competition
161351,nazi exploitation film
161352,ilse koch
161353,women in prision
161356,law professor
161505,wheelbarrow
161506,heir
161507,cryptologist
161508,iconography
161511,edgar rice burroughs
161958,immaturity
161521,navy life
161536,silver star
161538,counter plot
161556,ystad
161580,chess grandmaster
161630,nascar
161635,dog trainer
161636,car movie
161647,psychosomatic illness
161652,french stereotype
161655,reference to houdini
161663,street children
161675,save the neighborhood
161974,getaway driver
161694,playing god
161705,jacuzzi
161707,candyman
161722,housing project
161727,slide projector
161742,film starts with text
161744,police tape
161745,handprint
161530,national security
161757,fable
161779,corporate take over
161786,bio organic weapon
161935,relic
161794,bad dream
161810,foosball
161817,monty python
161818,dead parrot
161822,twit
161823,physical comedy
161824,intentional mistranslation
161827,british comedy
161829,cult movie cast
161837,foot race
161840,obstacle course
161842,recurring character
161868,child's point of view
162262,movie star
161893,cyclops
161914,dark heroine
161956,mcdonald's restaurant
161960,reference to frankenstein
162130,corporate power
161972,caught masturbating
161977,bandanna
161979,surrogate father
161992,kosher
161994,stealing a car
161996,movie poster
161998,night vision goggles
161999,suitcase full of money
161812,fear of the dark
162019,shot in the torso
162028,surrounded
162031,military uniform
162034,surrender
162065,blow torch
162078,female singer
162079,garbage dumpster
162085,loss of friend
162119,corporate conglomeration
162120,commercial shoot
162121,commercial spot
162123,corporate mogul
162127,corporate state
162132,corporate control
162137,former employee
162153,grand piano
162162,wink
162177,subjective camera
162178,broken hand
162224,passive aggression
162236,convicted felon
162257,instructor
162269,nightstick
162271,husband
162272,life relationship
162278,window smashing
162301,english subtitles in original
162304,elevator shaft
162331,orwellian
162332,mausoleum
162333,tall man
162334,sentinals
161752,family photo
162300,government cover-up
162340,expose
162341,frozen alive
162344,antidote
162345,sensory deprivation
162346,isolation tank
162348,deprivation chamber
162359,cherry pie
161350,sex industry
162066,rock concert
162327,avalanche
162356,mechanical engineering
161348,unusual phenomena
161919,adult animation
162275,set up
161814,psycho killer
162351,deepsea
161643,sport competition
162199,standoff
161545,alcoholic father
162126,corporatism
162139,painful memories
161550,dying woman
161728,urban decay
162219,selfishness
162328,ski resort
161395,alchemy
161982,murder investigation
162342,discovery
161534,pregnant wife
162357,observatory
161849,projectionist
161896,changeling
162138,head explosion
161662,urban development
161712,hook for a hand
161944,responsibility
161762,apple tree
161516,valor
161798,force feeding
161551,swimming club
162258,jujitsu
161698,doctor patient relationship
162296,ex-boyfriend ex-girlfriend relationship
161552,little brother
161693,soho london
162350,ocean floor
161318,enviromental
162124,buried memories
161581,mental instability
162225,fatherhood
162370,operative
162392,spacecraft officer
162399,exploding ship
162410,exploding planet
162413,wood chopping
162425,saga
162459,alien language
162461,golf club
162463,volkswagen beetle
162464,liquid nitrogen
162466,screwdriver
162467,cosmic zoom
162482,severed ear
162487,wisecrack humor
162491,commando mission
163165,martyr
163080,finland
162536,man eating monster
162538,pitchfork
162540,spit take
162557,stilts
162601,wrong turn
162610,weightlessness
162612,lie detector
162627,ticker tape parade
162632,chrysler building
162636,venus the planet
162645,newspaper headline
162684,cárcel
162685,blood transfusion
162687,theremin
162702,dust storm
162714,antiques shop
162904,estranged couple
162722,indian attack
162726,prospector
162727,jailbreak
162729,van helsing
163072,embezzlement
162740,arms
162749,creator
162752,dowager
162755,railroad detective
162756,whaler
162758,singles bar
162767,thuggee
162772,kali
162776,lodging house
162780,gorgon
162792,historically inaccurate
162798,seaweed
162801,subterranean
162861,ancient greece
163047,beverly hills
162807,noise
162712,secularism
162813,law firm
162827,hyde park
162831,the miracle on the rhine
162832,adenauer
162836,weed+
162842,stolen cars
162843,state fair
162863,torquemada
162874,wad of cash
162916,manicurist
162917,police reporter
162934,hugging
162938,death of teacher
162939,taking  picture
162941,african violet
162942,class photograph
162944,child psychologist
162946,blackboard
162954,elvis presley
162970,institutionalization
162988,dystopic future
162993,dark humor
162994,expert marksman
163000,lifeboat
163005,adrift
163014,injured animal
163045,impregnation
163048,decadence
162914,one night
163059,youth culture
163066,gdr
163068,solar storm
163069,child as an adult
163133,singer-songwriter
163075,sideshow
163078,creationist film
163085,tunnels
163086,pripyat
163088,lost tribe
163095,british colonial
163096,battle of the sexes
163098,newspaper reporter
163099,police captain
163102,crooked sheriff
163104,law and order
163108,indian raid
163110,theater
163111,mothering
163113,aum shinrikyo
163116,civil rights
163119,injustice
163131,flying dutchman
163132,photographic memory
163137,mute girl
163151,hepatitis
163154,peter
163173,hit and run
162630,zero gravity
162724,scout
162881,raccoon
162628,giant dog
163092,guatemala
162745,ritual sacrifice
163127,mexican
162388,retribution
163097,female athlete
162708,mary magdalene
162429,solar system
163167,job hunting
162515,contamination
162533,torso cut in half
162521,flesh eating
162739,little league
163070,burlesque
162757,singing cowboy
163112,home birth
163163,disciples
162710,culture
162766,religious cult
163049,government agent
163128,scalpel
162701,racial prejudice
162913,broken down car
162928,healing process
162512,siren
163150,toy store
162936,precocious child
163081,law enforcement
163114,gunman
162775,marsh
162415,mountain cabin
163120,slave trade
163037,lgbt teen
163138,notre dame cathedral
162587,magnet
162875,polaroid camera
162845,revolt
162706,temptation
162484,future war
162532,shape shifter
162716,pathologist
163175,basil rathbone
163177,little rascals
163180,old friends
163185,renewal
163751,translator
163203,tattooing
163206,public health
163208,singapore
163209,earth liberation front
163211,modern dance
163226,ventriloquist dummy
163386,alien possession
163239,spaceport
163248,good becoming evil
163250,invented language
163255,mechanical hand
163270,breeding
163272,chancel
163277,childbirth
163295,galactic war
163300,severed leg
163303,scary
163306,bracelet
163331,hieroglyph
163335,man with glasses
163338,egyptian mythology
163347,egyptology
163392,triangle
163764,death of brother
163396,disarmament
163403,great wall of china
163410,pickaxe
163434,tartar
163437,mongolian
163441,adventure hero
163455,super powers
163474,bulldozer
163481,cocoon
163252,alien race
163488,human alien
163491,human form
163497,ice cream sundae
163503,wife and husband lead actors
163895,newsreel footage
163513,giving away money
163515,trespass
163516,defibrillation
163526,charter boat
163533,fainting
163534,jacobs ladder
163540,christ allegory
163543,psionic power
163552,looking pale
163569,pistol whip
163578,land owner
163586,drug ring
163603,insurance policy
163607,chinese food
163621,jason voorhees
163651,one by one
163652,friday the thirteenth
163227,unicorn
163671,steam locomotive
163674,gunfighter
163676,gun for hire
163678,favorite
163682,puerto rico
163696,tv debate
163699,vomiting
163700,cockfight
163710,brochure
163714,tongue
163747,fifth arrondissement of paris toilet
163755,polish
163756,dependency
163757,stuffed toy
163780,tennis ball
163798,lincoln nebraska
163806,tdrug lord
163810,faked death
163824,san remo
163828,landfill
163833,gallop
163834,rolling eyes
163853,war injury
163859,apple cider
163860,anesthetic
163864,incinerator
163870,picking apples
163874,unwed pregnancy
163914,newspaper clipping
163918,dental braces
163919,manufacturing
163924,childless couple
163925,industrial accident
163968,marijuana joint
163969,baldness
163972,picking one's nose
163975,reckless driving
163976,reconciliation
163982,pushing a car
163984,marijuana pipe
163985,ticket booth
163991,scene
163994,raised middle finger
163997,job seeking
163998,leaving home
164000,drugged cookie
164002,beckenbauer
164003,pele
164044,alcoholic drink
164046,broken glass
164057,talent contest
164061,hospital bed
164077,performer
164090,audience
163412,fitness
164098,cat call
164104,national anthem
164118,yoko ono
164119,nude image
163791,escort girl
163865,railway station
163957,nosy neighbor
163405,aerobics
163188,confederate
163178,racial stereotype
163815,baja california
164060,girl band
163221,failing marriage
163726,hitchhiking
163514,retirement home
163207,cell
163545,healing power
164039,grandmother
163553,flickering light
163841,booby trap
163182,suicide thoughts
163599,death of parent
163558,extrasensory perception
163933,next door neighbor
163402,creation
163949,pawnshop
163561,genetic engineering
163204,tattoo artist
163398,volcanic eruption
163210,choreography
163963,summer job
163242,teenage rebellion
163189,court martial
163698,fire breathing
163420,kryptonite
163531,albino
163795,recreational vehicle
163758,ex-husband ex-wife relationship
163964,carny
163702,rum
163212,water pollution
163223,prize money
164121,nude drawing
164124,mass media
164132,george harrison
164136,joy
164149,attempted kidnapping
164167,new brighton england
164246,nostalgic
165092,british youth
164199,für elise
164225,television director
164245,dying young
164255,rising star
164275,doo wop
164282,showbiz
164294,black singer
164296,addict
164315,boom box
164321,rapping
164333,crack addict
164334,gold tooth
164353,bassist
164359,hanging from the ceiling
164377,american express
164401,hoedown
164409,tina turner
164414,black woman
164431,cameo appearance by real life subject
164443,african american music
164447,tejano
164460,elopement
164468,bustier
164476,fan club
164478,candidate
164484,beadle
164494,uxoricide
164495,seaman
164496,mother figure
164500,infatuation
164525,reference to the beatles
164541,reference to jimi hendrix
164542,movie camera
164543,tape recording
164593,nightclub owner
164615,washed up star
164623,chorus girl
164628,diction coach
164636,pearl necklace
164641,flapper
164218,psychotronic
164658,rowboat
164677,brother-in-law brother-in-law relationship
164682,stuart sutcliffe
164346,praying
164700,river elbe
164704,hofner bass guitar
164705,body painting
165241,broadway musical
164716,reeperbahn
164717,loretta lynn
164726,character's journey shown on map
164730,still
164731,grand ole opry
164736,honkytonk
164745,journey shown on map
164753,moulin rouge
164754,bohemian
164759,toulouse lautrec
164764,red curtain
164770,cancan dance
164772,la traviata
164775,orpheus and eurydice
164810,religious fundamentalism
164813,underage bride
164821,burning a piano
164823,bible belt
164824,older man young girl relationship
164825,self righteousness
165154,school principal
164834,marriage between cousins
164842,performance folk rock
164852,steel worker
164859,dole
164861,repossession
164866,black family
164889,"eiffel tower, paris"
164880,electroconvulsive therapy
164738,coal
164882,bebop
164884,jazz music
164865,male stripper
164899,disfigurement mask
164917,breaking mirror
165064,frenchman
165073,bali hai
165076,dame
165093,briton abroad
165102,rock sta
165113,rockettes
165114,locket
165132,greaser
165136,wolf whistle
165139,animated credits
165142,ferris wheel
165143,pep rally
165147,wrong side of the tracks
165148,mooning
165168,opening night
165171,crutch
165172,theatrical backer
165184,show producer
165185,chorine
165186,plaster cast
165190,show must go on
165194,sock on the jaw
164920,opera singer
165214,shakespeare in modern dress
165252,master of ceremonies
165255,baron love
165259,political unrest
165261,english lesson
165271,listening to the radio
165278,linguist
165279,street
164162,hit by a car
164724,washington state
165047,presidential candidate
164306,legal battle
164193,uncle nephew relationship
164713,"hamburg, germany"
164532,flute
164364,vacuum cleaner
165244,ballet school
164263,marital rape
164734,"nashville, tennessee"
164605,withdrawal
165100,young love
164400,labor union
164742,coal mining
165177,eviction
164555,one eyed man
164663,courtship
164224,generation gap
164715,photo
165086,star crossed lovers
165231,big break
164253,mexican american
164290,crowd
164811,child marriage
164148,dark past
164391,dust bowl
165193,financial crisis
164664,marriage engagement
164613,superstar
165137,school dance
165282,high society
165290,guttersnipe
165299,class prejudice
165300,phonograph
165725,rise to power
165319,plant food
165324,flesh eating plant
165347,swearing
165364,barge
165368,inter cultural
165369,sailing ship
165372,pagoda
165381,consort
165397,malaria
166462,mob boss
165407,restroom
165419,screening room
165420,amphetamine
165439,guard dog
165441,flying machine
165445,welder
165583,interracial friendship
165461,march
165576,intercultural relationship
165485,music contest
165495,nun in love
165503,boy next door
165508,americana
165517,togetherness
165519,chapter headings
165531,straw hat
165533,craps
165540,fake blindness
165546,necktie
165551,carnation
165556,barber shop
165567,woman played by man
165442,washing machine
165577,interracial love
165580,cult classic
165606,rock odyssey
165607,reference to kant
165608,military brat
165621,theatrical manager
165641,tied to chair
165643,song and dance
165646,piano lesson
165647,fisticuffs
165675,prison matron
165676,jazz age
165686,nude man murdered
165707,deification
165713,dancehall hostess
165716,perónism
165718,argentine president
165727,singing narrator
165728,soccer ball
165735,sidewalk cafe
165736,room key
165746,driving a car
165749,stairway
165761,sequins
165763,singing photograph
165764,sliding down a pole
165770,hiv positive
165787,home movie
165803,telephone call
165804,peddler
165807,ranch hand
165824,shivaree
165826,statehood
165830,shotgun wedding
165835,smokehouse
165840,saddle
165752,search for meaning
165846,yonkers new york
165857,borzoi
165858,millinery
165866,drygoods store
165870,riverboat
165871,showboat
165875,paddlewheel boat
165909,alarm
165288,misogynist
165914,mountain pass
165921,wedding bouquet
166093,hospital gown
166103,amazon rainforest
166109,child murder
166120,reprimand
166121,declaration of love
166125,low tide
166132,osteopath
166233,pygmalion
165468,governess
166241,performance art
166244,beatboxing
166250,self expression
166256,pool cleaner
166267,history class
166276,teenage sex
166278,reference to marilyn monroe
166280,letter opener
165614,lgbt in the military
166297,set
166300,location
166309,documentary crew
166310,cast
166313,effects
166321,film union
166148,interracial couple
166329,film industry
166339,prop
166450,south pacific
166451,warsaw uprising
166452,masuria poland
166454,russian army
166457,ares
166463,night club singer
166465,boston blackie
166466,heathrow airport
166467,surrealist
166472,beanstalk
166139,lovesick
166113,marriage problems
165492,novice
165334,inept assistant
166262,valedictorian
166252,tripping
165765,costume designer
165287,firing squad
165493,puppet show
165872,miscegenation
165636,mortician
166126,forced
165601,self identity
166471,gardening
165615,child molestation
166129,interrupted vacation
165798,mugging
166229,prom queen
165423,prescription drug abuse
166104,humanitarian
165388,dowry
165612,restaurant chain
165836,unspoken love
165399,editing
166464,confederate soldier
165431,anti war
166268,history teacher
165660,talking to the dead
165518,fiddle
165455,floating
166096,cup
166124,texting
165470,convent (nunnery)
165547,fiancé fiancée relationship
166475,goofy
166477,confessional
167124,black cop
166482,clarabelle cow
166484,raven
166486,wedding present
166489,war of 1812
166492,drive by shooting
166513,strapped down
166514,underground film
166524,jail break
166527,western hero
166529,winchester rifle
166531,card playing
166539,loan officer
166541,betrayed
166578,parent killed
166579,adopted brother
166580,desk sergeant
166583,suicide by cop
166585,massacre survivor
166586,police precinct
166591,photosensitivity
167149,good cop bad cop
166625,candlelight vigil
166662,address book
166672,dissident
167085,zombification
166675,sichuan earthquake
166676,contemporary art
166686,climbing up a wall
166691,hung upside down
166694,flashback within a flashback
166695,cavern
166696,battering
166697,ram
167215,coal mine
166720,vampire slayer
166631,loan shark
166734,smoke
166737,shot with an arrow
166759,employer employee sex
166766,digital video
166770,sex addict
166779,armwrestling
166788,illegal fistfight
166800,pool cue
166801,streetfighting
166802,prizefighting
166808,reference to napoleon
166812,prize fighter
166816,bare knuckle fighting
166824,gas explosion
166827,hiding from the police
166835,morgue attendant
166847,army major
166853,arm cast
166856,hangar
166865,happy slapping
166867,asthma inhaler
166869,return from dead
166881,tollbooth guard
166889,pet turtle
166917,daisy duck
166924,nri
166927,symphony
166930,narnia
166939,esports
166950,indoctrination
166958,prehistoric creature
166964,melting ice caps
166971,shrimp
166973,salt water
166974,explosives
166979,crawfish
166980,shrimping
166989,submerged
166990,shack
166992,grits
166993,african american child
166995,wild man
167006,freelance writer
167008,brushing teeth
167018,rickshaw
167020,husband wife estrangement
166512,graveyard
166862,severed hand
167065,counterfeiting
167068,twinkie
167103,bitten on the arm
167106,conveyor belt
167114,loose cannon
167115,bust
167119,reference to skittles
167128,badge
167145,knife in thigh
167159,switchblade
167164,call girl
167193,male model
167195,time magazine
167200,fashion model
167210,fictional awards show
167212,lincoln assassination
167213,saturday night live
167221,bruges belgium
167227,town square
167235,canadian stereotype
167236,skinned alive
167238,gruuthuse museum bruges
167241,newsroom
167250,teleprompter
167284,cowboy costume
167308,dog biscuit
167309,shooting practice
167310,sitting on a toilet
167311,judo throw
166511,hen
167319,firing range
167328,diplomatic immunity
167331,loss of girlfriend
167342,bomb squad
167350,consul
167362,art treasures
167366,reference to chelsea clinton
167371,roses are red poem
167381,house on fire
167411,ragtime
167418,reference to mutt and jeff
166491,crooked cop
167104,loner
166552,quick draw
166678,twitter
166571,hired killer
166947,san fernando valley
167268,police force
167254,gang warfare
166888,bad landlord
167198,fashion show
166923,hyderabad
166735,crossbow
167186,house trailer
166519,wild goose chase
166671,social activism
167095,disposing of a dead body
166478,python
166959,lost mother
166760,female psychologist
167313,police psychologist
167234,vietnamese
167081,body count
166673,chinese communism
166594,transforming robot
167352,crime lord
167377,lapd
166582,police interrogation
167064,snowbound
166490,troubled marriage
167424,off track betting
167542,carjacking
167431,alley
167451,woman with glasses
167461,truth serum
167466,mushroom cloud
167467,jackhammer
167476,thunder
167486,shackles
167492,war filmmaking
167499,software engineer
167506,burnout
167507,dallas texas
167510,beach resort
167516,coworker relationship
167519,laziness
167531,fire truck
167536,shot in the shoulder
167538,zip line
167888,hot dog
167554,sexual favor
167555,star spangled banner
167556,bowling team
167560,hair loss
167562,biblical interpretation
167564,comb over
167570,female stripper
167574,inflatable doll
167575,combover
167581,carriage
167584,aspen colorado
167591,parakeet
167598,defecation
167604,kicked in the face
167609,jumping on a bed
167615,hotel suite
167617,endangered species
167618,bulletproof vest
167619,foolish
167631,munchies
167642,crop circle
167656,rich parents
167663,car siren
167664,blood spurting
167667,mick jagger
167681,train attendant
167695,drinking syrup
167700,steward
167707,bulldogg
167715,informant
167724,jumping from a rooftop
167529,ceo
167749,horniness
167768,dorm room
167772,game tester
167799,gonzo journalist
167805,sweaty face
167808,fake identity
167809,wedding chapel
167812,grapefruit
167818,cadillac convertible
167822,gibberish
167833,police convention
167836,squall
167837,sail
167843,ship captain
167580,kingpin
167868,seasickness
167875,sombrero
167876,baseball field
167877,hard hat
167882,professional sports
167884,comic strip
167889,short sighted
167890,voodoo ritual
167915,hostess
167921,trainee
167923,gross out
167930,speaking german
167939,glass pipe
167942,screaming
167948,slob
168220,opposites
167952,double take
167958,o'hare airport chicago
167959,chatter box
167965,speeding ticket
167968,chewing tobacco
167975,state trooper
167979,sears tower chicago
168186,"havana, cuba"
168000,illegal grand prix race
168001,roadblock
168010,illegal street racing
168013,lamborghini
168033,jay and silent bob
168039,self mocking
168040,character is subject of comic
168042,reference to prince valiant
168049,indiana jones spoof scene
168051,monkey actor
168054,view askew
168063,gigantic hand
168069,animal experimentation
168091,white man's burden
168093,henry rifle
168115,practical joke
168132,biker film
168152,convenience store
168179,drug deal
167726,surveillance footage
168192,speedboat
168196,perfection
168200,delivery
168202,low intelligence
168210,jet engine
168213,artist colony
168216,same habits
168219,biological experiment
168222,catholic orphanage
168266,double
168268,saloon singer
168386,desire to have children
168346,"manhattan, new york city"
168302,ironclad ship
168316,home front
168333,bail jumper
168338,mafia accountant
168342,stretch limousine
168347,southwestern u.s.
168350,bus station
168359,police surveillance
168374,loot sharing
167477,land mine
168405,fast draw
168406,tough  girl
168416,gun fu
168418,pistol duel
168422,small western town
167739,male virgin
167951,"st. louis, missouri"
168110,ledge
167475,southeast asia
167863,male bonding
167858,ship's cook
167608,scooter
168211,twins separated at birth
167861,caribbean sea
167925,employer employee relationship
168135,awkwardness
167701,catharsis
167970,credit card fraud
167625,talking to animals
168141,travel writer
167963,wichita kansas
167576,unlikely lovers
167830,corvette stingray
167444,top secret
167550,handicap
167696,healing
168442,denver colorado
168447,kerouac
168469,reference to bob dylan
168812,bisexual man
168477,unmarried couple
168479,medical illustrator
168481,disguised voice
168482,reference to huckleberry finn
168485,sonogram
168486,expectant grandmother
169534,radio call in show
168491,testicles
168501,amphibious vehicle
168502,nun costume
168531,child uses gun
168534,ankle holster
168539,breaking finger
168546,air race
168548,british stereotype
168550,reproduction
168551,italian stereotype
168554,german stereotype
168566,vintage aircraft
168573,la marseillaise
168590,tough cop
168593,fake fight
168595,bowie knife
168598,southern accent
168603,deep space explorer
168615,biplane
168622,soap opera
168637,used car dealer
168638,nurse uniform
168641,female bartender
168643,tv production
168654,heart specialist
168657,formosa cafe hollywood
168658,tv writer
168659,murderer duo
168663,jamaican
168468,dead father
168672,rescue boat
168673,marina
168678,the flemish cap
168679,male camaraderie
168697,firework
168700,dusty
168857,record player
168723,latin america
168736,carjacker
168763,suv
168807,reference to family circus
168811,high
168818,persian gulf
168835,emergency surgery
168839,mine field
168855,rolling a cigarette
168856,autocide
168859,hypodermic needle
168861,missing pet
168866,head in oven
168868,arm in cast
168869,gun in mouth
168874,toast
168879,listening to music
168895,pet food
168948,coat
169028,sable
169046,writ
169062,garbage can
169064,canon
169068,ramp
169078,nitrous oxide
169152,twenty something
169101,pellet gun
169110,reference to oprah winfrey
169114,brat pack
169117,phrenology
169123,awol
169125,fort polk louisiana
169129,target practice
169130,guitar player
169134,simulated battlefield
169136,military hardship discharge
169141,stockade
169143,fort leavenworth kansas
169144,peace sign
169151,cupcake
169160,gameboy
169161,money bag
169171,sidewalk
169175,storem
169214,st. paul minnesota
169215,gas rationing
169220,lake placid new york
169229,sports league
169264,prisoner on the run
169280,lobster
169283,portuguese american
168930,quarterback
169309,cashier
169311,disgruntled worker
169325,low rider
169326,caller id
169328,plastic
168568,multinational
169339,snow kingdom
169341,snow white
169356,gala
169362,pendant
169366,half naked man
169367,returning money
169423,maturity
169443,face ripped off
169451,cobbler
169456,crown prince
169498,car theft
169517,roach
169522,lollipop
169532,painting toenails
169540,driving through a wall
169548,seed
169557,reference to pandora's box
169570,last man on earth
169590,police raid
169593,resort hotel
169603,re animate
168701,stunt flying
169343,evil queen
169079,candid camera
169097,crooked politician
169075,dead parent
168567,stereotype
168683,storm at sea
169213,milwaukee wisconsin
169057,merger
169085,double act
169305,black stereotype
168547,prize
169276,commitment
169058,trade
169131,exhaustion
169350,enchantress
168889,eating non food
168867,grocery store
168750,advertising executive
169449,algeria
168929,sumo
169140,military discharge
169054,flint michigan
169302,illegal drug
168483,student protest
169411,multiple personality
169071,championship
168472,bedtime story
169271,escaped prisoner
169358,financial problem
168676,city hall
169378,evil plot
169604,conga
169606,dancing corpse
169607,yanked off bikini top
169618,bestiality
169621,vampire sex
169626,autonomous shadow
169635,psychological drama
169637,immolation
169638,animate car
169639,smart car
169654,overprotective parent
169656,heimlich maneuver
169658,exploding gasoline station
169663,haifa israel
169665,steel mill
169734,cameraman
169814,aviator
169850,mischievous child
169875,railroad track
169885,flipping coin
169886,campfire story
169887,reference to superman
169895,normandy beach
169903,drying self with towel
169908,animal human communication
170195,homeless man
169911,sentimental
169925,hidden
169929,reference to liberace
169930,group vomit
169931,exercise machine
169936,water slide
169945,housing
169950,foreclosure
169951,walking the plank
169955,lifting male in air
169964,devastation
169965,pen pal
169967,handkerchief
170154,social services
169978,the color red
169981,the color blue
169991,sand dancing
170089,streetwise
169995,boy scouts leader
170007,japanese army
170013,japanese surrender
170014,footprint
170015,wreath
170019,potato
170026,salt mine
170027,oxen
170032,boy soprano
170034,aircraft explosion
170036,pick axe
170038,fence
170047,baseball glove
170051,lip flubby
170053,steak on black eye
170057,chased by a dog
170063,steak
170071,story telling
170083,backfire
170085,attitude
170087,tire
170091,drag net
170100,crazy uncle
170116,writing class
170122,bee sting
170124,camper
170125,cosmetologist
170130,tree climbing
170141,tuba
170143,bee attack
170148,pro bono
170152,new baby
170161,learning
170166,coffee shop manager
170167,pizza hut
170174,locked door
170184,playboy magazine
170191,short sightedness
170192,chop shop
170199,stitches
170200,expressway
170202,carrying someone
170206,tow truck driver
170209,frat party
170215,hanging from a rooftop
170135,death in childbirth
170219,auto theft
170223,corporal punishment
170268,skipping school
170272,mise en scene
170273,fingerprinting
170279,mugshot
170286,strict teacher
170293,montmartre paris
170310,south sea island
170313,all male cast
170314,flogging
170319,survival skills
170322,degeneration
170325,adolescent boy
170330,swine
170333,innocence lost
170339,rite
170344,imagination
170350,clubhouse
170118,makeup artist
170361,neglected child
169620,correspondence
170365,good deed
169829,suburban chicago
170380,extra credit assignment
170390,burn injury
170431,blow up doll
170434,letterman jacket
170435,cruel joke
170444,wanted man
170452,reflection in water
170457,lesson
170461,nosebleed
170465,bloodhound
170466,fake accent
170472,bb gun
169826,home alone
170496,christmas tree dealer
170521,gynecologist
170418,public humiliation
170499,mall santa
170212,criminal gang
170389,junior high school
170345,creek
170375,exotic dancer
170335,whipping
170173,children's book
169664,iron mine
169815,exhibitionism
170009,japanese soldier
170383,disfigurement
169613,mist
170337,aeronautics
170309,dead children
170189,suburbanite
170356,outsider
169962,search party
169990,boy scouts
169970,child smoking
170533,photocopier
170450,lynch mob
169816,researcher
170336,asthmatic
170468,grave digging
170179,mentally handicapped man
169953,lost treasure
169725,sick child
169878,story within the story
169866,reflection
171040,living alone
170553,polka dot
170554,aspiring nun
170556,gynecological exam
171119,electro shock
170569,shoe salesman
170575,polka dot dress
170577,roman catholic
170579,reference to joan of arc
170585,bell tower
171493,mentor protégé relationship
170592,woman crying
170595,library card
170602,low men
170603,bronko nagurski
170607,culvert
170610,floating on inner tube
170611,wind chime
170615,jack of spades
170622,hires root beer
170624,wrong number
170630,repair shop
170633,southern
170646,death threat
170647,story
170648,religious art
170669,wolf costume
170703,snowball fight
170783,learning disability
170713,duet
170718,homesick
170722,new toy
170726,quarter
170728,unplugged electronic works
170729,yankee stadium bronx new york city
170730,walking on piano keys
170737,bunk bed
170768,child psychiatrist
170775,opening in the ice
170776,disbelieving adult
170777,mother kills own child
170778,scuffle
170786,birth defect
170801,suit of armor
170813,tantra
170821,mistaken for a special education student
170822,superglue
170837,oakland athletics
170845,photo album
170850,show
171341,underage sex
170881,child driving car
171026,marbles
171028,elevator operator
171036,bellboy
171039,lock child
171043,st. louis
171051,against the odds
171054,understanding
171065,deposition
171067,intellectual property
171070,arrogance
171081,laptop computer
171083,ivy league
171100,dining hall
171115,hot dog costume
171122,fake school
171125,strait jacket
171127,croquet
171129,sprinkler system
171134,sex doll
171143,streaking
171150,mouth to mouth resuscitation
171165,black female judge
171169,smart blonde
170620,clairvoyant
171197,bon bon
171199,greek letter
170715,job promotion
171236,smoke ring
171238,pill bottle
171241,doves
171244,baby powder
171247,grave robbing
171251,corpse in coffin
171252,pillbox
171258,music rehearsal
171260,fraternity initiation
170539,truth or dare
171263,white male pretending to be black
171268,sorority party
171273,push ups
171279,string ensemble
171282,telephone box
171288,lapsed catholic
171293,snow angel
171329,silent man
171335,videotaped sex
171343,coke
171346,bandleader
171068,entrepreneur
171375,defenestration
171376,funhouse
171377,boy with glasses
171386,breathing fire
171387,pie eating
171400,fraternity house
171401,pot
171416,autopsy room
171427,whirlpool
171431,clothing store
171434,source music
171439,bribe
171442,clothing store owner
171443,reference to longfellow
171445,tutoring
171452,faculty
171183,flirting
171461,school nurse
171468,femininity
171469,teacher hero
171473,womens issues
171476,study group
171486,paper airplane
171494,studying
171497,rhetoric
171508,pancreas
171518,thong
171521,city boy
171559,ridicule
171561,lawn mower
170749,business trip
171198,fraternity pledge
170869,traveling salesman
171052,epileptic seizure
170548,john f. kennedy assassination
171291,trying to get pregnant
171095,u.s. senator
170578,bell ringing
171063,social network
171411,teen suicide
170652,father figure
170731,wish fulfillment
171459,rowing
170771,fratricide
171219,rape accusation
171176,girl power
171162,harvard law school
170827,sex comedy
171556,social outcast
170682,lying
171206,graduate
170710,pinball machine
171184,exposé
171438,poetry recitation
171563,deserted by husband
171570,black and white to color
171585,poetry workshop
171586,community college
171594,relay race
171595,physically handicapped
171964,secret passageway
171612,secret admirer
171626,post college
171639,yearbook
171662,date rape
171667,black militant
171691,beer keg
171692,political correctness
171695,ultimate frisbee
171698,funky music
171703,fund raiser
171704,stage diving
171715,sponge bath
171749,reference to ed mcmahon
171758,art imitates life
171760,generations conflict
171769,balloon factory
171770,rollerblades
171781,military academy
171785,teenager fighting adult
171792,die hard scenario
171795,last stand
171803,military school
171812,military funeral
171814,medical test
171817,groom
171646,roofie
171827,hole in boat
171830,lab results
171845,new year's resolution
171846,gun store
171850,ice rink
171665,athletic scholarship
171937,monopoly the board game
171939,token
171945,parker brothers
171948,world wide
171953,dice
171956,winner
171961,world championship
171965,film preservation
171978,communist party usa
171987,fake psychic
172039,dominant woman
172111,goebbels
172112,sacramento
172136,space monster
172139,land war
172140,philo vance
172142,farting
172143,evangelism
172164,consignment
172172,carver
172190,written
172193,head crushing
172210,lovebird
172218,shopkeeper
172223,chased down street
172226,blood on head
172228,schoolhouse
171818,list
172246,clergy
172248,formalin
172251,walking cane
171989,wrongful conviction
172272,tortured to death
172225,unsolved mystery
172280,based on supposedly true story
171670,resentment
172305,church restoration
172327,revolving door
172334,reference to slinky
172339,occult research
172345,driver's license
172353,finger gun
172354,backhand slap
172357,car jump
172364,man punching a woman
172365,magic trick
172376,lucky charm
172399,thinness
172427,dentures
172428,esp
172432,chemical engineer
172440,reference to sharon tate
172454,casual sex
172455,fletch
172463,cabana
172486,no ending credits
172490,lights turned off
172492,minimal cast
172496,health food
172497,speech impediment
172507,miranda warning
172509,orange county california
172512,female police commissioner
172517,yugo
172522,audience participation
172535,dark and stormy night
172538,creator creation relationship
172539,lips
172551,dismembered body
172590,oil lamp
172592,death certificate
172594,airliner
172596,puffer fish
172603,reference to jean claude duvalier
172621,driving in the rain
172628,fear of cats
172643,funeral parlor
172649,boy in peril
172653,oncology ward
172656,child cancer
172657,rosary
171993,mumblecore
171676,school shooting
172028,nunhood
172240,limp
172514,homage
172418,engagement ring
171757,planetarium
172466,country club
171842,sinking boat
171587,stepford wife
171729,repairman
171584,filipino american
172232,seminary
172487,video recorder
172505,ice sculpture
172383,eating disorder
172426,weight loss
171783,hostile takeover
171808,older man younger man relationship
171636,drag
171848,marital separation
172471,divorce lawyer
172442,parallel lives
171886,world record
172141,cosplay
172658,isolated house
171831,running away
171938,world map
171957,go
172504,reverend
171582,sorority girl
171567,low self esteem
172417,obituary
172655,desecration
172382,woman in jeopardy
172446,parallel story
172391,catholic priest
172659,experimental cancer treatment
172664,hide and seek
172670,negligent homicide
172683,archdiocese
172684,agnostic
172694,malnutrition
173644,communism
172699,psychotic epileptic disorder
172712,nome alaska
172715,faked footage
173224,multiple murder
172718,ancient astronaut
173267,dessert
172732,police fake
172738,holiday camp
172740,visually impaired person
172762,sin eater
172772,mentor protégé relationship
172789,cross dresser
172792,reference to god
172812,logbook
172815,strange noise
172816,spook
172822,cherub
172829,music professor
173602,illegal gambling
172853,playing ball
172856,music recital
172865,touch
172872,handshake
172879,whistling
172881,mysterious telephone call
172889,overhead camera shot
172900,electronic voice phenomena
172927,near miss
172935,tooth extraction
172942,contortionist
172945,double entendre
172958,mistake of law
173117,hoax
172980,catatonia
172992,ghost child
172998,remake of japanese film
173013,white dress
173015,unsent letter
173020,medical kit
173024,hanging a picture
173066,postal worker
173077,figment of imagination
173083,oneiric
173103,newspaper article
173131,strobe light
173137,secret lover
173139,preserved corpse
173141,carried on shoulders
173147,lights out
173155,asian horror
173162,sect
173177,religious sect
173179,charismatic leader
173185,zealot
173194,orange soda
173195,luggage
173201,dying man's last fling
173208,ukulele
173213,terminal illnessdying man
173431,tarot
173244,waiterss
173251,forced prostitution
173254,child rape
173258,salmon
173262,yemen
173265,missing in action
173687,music hall
173276,dreamer
173293,white horse
173295,post office
173297,nightclub singer
173299,ayn rand
173300,mexican border
173303,surprising
173307,broken leg
173325,stuck in elevator
173343,celebrity impersonation
173360,beer bottle
173631,mikhail gorbachev
173362,candelabra
173367,reference to facebook
173368,padlock
173373,e-sports
173374,gaming
173376,dairy
173383,ardennes
173386,cthulhu
173388,dad
173389,older brother
173416,tampon
173446,mortar
173453,zulu
173455,tribal warfare
173458,army life
173476,late for school
173477,overflowing toilet
173484,story told by lead character
173486,drinking contest
173502,bathhouse
173504,lgbt history
173510,stonewall riot
173511,gay bathhouse
173534,puppy love
173544,glbt issues
173577,ethnic diversity
173592,apparent suicide
173579,racist cop
172808,paranormal activity
173634,reference to lenin
173635,young pioneer
173637,reference to boris yeltsin
173642,first day of school
173645,conformity
173646,swan lake
173655,hospital room
173669,lgbt activist
173672,gay liberation
173673,terminal care
173674,kaposi's sarcoma
173675,harvey milk
173685,thin man
173490,unwanted pregnancy
173686,red scare
173515,canoe trip
172742,christmas lights
173003,evil stepmother
172859,lecturer
172971,elderly
173629,perestroika
172784,well
172929,bedridden
173531,gender dysphoria
172839,historical society
173298,escaped mental patient
173316,trapped in an elevator
173010,evil woman
172801,insomniac
173259,arab
172727,"anchorage, alaska"
173245,sculptor
173125,shadow
173186,teenage pregnancy
173317,old building
173606,betting
173662,gay pride
173099,indian burial ground
173339,laughter
173242,modeling
173497,dance club
173277,public relations
173700,end of trilogy
173775,captain america
173776,iron man
173808,reference to pizarro
173811,jamestown virginia
173815,pug dog
173823,cross cultural relationship
173824,musket
173825,animate tree
173841,body armor
173845,exploding bus
173848,board of directors
173861,deformed
173866,bird cage
173867,evil circus
173893,fire chief
173901,animated map
173903,theatre audience
173905,dragonslayer
173911,tunnel construction
173912,fire repellent
173913,drilling
173914,iodine
173918,madison square garden
173919,punk band
173924,watching a movie
173925,playing pool
173933,vinegar
173957,post it
173959,machinist
173960,cleaning bathroom tile
173966,osha
173974,manhole
173976,one armed man
173986,losing weight
174008,red square
174016,death of superhero
174019,american president
174063,slip
174075,white collar
174076,harvard business school
173989,old photograph
174093,lowell massachusetts
174107,church bells
174089,unreliable narrator
174110,boxer shorts
174116,jumping rope
174117,shadow boxing
174149,new world
174157,scientist assassin
174176,drugged drink
174209,self exile
174222,vanishing figure
174240,juvenile crime
174243,child empowerment
174245,boy singer
174252,name change
174254,slingshot
174099,blue collar worker
174262,music journalism
174272,school uniform
174274,begins with text
174280,imaginary band
174281,baby left on doorstep
174283,fictional band
174286,down feather
174311,laotian soldier
174316,pipe smoking
174319,rice paddy
174323,letter from home
174324,ant's nest
174325,net fishing
174327,dragging someone
174203,remorse
174369,mandolin
174371,italian soldier
173990,dostoevsky
174379,italian army
174389,allied forces
174406,combat photography
174424,smoking pot
174426,dissertation
174433,lp recording
174434,cambridge massachusetts
174436,spinning
174440,time lapse photography
174445,ageism
174448,piano player
174465,mine car
174468,rope bridge
174469,belching
174472,child driving a car
174476,eating brains
174480,splits
174548,older husband
174497,nude model
174519,old woman murdered
174520,high dive
174523,gender disguise
174534,young wife
174543,greenwich london
174552,shop owner
174566,chalkboard
174570,nightgown
174571,louisa may alcott
174584,birth of twins
174594,anti-nazi resistance
174599,swing dancing
174653,pre viking age
174666,hayloft
174803,elephant carving
174809,rabbit's foot
174813,pajamas
174815,cornwall england
174818,brain damage
174871,fast motion scene
174878,female vampire
174908,pocket watch
174913,jumping from height
174947,wall safe
174916,bowling alley
174953,trashed house
174954,aerial shot
174959,military dress uniform
174960,vanity
174984,homework
174985,shot in the chin
174994,soft boiled egg
175001,learning to drive
175005,spoiled son
175008,thompson sub machine gun
175011,frost on a window
175016,cauterizing a wound
175017,liberty half dollar
175023,microscope
175036,secret headquarters
175041,bullet dodging
175042,bullet time
175048,kicked in the groin
175049,x rayed skeleton
175007,scarred face
174539,police inspector
174420,intern
173971,taunting
174375,resistance fighter
174968,flare
174511,casino owner
173719,haunted by the past
174413,reanimated corpse
174814,ladybug
173977,torment
174638,siberia
173995,doomsday clock
174617,fishing boat
173983,mother's day
174038,personal assistant
174244,brawl
175050,mouth guard
175922,anxiety attack
175069,reference to macgyver
175075,sucked into jet engine
175077,kicked in the head
175086,blimp
175103,pilot hero
175107,nazi collaborator
175186,hazardous waste
175208,mob hit
175211,reaper
175227,broken wrist
175241,shot through a door
175247,burnt face
175261,tomahawk
175309,animated flashback
175314,character's point of view camera shot
175316,unconsciousness
175321,girl fight
175329,v.a. hospital
175331,junk sale
175336,jellybean
175339,greeting card
175340,file clerk
175343,garage sale
175357,neurotic
175360,crypt keeper
175376,jingle bells
175397,wrist slitting
175399,coughing blood
175401,sleeping in a car
175413,burnt body
175884,organ donation
175447,foundry
175468,savior
175472,catch phrase
175492,art class
175494,record collector
175497,plaster
175499,personal ad
176104,heroin addiction
175510,nunchaku
175514,prank telephone call
175518,scientist bar
175530,sprayed with water
175533,pressure washer
175536,obese
175600,doing the right thing
175603,mercedes
176352,orchard
175644,phantom zone
175655,rocket fired grenade
175656,crystal machine
175668,life raft
175670,private airplane
175676,toothbrush
175681,gluttony
175683,magnifying glass
175685,rubber boat
175715,floating in the air
175821,gymnast
175887,horniness agent
175894,chat session
175910,kite flying
175915,freezing to death
175916,riding a bus
175924,child on life support
175928,man wearing a wig
175930,extreme closeup
175956,lesion
175957,jumping off a building
175974,panorama
175977,aerial photography
175980,greenhouse gases
175984,carbon offset
175985,landscape
175994,oil tanker
175998,havoc
176007,h bomb
176012,airfield
176016,editor
176038,pterodactyl
176052,container
176056,time traveler
176062,three headed creature
176095,jazz band
176485,female artist
176098,jewish mafia
176125,reference to google
176167,senate hearing
176218,sketch artist
176219,southern belle
176220,financial ruin
176221,two-headed monster
176223,bulldog drummond
175233,razor blade
175593,mysterious killer
176256,closed mine
176262,bat attack
176266,boy eaten
176336,cali colombia
176338,plastic bag over one's head
176344,oil well
176345,east side kids
176346,theater agent
176351,lemon tree
176381,spanish horror
176416,riding bicycle
176419,neighborhood watch
176422,reference to justin bieber
176488,hope chest
176502,peyote
176506,arab sheik
176512,french restaurant
176533,driving while stoned
176546,ganja
176572,film canister
176573,playing chicken
176592,traffic violation
176613,villain turns good
176638,software
176666,film camera
176690,waves
176697,collar
176706,broken mirror
176708,chisel
175345,comic book art
176217,world domination
176661,death of pet
176486,meeting on the internet
175976,solar power
176516,slot machine
175992,easter island
176561,spiritualism
175522,electrical torture
176625,taekwondo
175419,corrupt agent
175301,underage girlfriend
176691,killer clown
175297,hipster
175529,pretending to be a prostitute
176253,oil rig 
175091,flying man
176317,barking dog
175610,silhouette
176454,craigslist
176425,creepy neighbor
176127,open marriage
175388,killer santa claus
175949,catholic guilt
175245,sword duel
176511,pornographer
175975,earth in peril
175322,vegan
176182,psycho
176585,blood sucking
176709,red light
176716,wheelchair bound
176719,washing hands
176729,lab experiment
176731,indiana jones
176740,candy striper
176745,blind girl
176774,mark
176776,samoa
176780,tattoo shop
176783,save
176788,soda jerk
176792,sex fiend
176793,middle age
176796,mayflower
176797,old girlfriend
176798,taxi dancer
176799,detective agency
177317,ice cream truck
177964,contract killer
177894,witch hunt
177555,marriage counselor
177023,reader
177026,french court
177039,embroidery
177044,austrian
177923,midsummer
177054,large jewel
177055,dead rat
177056,queen of france
177058,green dress
177077,rocking chair
177094,mud
177108,snooker
177118,office temp
177119,word processing
177127,emergency room
177035,identity swap
177144,everyman
177145,hyperspace
177163,area 51
177181,shot in the knee
176746,basketball team
177208,basketball game
177216,referee
177218,basketball court
177219,tweety bird
177224,speedy gonzales
177227,cartoon chicken
177228,sylvester the cat
177230,cartoon reality crossover
177231,basketball hoop
177232,cartoon skunk
177235,state police
177258,police training
177259,realtor
177271,government scientist
177275,napalm
177299,discotheque
177303,valley girl
177309,simon says
177316,circus tent
177321,lovers lane
177329,shadow puppet
177331,net
177334,drinking straw
177339,pie in the face
177341,gadfly
177349,greedy developer
177354,treasury agent
177359,untouchable
177364,jury tampering
177370,rule of law
177372,rooftop chase
177380,cutting face while shaving
177392,sneeze
177398,levitation
177406,message
177449,tip
177453,criminal defence lawyer
177465,attempted jailbreak
177482,mislaid trust
177489,subway train
177502,subway tunnel
177512,dirty harry
177538,elephone box
177071,horse ranch
177565,shaving cream
177571,playing cards
177589,aspirin
177591,street walker
177609,criminologist
177637,winging into a wall
177648,infra red
177652,photo album epilogue
177656,jumper cable
177658,rude waiter
177673,wrecking yard
177678,patrol car
177912,wizard
177927,homeless
177758,false pretenses
177761,crushed hand
177762,schoolmarm
177764,contessa
177770,american embassy
177771,rommel
177790,frenchwoman
177804,sweet sixteen
177817,sperm count
177820,wanting a baby
177821,wanting to have children
177824,sperm sample
177872,occult ritual
177875,dark carnival
177877,occult torture
177882,right hand man
177473,engagement party
177900,witch hunter
177907,pride & prejudice
177913,death camp
177922,archipelago
177938,lice
177958,mini cooper
177960,broken finger
177967,foot pursuit
177146,meaning of life
177993,gopher
177995,dachshund
177996,porcupine
177997,seven years war
177998,nobility
177999,prussia
178010,jurassic park
178011,universal studios
177703,western usa
176809,football (soccer) stadium
177901,evil witch
176806,"cape town, south africa"
177362,tax evasion
177027,lady in waiting
177040,fashion design
176857,duchess
177281,parasite underneath skin
177438,heist gone wrong
177178,alien space craft
178027,environmental destruction
177104,family values
177185,videotape
177588,religious statue
177755,public works
177493,stock market
177280,primate
177128,excalibur
177050,louis xvi
176876,fashion magazine
177972,bickering
176752,basketball player
178026,environmental conservation
178029,sustainable development
178036,police harassment
178085,common good
178090,contempt
178094,citizen action
178095,balmedie scotland
178873,skateboarder
178131,birth mother
178148,killer scarecrow
178159,turning into a vampire
178226,lost and found
178253,knitting needle
178256,noise complaint
178261,angel costume
178265,trowel
178269,bass guitarist
178271,priestess
178316,bisexual woman
178320,killed with hairpin
178321,going into labor
178322,talking in sleep
178326,oblivious to woman who loves him
178402,modern western
178331,annoying little sister
178334,lisp
178335,wet dream
178355,san francisco giants
178368,baseball pitcher
178369,baseball fan
178370,psychotic fan
178372,sports agent
178378,driving range
178379,steam room
178423,embryo
178424,living under the bridge
178425,music rights
178440,physics teacher
178448,shoe store
178471,reference to jack black
178475,promiscuous mother
178482,glue sniffing
178515,hot dog stand
178517,middle aged man
178520,beach blanket
178523,cheesecake
178527,beach bunny
178539,maverick cop
178596,retirement plan
178636,talk radio
178639,death ray
178641,english country side
178643,malaya
178645,prehistoric adventure
178648,ancient britain
178861,window cleaner
178652,penal colony
178655,rag doll
178656,iranian
178659,whale catch
178183,pizza delivery boy
178710,stormtrooper
178712,totalitarianism
178719,wuxia fiction
178845,daughter of the president
178259,crawling hand
178852,jungle jim
178853,animal trainer
178854,hardy family
178857,dark horse comics
178858,hecate
178863,englishwoman
178865,crime reporter
178867,lone ranger
178870,evangelist
178887,skate park
179095,evil doctor
178899,dogcatcher
178901,dog pound
178913,philadelphia experiment
178921,sous chef
178926,postponed wedding
178929,detroit michigan
178954,bob marley
178955,reference to bob marley
179110,toll booth
178993,duplicity
179010,missing persons case
179011,hidden corpse
178856,folklore
179017,hick
179018,stock broker
179021,corpse in freezer
179022,confession of crime
179026,sunscreen
179029,rubbing suntan lotion on someone
179034,sound proofing
179041,ventilation
179044,body image
179050,cleaning obsession
179060,sioux tribe
179062,purple heart
179066,photo exhibition
179068,rudeness
179069,reference to barack obama
179071,pregnancy test
179077,photo exhibit
179078,rude frenchman
179081,reference to michelle obama
179083,art critic
179092,food smuggling
179093,criminal underworld
179100,hulk
178883,autumn
178364,child custody
179103,fixed
179104,fixie
179108,church and state
179124,volkswagon
179173,quitting a job
178507,swimsuit
179213,monte carlo rally
179257,evil bug
179286,käfer
179294,counterfeiting ring
178080,sand dune
178452,overachiever
178977,jealous husband
178646,possesion
179012,estranged family member
178945,working mom
178657,tech noir
178034,ruthlessness
178329,friends in love
178229,older brother younger sister
178898,cartoon dog
178654,heart condition
178909,runaway child
178213,delivery boy
178647,occult horror
178923,wedding date
178611,virgin mary
178474,flunking out of school
178650,bus trip
178959,reggae music
178111,community action
178902,firefly
179088,radio host
178210,marital problem
178107,david vs. goliath
178298,woodpecker
178317,book signing
178097,migrant worker
178869,lassie
178444,peer pressure
179298,maya
179300,ancient civilization
179367,impossible love
179368,french canadian
179385,prostitute mother
179395,prague spring
179412,scientifically inaccurate
179416,jungle cat
179417,hippie parents
179422,jason vorhees
179426,mantis
179427,tv documentary
180076,airline
179966,headphones
179415,mailman
179436,pancho villa
179450,black men
179461,newburyport massachusetts
179411,based on fairy tale
179472,heritage
179507,cash
179510,wrong diagnosis
179513,foretelling
179515,shaky camera shot
179522,safe box
179527,reload
179529,pinstripe suit
179531,driving cap
179532,audio flashback
179533,trash talk
179536,charm
179542,love potion
179565,michael myers
179468,interracial adoption
179572,"nollywood, nigerian cinema"
179574,race car driver
179575,samson
179803,mine explosion
179594,reference to alice in wonderland
179636,junk
179645,forgotten
179655,storybook
179661,toy airplane
179668,keepsake
179670,propeller airplane
179751,glamour
179776,roasted pig
179778,sponsor
179780,chariot
179781,fictional tv show
179854,swami
179860,nosferatu
179870,black death
179874,expressionism
179875,mountain country
179935,flare gun
179973,non violent
179986,imaginary creature
179991,movie serial
180002,lgbt rights
180052,bride and groom
180061,applause
180074,government official
180077,don juan
180079,san quentin
180083,p=np
180086,bad girl
180092,nyc
180093,press room
180097,henpecked husband
180099,beatnicks
180124,quarry
180148,cigarette smoke
180162,death row inmate
180204,wounded soldier
180176,song contest
180177,melodifestivalen
180178,destroyer
180179,fire extinguisher
180180,shot multiple times
180181,trapeze artist
180183,police officer shot
180184,torino
180185,vehicular homicide
180186,limb shot off
180187,bluegrass
180191,tod
180194,spellcasting
180195,saloon brawl
180197,cardiomyopathy
180201,female rocker
180202,mexican boy
180209,shave
180210,saved from execution
180211,fake nun
180216,equestrian
180217,indian chief
180222,valley
180225,freight
180226,freight company
180228,pony express
180230,stallion
180234,wild bill hickok
180235,payroll
180239,cupid
180241,claim
180242,sweetheart
180243,claim jumper
180249,gunrunner
180254,remix
180259,reconstruction
180294,pineapple
179878,sleepwalking
180313,hiccups
180314,diamond necklace
180343,man carrying a woman
180366,broken trachea
180374,vcr
180377,halloween mask
180395,paddling
180396,wrongful suspicion
179853,vagrant
179852,"newcastle, england"
179585,american civil war
179823,class conflict
179413,cooperation
179428,censorship
179564,disturbed child
180085,girl gang
179882,romania
180173,dead horse
179567,crisis of faith
180393,suspicion of adultery
179566,locust
179359,boys' boarding school
179467,"berkeley, california"
179577,assassination plan
179423,stormy night
179433,haunted castle
180257,arizona territory
179321,asian woman
179521,waterboarding
180087,enemy agent
180340,voyeur
180250,swindle
179578,lost at sea
180193,trick or treating
179571,tijuana
180084,werewolf child
179568,archaeological dig
179583,pixie
180059,death of king
180212,russian man
180100,sinking ship
179867,real estate
179418,hollywood star
180175,cerebral palsy
179383,father daughter reunion
179485,chinese american
180397,cementery
180398,cheating at cards
180399,society matron
180404,plagiarized book
180405,stolen novel
180412,plagiarized novel
180415,documentary filmmaker
180421,documentary footage
180424,gay nineties
180431,drug rehabilitation
180436,hemophagia
180439,stamina
180440,totalitarian
180441,antigen
180447,biological warfare
180464,lab technician
180465,rooftop fight
180467,light sensitivity
180471,frogmen
180473,pompeii
180479,telegraph
180480,american mexican war
180482,kyoto japan
180483,decree
180484,mercy
180486,schoolmaster
180494,family farm
180495,west indian
180496,nicaraguan
180499,cosette
180500,straight
180505,buddhist temple
180507,medic
180509,ikea
180510,palma de mallorca
180512,all knowning psychiatrist
180518,video screen
180519,fictional reality show
180521,bonus
180498,post war japan
180532,ward
180533,japanese noir
180537,hall
180540,cologne germany
180543,boyband
180715,giving birth
181094,nickname
180557,short term memory loss
180568,clownfish
180577,manta ray
180662,pyschic
180673,anne boleyn
180691,killer toys
180702,expecting twins
180706,open air cinema
180472,phantasmagoria
180736,gun shot
180738,kiddnapping
180751,nursery
180754,film-essay
180756,quotation
180762,explosions
180774,shot guns
180782,laywer
180788,foreman
180789,machine shop
180790,polish american
180794,demotion
180795,cattle baron
180797,navigator
180799,navigation
180800,mission clinic
180443,cure
180808,klondike
180824,spiritualist
180826,aircraft factory
180827,bolshevik
180828,train wreck
180829,robert e lee
180830,minstrel
180831,newspaper publisher
180861,aunt nephew incest
180909,golden fleece
180912,olympus
180940,chinese man
180974,gold shipment
180975,charles dickens
180976,bugle
180982,radium mine
180992,trail
180635,multiple perspectives
181009,bygda
181010,norsk
181012,tidal wave
181016,sewer of paris
181019,franchise
181023,surveyor
181028,western band
181032,photo booth
180492,caste system
181034,h. r. giger
181036,freckles
181041,garter
180791,flower garden
181055,better life
181083,jaguar car
181084,cinnamon
181085,personality
181087,american in the uk
181089,japanese american
181093,innocent person killed
181099,pirate captain
181100,amazing grace hymn
181102,east timor
181104,fourth estate
181105,media coverage
181115,william quantrill
181116,lawrence kansas
181118,marketplace
181120,dance director
181122,forced to drive
181123,stunt driver
181134,tv special
180574,father son reunion
180671,allegorical
180488,foster daughter
181109,mother daughter estrangement
181068,protective father
180996,counterfeit money
181129,terrorist group
180469,beat cop
181031,ski lift
180670,rape fantasy
180578,impressionist
180667,police standoff
180787,social differences
181128,frozen
180491,cycling
180724,hidden truth
180445,strength
180981,package
180990,herd
180549,deforestation
180798,food rationing
180550,rainforest
181057,taking care of someone 
181052,helping children
181117,bloodshed
180466,gravity
181081,little girl lost
180668,homicide detective
180807,moral transformation
181050,wealthy man
181011,oil platform
180764,wild party
181086,tradesman
181046,european
180487,schoolboy
180413,aspiring writer
181135,gauntlet
181137,tasmanian devil
181138,yosemite sam
181140,cartoon rabbit
181155,torturing
181167,huldra
181181,peace offering
181208,street dance
181210,b-boying
181213,sword and sandal
181214,salsa
181217,dance crew
181218,silly
181219,creative commons
181220,tecno brego
181221,music sampling
181222,mpaa
181223,bridgeport music
181224,the pirate bay
181225,file sharing
181226,politcs
181230,condor
181232,still birth
181235,color
181237,image processing
181635,government conspiracy
181246,indian tribe
181304,fly the insect
181306,reference to the count of monte cristo
181313,granada
181319,electrical engineer
181320,stock fraud
181321,transport
181322,nitroglycerin
181323,oil company
181858,gang violence
182195,online dating
181641,manila philippines
181331,octogenarian
181345,nick carter
181356,race against the clock
181372,saleswoman
181374,salem massachusetts
181375,satanic
181471,railyard
181472,reference to sherlock holmes
181476,banana peel
181485,chase on train roof
181488,diamond cutter
181508,shoulder holster
181518,cheating fiancée
181523,teacher student sex
181531,brother sister incest
181532,protégé
181544,desolation
181547,serial rapist
181549,secretary of defense
181554,lyndon johnson
181557,anti war protest
181559,dominoes
181560,cabinet position
181564,armed forces
181565,spin doctor
181566,self immolation
181582,lung transplant
181602,renovation
181604,black stereotype
181611,chest
181623,fake id
181628,seoul south korea
181632,pharmaceutical lab
181637,roof chase
181145,woman lawyer
181648,false passport
181650,alberta canada
181651,lieutenant general
181654,north carolinam
181479,pearls
181657,moustache
181239,scientific expedition
181668,campaign manager
181682,campaign finance
181755,dealing with the past
181820,witch trial
181822,child witch
181872,yardie
181873,jamaican posse
181895,stasis
181900,archeological dig
181905,god complex
181908,cave drawing
181932,british horror
181943,petition
181957,hard labor
182204,animal shelter
181962,labor camp
181971,baby killer
181976,imprisoned
182022,filmed killing
182026,video wall
182036,speaker phone
182038,mounted animal head
182045,albanian
182069,jumping off a bridge
182108,man in towel
182135,reforestation
182136,tree cutting
182145,lime
182148,bouncy castle
182163,flash grenade
182178,sushi bar
182185,exploding airplane
182196,stable
182198,karate class
182325,office romance
182207,kennel
182216,bomb explosion
182223,iraq veteran
182239,jaipur india
182256,outsourcing
182266,rave culture
182268,club life
181429,lost film
182282,baking
182283,school closing
182285,cow gives birth
182286,garden competition
182287,sheep rustling
182293,turning the tables
182313,swedish
182317,pez dispenser
181242,mongol
182295,reading a book
182273,raver
181655,congressman
181318,asperger's syndrome
182250,personal growth
182100,luxury hotel
181316,senegalese
181834,empathy
181238,oceanography
181620,tracking device
182278,farming community
181385,freighter
181317,multilingual
181139,cartoon duck
182058,government corruption
181328,struggling artist
181203,headmaster
181558,cuban missile crisis
181514,deadbeat dad
182147,underwater photography
182210,playing chess
181579,auto industry
182127,walled city
181165,station
182376,gentleman
182391,milliner
182396,new york city ballet
182402,poncho
182410,haute couture
182412,hat shop
182414,traffic
182426,le carousel du louvre paris
182427,tearing up a bank check
182521,spore
182536,suicide pact
182541,bank cashier
182546,car procession
182584,fishbone
182599,technicolor
182600,blue sky
182615,steerage
182621,salvage
182633,channel surfing
182656,pioneer village
182664,frigate
182671,self surgery
182677,sea battle
182681,weevil
182703,gene
183570,danish
182709,post holocaust
182733,swim meet
182768,knife held to throat
182772,snowing
182800,ice cream parlor
182804,home renovation
182810,combat fatigue
182824,charlie chaplin
183141,smart kid
184406,"staten island, new york city"
183185,red dress
183189,female genitalia
183191,promiscuous past
183203,destroying a car
183205,secret burial
183206,mortal wound
183214,new car
183215,short wave radio
183225,reef
183229,most dangerous game
183239,attacked by a dog
183241,change of heart
183413,blue footed booby
183414,prehistoric times
183415,melting ice
183418,badger
183421,elephant seal
183422,floating ice
183425,land bridge
183434,noblewoman
183493,snowboard
183515,high toned
183523,log
182550,attica
183568,blood diamond
183576,bizarre comedy
183603,face
183637,barrio
183646,robert e. howard
183654,hanged body
183664,pile of gold
183668,cloak
183686,war context
183427,horror for children
183750,chandelier
183784,head chopped off
183785,body torn apart
183133,aspiring actor
183791,laser cutter
183794,bowels
183795,wipeout
183800,split in two
183814,hebrew
183817,stock exchange
183818,make up
183875,little tramp
183881,shot by the police
183886,illegitimate son
183887,smashing a window
182419,new york times
183931,somnambulist
183944,unreliable flashback
183946,megalomania
183953,madman
183954,enigma
183962,raped by animal
184188,macau
183965,turkey the bird
183974,anatomy
183978,cheyenne
183979,bail bondsman
183987,orthodox
184011,reference to jack ruby
184014,dairy queen restaurant
184017,moon walk
184110,government regulation
184130,doubt
184152,traveling through a sewer
184157,multiple roles
184161,iron lung
184163,sex surrogate
184167,polio
184184,bauhaus
184185,german jew
184187,tel aviv israel
184213,robocop
184226,crowbar
184237,road racing
184258,imposture
184274,knife murder
184297,mystery killer
184318,out of body experience
184134,archeology
184345,neorealism
184355,implied rape
184366,forced to strip
184369,shot
184402,missing
184415,juggling coconuts
184418,british sailor
184421,english in foreign countries
184423,mock trial
184424,yacht and yachting
183955,somnambulism
182638,mullet
184302,scheming
184352,rape and revenge
184230,englishman abroad
184426,ruse
183240,mute villain
182422,landlord tenant relationship
183732,viral video
184239,teen anger
182649,spiritual journey
184422,neglected wife
184116,hedge fund
184238,inheritance challenge
184432,divorced father
183435,bloodbath
182651,life changing
183528,half breed
184430,divorced man
183126,new job
182625,rich snob
182711,dna testing
184312,mind game
182657,family gathering
182662,naturalist
182794,halloween costume
183573,genre bending
183602,public toilet
184392,psychedelic
184437,multiple story line
185204,danish history
184497,maternity ward
184499,baby born
184503,father-in-law daughter-in-law relationship
184507,baby nursery
184511,mother-in-law daughter-in-law relationship
184517,father-in-law son-in-law relationship
184534,rolltop desk
184541,reprieve
184545,automobile accident
184546,jumping from a window
184562,blind woman murdered
185458,archbishop
184584,century
185332,long distance relationship
184659,radio show host
184671,jack
184692,cowboys and indians
184712,online chat
184738,reference to aristotle
184739,reference to john milton
184740,reference to cicero
184759,playing gin
184760,gin rummy
184784,bank officer
184805,deed
184807,stutterer
184816,blackface
184831,foaming at the mouth
184923,yoga instructor
184935,gay man straight woman relationship
184948,disney channel
184950,privileged life
184951,gun runner
184952,land developer
184958,trader
184975,frontier justice
184987,repressed memory
184989,spectacle
184993,u.s. space program
184994,saturn v rocket
184995,ss
184996,armenian genocide
184997,ss commander
184998,film adaptation
184999,graphic artist
185002,balance
185006,fuel depot
185008,elmer fudd
185009,human heart
185013,two strip technicolor
185016,miracle drug
185017,cortisone
185434,rookie
185028,selective coloring
185034,ambulance driver
185037,battle of the isonzo
185059,brazilian music
185071,impersonating a police officer
185077,macao
185135,filicide
185140,animated title sequence
185318,mistrust
185202,reference to voltaire
185212,field research
185213,melting glacier
185216,cryosphere
185217,polar ice cap
184439,divorced parents
185221,heart transplant
185222,fbi profiler
185227,ice cream cone
185229,public loan
185237,eyes
185240,old movie
185241,film editor
185248,one man band
185250,street musician
185254,bolivian army
185255,"la paz, bolivia"
185262,martial arts school
185263,bone marrow transplant
185265,expiration date
185269,pipeworks
185270,remake of korean film
185281,news spoof
185301,olympia
185307,mohsen makhmalbaf
185308,tehran iran
185311,truancy
185312,goalpost
185316,ramayana
185317,castle on fire
185319,monkey warrior
185320,exiled prince
185324,devoted wife
185331,faithfulness
185341,test by fire
185200,pirate ship
185351,neon light
185352,movie theatre
185353,reference to chow yun fat
185358,reference to charles darwin
185359,lotay
185367,reference to gerard depardieu
185368,reference to woody allen
185370,reference to angelina jolie
185375,top gear
185379,computer class
185401,indian western
185403,eurowestern
185406,sci-fi horror
185408,supernatural horror
185420,antique dealer
185424,pest control
185425,giant vegetable
185426,monterey pop festival
185433,outpost
185435,railroad station
185438,crossword puzzle
185440,mine shaft
185443,relatonship study
185451,woman shaves a man
185452,union suit
184783,first date
185459,seven deadly sins
185005,battle of the bulge
184793,movie set
185337,test of faithfulness
185361,brothel madam
185233,non conformity
184483,divorced mother
184924,comic book artist
185018,autobiographical
184490,pregnant daughter
184984,native american tribe
185457,badlands
185456,south dakota
185407,vampirism
185441,civil war veteran
184988,childhood sexual abuse
185413,boys' school
185268,wheat
184706,electrician
185199,matrix
184496,parent-in-law child-in-law relationship
184559,guardian angel
185218,environmental change 
184595,switched at birth
185266,flight attendant
185011,hamlet
185460,silver mine
185461,bar shootout
185463,sartana
185466,kung fu master
185467,antibes
185482,movie actress
185483,movie actor
185505,film student
185507,startup
185508,vimeo
185509,soundcloud
185510,dropbox
185511,founder
185512,foodspotting
185521,chicken farm
185522,pie machine
185528,blackmailer
185530,keystone kops
185589,cowboy and outlaw
185590,horse chase
185616,imprinting
185628,cross breed
185629,bloodsucker
185632,grudge
185633,vampire vs vampire
185638,egyptian
185644,chief of police
185645,dhampir
185648,forks washington
185653,wolf pack
185668,seeing the future
185677,extraction
185684,iran hostage crisis
185686,sweatshop
185692,intelligence agent
185699,film studio
185702,langley virginia
185927,adopted child
185722,based on true events
185723,battle of gettysburg
185730,presidential cabinet
185733,gettysburg address
185736,conflagration
185742,emancipation
185767,crime novelist
185795,lens flare
185796,gps
186497,human vs alien
185817,killed in an elevator
185818,security guard killed
185859,first person shooter
185861,glitch
185867,video gamer
185868,q*bert
185880,social reject
185950,jesus freak
185952,baseball stadium
185953,perjury
185957,flying upside down
186219,southern california
185979,fighting movie
185983,budget cutting
186004,imperial russia
186009,tragic death
186055,crying woman
186060,polio victim
186062,jewish man
186064,true life character
186070,gurney
186071,sexual pleasure
186076,pity sex
186080,jewish convert
186103,handicap sex
186110,naked woman
186112,thrift store
186136,female musician
186147,singing contest
186150,street fight
186152,pro-life
186192,animal senses evil
186195,pair of evil eyes
186212,medal of honor
186233,improvised explosive device
186234,surrogate daughter
186239,shot in the throat
186243,laguna beach california
186265,gardner
186349,omaha nebraska
186353,revivalism
186356,escape from jail
186357,garrote
186370,close-up
186376,polish stereotype
186379,musclemen
186382,cardiopulmonery resuscitation
186391,cattleman
186395,wakayama japan
186396,doc actor
186399,stealing a chicken
186403,dance hall
186425,demon hunter
186407,theology student
186410,extreme blood
186411,slow motion action scene
186413,ultra slow motion
186188,fossil
186417,bloody spray
186420,downworlder
186423,shadowhunter
186447,rogue
185525,private eye
186463,holiday horror
186504,referendum
185969,relapse
186509,advertising jingle
186513,penalty kick
186526,toy dog
186527,locked in
186532,cargo airplane
186535,military airplane
186189,hidden identity
186576,protest march
186618,drug addicted mother
186654,brooklyn dodgers
186692,dr. fu manchu
186694,extension ladder
186695,last day on job
185469,animal park
185728,secession
186107,sexual exploration
186360,bicycle race
185876,interrupted wedding
185655,misinformation
185650,beheaded
186402,starlet
185740,ethical dilemma
185994,ex military
186621,gay adoption
186117,dj
186589,political protest
186281,dea
186378,hidden fortune
186251,enforcer
185526,whorehouse
186686,king of england
186355,riot police
185863,carefree
186531,lost relationship
185477,trapped underwater 
186125,film score
186120,singing competition
186466,christmas horror
185959,narcissist
186268,skull mask
186685,queen of england
186523,lockdown
185954,national transportation safety board
186696,jet crash
186710,landscape architect
186711,methadone
186712,housing development
186714,fall guy
186722,gay brother
186724,man on a toilet
186727,nude fight
186730,flash mob
186736,dance instructor
186743,real estate development
186746,nike
187056,woman director
186757,bank clerk
186761,foreign occupation
186768,tar and feathers
186775,wb short
186777,cervantes
186779,motivational speaker
186781,equal pay
186783,government minister
186784,sewing machine
186785,merrie melodies
186786,marc anthony
186894,scam artist
186792,barroom brawl
186795,former outlaw
186796,town tamer
186797,african american servant
186800,human cannonball
186803,music spoof
186805,peseta
186808,tuba player
186810,william tell overture
186819,homeless girl
186822,old mill
186825,cangaço
186827,marital discord
186830,selkie
186831,stolen gold
186846,adaptation
186892,shih tzu
186906,boston red sox
186908,draft
186915,man in drag
186916,martial difficulties
186918,shooting game
186919,class distinction
186920,filmed performance
186923,oil baron
186932,cirus
186936,wile e. coyote
186937,road runner the character
186940,ethiopian
186941,gift shop
186946,the saint
186947,pregnant girl
186948,book comes to life
186949,female gunfighter
186951,girl disguised as boy
186782,discrimination
186957,federal marshal
186958,cree indian
186962,blessed hope
186965,wise men
187008,false memory
187020,suppression
187022,rebel hero
187023,safe deposit box
187025,smog
187028,gatling gun
187033,center of the earth
186804,shipyard
187115,palmenhaus schönbrunn vienna
187117,mexican bandit
187119,pachinko
187121,lolita fashion
187196,french colonialism
187236,submission
187198,talmud
187200,french colony
187202,inter religion relationship
187203,casbah
187204,religious prejudice
187206,tuareg
187207,guide book
187212,portrait painting
187214,arab jewish friendship
187270,ransom demand
187227,lemon tree grove
187239,scatological humor
187240,contempt of court
187249,catskills
187250,dog tags
187251,blood brother
187252,mexican army
187253,way station
187254,falling on someone
187255,puddle
187237,sexual domination
187257,yankee
187259,sea captain
187261,general store
187264,derby county
187272,escalator
187274,dishwasher
187280,blood feud
187282,back to school
187287,bat masterson
187288,army sergeant
187291,strange behavior
187292,fixed fight
187293,corrupt system
186717,back in time
187295,broken jaw
187299,blind mother
187300,low iq
187301,hercules
187302,roman mythology
187303,argonaut
187304,thebes
187024,british colonialism
187307,endorsement
187308,campaign speech
187309,presidential debate
187312,intercontintental railroad
187314,smoke signal
186833,mirage
187273,mix-up
187019,robot cop
186815,metaphor
186849,literary adaptation
186718,corrupt official
186799,girl group
186747,dance company
187306,presidential campaign
186847,retelling
186776,don quixote
187243,stock market crash
186753,jidaigeki
186903,poor eyesight
187290,mentally challenged
187298,epileptic
187265,management
186756,old testament
187246,dance group
186914,letter to santa claus
186760,alternate timeline
187310,springfield illinois
187046,implanted memory
186829,fishing net
186924,lion tamer
187084,wishes come true
186921,faith healer
186823,backcountry
186798,shooting dog
186939,pharaoh
186835,shared dream
187316,burned at the stake
187317,mohican indian
187318,whaling ship
187319,wagon
187320,storekeeper
187325,loveless marriage
187327,pledge
187328,retirement party
187329,criminal profile
187340,escaped slave
187343,belief
187347,dumb kids
187354,skyline
187355,sunset
187357,moonrise
187363,mop
187368,pillow fight
187370,catcher in the rye
187401,pregnancy scare
187416,water gun
187468,elixir of life
187477,ancient manuscript
187504,holy man
187514,speed freak
187517,junky cop
187518,boy toy
187522,porn magazine
187523,dope selling
187524,crank
187525,handcuffed to a bed
187527,cctv
187536,veterinary clinic
187537,needlepoint
187544,needle
187551,telephone sex
187554,person running amok
187579,radioactivity
187597,pursuit in traffic
187614,small town girl
187633,bitten hand
187643,sabbath
187651,brain scan
187652,radiation sickness
187657,parachutist
187676,confetti
187710,escapade
187717,laundry room
187729,brutal cop
187784,getting married
187901,track and field
187787,cut on face
187788,man punches woman
187789,planting a gun in someone's hand
187797,scalded face
187798,facial bruise
187803,duffel bag full of money
187820,duct tape gag
187821,bandana
187824,headshot
187826,camoflage uniform
187828,sadistic laughter
187844,flashback
187862,rabbit hunting
187864,human
187877,blood on wall
187887,evp
187888,mysterious photo
187890,menstrual blood
187891,paper knife
187903,gangster rap
187910,kick
187938,eye ripped out
187942,watching movie
187967,forbidden zone
187969,waif
187989,suspicious wife
187996,female doctor
187999,playing piano
188014,mixed race child
188016,seamstress
188017,hanging posse
188028,extravagance
187886,supernatural investigation
188056,mosquito repellent
188071,stolen child
188083,brain surgeon
188086,dodgeball
188098,renewing wedding vows
188112,bullet proof vest
188114,u.s. marine
188124,medal of valor
188127,police sergeant
188134,golden gun
188156,native american captive
188158,flintlock pistol
188169,electric train
188170,toy factory
188174,produce
188175,truck crash
188177,apple picking
188154,rite of passage
188179,soaked clothes
188181,bushido
188186,painted face
188198,face paint
188204,pantyless
188235,u.s. cavalry
187547,older woman younger woman relationship
188238,loire river
188242,aphrodisiac
188246,corsican
188250,hopscotch
188262,male in bathtub
188265,chieftain
188267,war paint
188268,chained to a post
188099,marriage counselling
188274,b western
188275,euro western
188280,sea voyage
188283,tripping and falling
188284,gun smuggling
188285,ransom note
188286,bullet hole
188293,remembrance
188291,disneyland
188296,hired gun
188298,pioneer women
188299,ranch owner
188303,school mate
188317,streetcar
188320,talking head
188327,seesaw
188329,dump truck
187360,courting
187332,horse and wagon
188072,mortgage
187387,water balloon
188259,money problems
187677,medical school
188172,ballet class
187505,exotic locale
188290,eternity
187983,amateur film
188277,power struggle
187376,odd couple
188287,rich daughter
187321,post civil war
187490,surgical stitches
187356,modern life
188305,change of plan
187660,rubik's cube
188133,felon
188266,starvation
187928,prison fight
187791,maid uniform
187670,ventriloquist's dummy
187675,medical student
188326,construction worker
188333,carrot
188337,logging
188339,surgical instruments
188342,sleeping pill
188344,riviera
188345,christmas card
188346,compulsive obsessive
188347,insurance inspector
188348,scotch
188354,swept away
188356,separation from family
188374,boxing day
188404,masquerade
188456,lost ring
188460,tortoise
188462,rowing boat
188464,wedding photograph
188467,english country dance
188475,enzyme
188476,women killing women
188477,slamming a door
188478,glass
188479,condemned inmate
188512,prison camp
188519,water torture
188533,blood on face
188534,shell shock
188552,scream queen
188561,deformed man
188582,london theater district
188583,beach movie
188594,aeronautical engineer
188607,rube
188609,air conditioner
188618,reformer
188621,usher
188622,yodeler
188623,runyonesque characters
188624,zinnia
188625,watermelon
188626,drill press
188629,double exposure effects
188635,snobbery
188641,reference to mahatma gandhi
188643,dance number
188645,bagpipes
188649,big band
188651,crooner
188652,cartoon pig
188653,cartoon goat
188656,friendly fire
188658,water wheel
188659,business deal
188660,salvation army
188661,rock drill
188662,sports writer
188664,betting parlor
188666,criminal mind
188667,park avenue
188683,sherlock holmes spoof
188684,fiddler
188688,hotel lobby
188692,radio announcer
188693,told in flasblack
188709,organ music
188713,reference to clark gable
188715,musical revue
188719,magistrate
188721,mandarin
188722,ore mine
188723,foxhole
188727,imperial japan
188729,yen
189007,publishing house
188736,snare
188737,class reunion
188739,guyver
188746,tanuki
188747,air pirate
189094,goblin
188750,teuflisch
188755,hotel clerk
188759,recruitment
188762,gas station attendant
188765,bombardier
188768,stealing food
188842,quartet
188845,violin maker
188846,grade
188849,japanese family
188855,pudding
188858,hindi cinema
188860,socio-political drama
188861,smell
188901,quaker
188907,street shootout
188914,born again christian
188922,cattle rustling
188925,brunette
188932,long black hair
189092,journey
188934,bar brawl
188938,telegraph office
188952,eaten alive
188850,haiku
188775,miscarriage of justice
188991,drunkenness
188974,vehicular accident
188987,boyfriend girlfriend relationship
188989,supernatural power
188990,costume party
188992,new york skyline
189004,tuxedo
189008,empire state building
189098,courage
188994,publisher
189103,underground lake
189111,ogre
189114,climbing a tree
188608,ice fishing
189126,north africa
189131,psychoanalyst
188647,silent film star
189093,ring
188766,radio operator
188717,cross country trip
189001,invitation
188720,shame
189108,buried treasure
189102,tunnel
188847,crystal
188843,business partner
188334,logger
188950,corporation
188772,black slave
188507,al qaeda
188725,trenches
188959,plague
189115,invisibility
188341,traumatic accident
188474,cosmetics
188944,revolver
188606,middle america
188733,adoptee
189113,fictional language
188865,police lieutenant
189138,reformation
188841,daydreaming
188705,radio show
188957,virus
188947,sidekick
188351,catastrophe
188840,delivery service
188711,mexican american border
188993,true love
188960,elevator
188712,diplomacy
188665,botched robbery
189139,unmarried mother
189401,brain surgery
190007,mental hospital
189142,welfare
189144,lost in time
189146,pro integration
189147,war toy
189361,sexless marriage
189151,medieval times
189152,dr. kildare
189153,yellowstone
189204,water purification
189207,epiphany
189213,field agent
189215,water conflict
189216,eco thriller
189218,saratoga new york
189219,argent
189223,praying mantis
189228,ghidora
189262,righteous rage
189274,hotel fight
189342,underground tunnel
189356,female bodyguard
189363,bottled water
189368,barber
189379,deformity
189383,yellow cab
189388,famous
189389,financier
189481,evil mastermind
189391,boy dog relationship
189393,conflict with in-laws
189394,wisteria
189395,childish behavior
189396,grave of mother
189397,country girl
189399,militant
189400,lobotomy
189408,flying ace
190151,sadistic psychopath
189414,furnace
189415,machinery
189416,dog toy
189417,nude woman
189419,vermin
189421,female corpse
189423,yugoslavian history
189424,new language
189425,made up language
189427,repeated line
189428,phallic symbol
189429,dumbwaiter
189430,sound effect
189432,hunting dog
189435,communist party
189436,voted out
189437,cigarette case
189438,expulsion
189439,boasting
189441,riff raff
189443,new wave
189445,gypsy girl
189447,bipolar
189449,disorder
189461,radiator
189212,natural resources
189475,indiana university
189477,bois de boulogne
189479,molière
189494,stepford
189558,christopher columbus
189574,evil man
189585,iguana
189586,pole dancing
189598,reference to charlie chaplin
189599,beans
189359,rat
189609,sheepdog
189868,rumor
189881,philadelphia eagles
189884,alexandre nevski
189885,alexander nevsky
189895,depiction of god
189934,sexual disorder
189965,nativity scene
189978,fan film
189984,tamil
189987,neglectful mother
189995,jesuit
190003,peanuts
190004,collision in space
190005,year 2079
190015,kinky sex
190022,hansel and gretel
190026,primatologist
190034,the shadow
190042,alien world
190046,commercial fishing
190057,simulated sex
190065,camping trailer
189422,nazi occupation
190068,released from prison
190071,gender bender
190072,odd job
190078,bull riding
190075,cat thief
190079,school boy crush
190102,mysterious girl
190084,chance encounter
190094,american-in-paris
190097,three little pigs
190100,new school
190101,new student
190107,snowed in
189402,crime investigation
190122,ziegfeld
190140,blacklist
190141,new girl at school
190144,odd hobby
190150,soldier of fortune
190155,serial teen killer
190157,nightmare becomes reality
190162,public relations firm
190165,contraband
190174,rumspringa
190177,stoker
190069,estranged
190116,school life
189371,voice recognition
189145,executive
189358,squatting
189220,royal marines
190070,reconnect
189411,disaster movie
190089,faith tested
189748,soul transference
189931,guilty conscience
190019,dominican republic
189392,gold miner
190014,taboo sex
190012,deathbed
189141,rich man poor woman
189921,video nasty
189208,ecuador
189409,sex crime
189964,high school rivalry
190161,parolee
189420,communist propaganda
190142,angst
189966,holiday season
189398,portuguese
190061,harvest
189433,tyranny
190025,secret police
190149,trapped in building
189933,economic crisis
189390,"yukon, canada"
190024,american revolution
190187,eminem
190203,carnegie hall
190204,socialization
190209,anatomist
190210,african woman
190225,prefeito
190226,prefeitura
190253,hannah arendt
190256,sound waves
190261,scoop
190284,socialists
190252,adolf eichmann's trial
190296,buffalo bill
190313,playstation
190317,belmondo
190320,mars civilization
190325,clocks
190326,twilight zone
190518,special needs
190334,theocracy
190341,sporting event
190344,temporal travel
190349,chucky
190352,premature aging
190353,byelorussia
190355,eastern front
190357,macbeth
190372,child sex trade
190392,nhl
190397,victor crowley
190399,kill count
190406,bargain
190424,cavalry officer
190427,vaudeville act
190429,indian uprising
190430,phillipines
190431,bataan
190446,edo period
190449,sith
190451,dragster
190453,female convict
190456,years of lead
190471,amateur sports
190472,sports medicine
190473,brain research
190474,youth sports
190475,german expressionism
190476,cotton gin
190477,cotton
190480,planet of women
190481,broadway star
190482,san juana valley
190483,bowery boys
190484,ukrainian village
190493,phenomenology
190494,pragmatism
190527,incomprehensible plot
190532,false history
190553,religious intolerance
190573,torchy blane
190585,aesop's fables
190605,asian lgbt
190614,hopalong cassidy
190615,tyrannical
190616,russian prince
190621,mystery writer
190628,cabaret dancer
190629,crime wave
190655,cottaging
190658,womaniser
190660,wcw
190669,black panther party
190689,consumation
190694,stoner jokes
190696,typhoon
190698,sixth sense
190700,health and safety
190703,birthday present
190719,musical segments
190434,assassination of president
190755,meaningless existence
190756,cinema vérité
190760,mountie
190761,stigma
190797,marx brothers
190801,blondie
190802,ivanhoe
190804,popeye
190380,prescription medication
190205,oedipus complex
190826,inarticulate
190828,sexual inadequacy
190351,horrors of war
190831,ineptitude
190834,watching a video
190835,unemployment benefits
190837,victimization
190840,vhs video
190849,broadway show
190850,crazy horse
190852,sponge
190853,society woman
190855,joan of arc
190941,hidden room
190880,folies bergère
190881,luxury liner
190883,horse trainer
190884,seabiscuit
190886,ma and pa kettle
190890,attempted strangulation
190893,suicide bombing
190894,may day
190900,indian scout
190901,perry mason
190906,suppressed memory
190915,belle
190938,landmark
190939,shock treatment
190940,nancy drew
190945,urban area
190946,cities
190947,stephen hawking
190954,peak oil
190967,electric shock therapy
190968,belle starr
190970,calamity jane
190973,luxury apartment
190974,bullwhip
190975,king louis xv
190977,usherette
190979,southern family
190980,greek soldier
190636,crime syndicate
190283,greenwich village
190530,naive children
190479,secessionists
190190,rich girl
190816,anniversary
190567,mentalism
190832,council estate
190337,child soldier
190433,medical examination
190197,hooliganism
190763,suicide bomber
190396,devil worship
190904,mi5
190370,erotic movie
190654,russian spy
190833,british man
190285,henry viii
190531,speculative
190423,pioneers
190179,parkinson's disease
190656,glory hole
190444,test pilot
190899,american wilderness
190186,talent agent
190624,killer child
190722,reunited friends
190536,genie
190986,bite mark
190992,drunken master
190999,minions
191001,war effort
191440,jewish family
191007,skirt
191010,finnish winter war
191020,anecdotes
191021,podcast
191026,port
191029,marrying money
191031,british officer
191043,mentally ill
191048,female genital mutilation
191051,arjuna
191061,awkward appearance
191070,crutches
191072,snowglobes
191073,luxo lamps
191074,beach ball
191076,english pub
191077,d&d
191079,argentine family
191080,shipping magnate
191085,borgia
191088,overleven
191089,family guy
191093,colorado territory
191097,joss whedon
191100,romantic drama
191101,steamship
191102,tea party
191103,torturer
191104,loss of fortune
191107,andy hardy
191108,workmen
191428,songwriting
191112,gunrunners
191117,disney
191130,police hunt
191135,maiden
191137,fictitious sport
191138,stock car
191141,uranus
191142,evil brain
191144,female mercenary
191145,stage mother
191146,amazon women
191149,hit-and-run accident
191150,interplanetary war
191155,baton
191159,body in a trunk
191176,o. henry
191179,scoundrel
191182,shin bet
191192,madison avenue
191194,shakespearean actor
191198,new york society
191199,criminal lawyer
191201,inca
191205,burlesque dancer
191206,former flame
191207,uptown
191209,el paso
191210,horse thief
191217,polo
191222,the big game
191225,homophobic
191249,marcel pagnol
191005,"albuquerque, new mexico"
191267,child play
191268,kz sachsenhausen
191275,sadomasoquismo
191071,cheat on wife
191295,barbary coast
191296,gulf of mexico
191298,factory girl
191301,battle of trafalger
191302,death valley
191303,sir walter raleigh
191308,ex-boxer
191310,virginia military institute
191311,comatose
191314,kkk
191297,business tycoon
191318,reform
191321,boulder dam
191317,anti establishment
191328,bathysphere
191329,komodo dragon
191331,body snatchers
191345,poverty row
191346,nuclear power
191365,honor killing
191387,land sale
191390,site gag
191406,thomas edison
191409,captain nemo
191410,ventriloquism
191411,weapons history
191412,huckleberry finn
191414,troglodyte
191415,special feature
191425,richard wagner
191348,neanderthal
191431,godard
191436,deleted scenes
191439,allan quatermain
191441,nightclub entertainer
191442,magma
191444,gamma rays
191455,highscool
191474,super sentai
191475,mohave desert
191476,driven mad
191477,pilot error
191479,british farce
191480,spinsters
191481,british politician
191482,cad
191483,ambrosia
191490,napoli
191491,evil ginger
191492,sociopathic children
191494,numbers
191507,nixon
191518,hardware store
191521,new york giants baseball
191522,tire iron
191529,dress shop
191540,indianapolis 500
191543,stalinism
191564,body horror
191574,cobra
191006,pregnant teen
191110,army base
191509,news
191446,inspiring
191349,teen rebel
191143,loch ness monster
191260,dinner party
191028,concert pianist
191527,phone call
190981,intelligence officer
191092,space research
191008,nebraska
191519,scientist hero
191219,superhero kids
191433,textile worker
191325,power company
191279,race car
191027,fictitious country
191012,arabian nights
191404,forest fire
191313,klansmen
191003,nazi invasion
191223,freaks
191004,german soldier
191045,revenge killing
191434,eccentric millionaire
191047,prison break
191583,beauty pageant
191584,home wrecker
191585,high seas
191589,marvin the martian
191602,dance band
191603,prowl car
191604,professional thief
191616,sepia color
191617,salton sea
191623,sitar music
191625,honey bees
191626,colony collapse disorder
191627,anthroposophy
191636,monoculture
191647,vent
191652,greenpeace
191654,rudolf steiner
191657,locked up
191682,babes
191703,skandinavien
191705,privatization
191706,citizen
191711,stockholder meeting
191712,life of saint
191720,travelling players
191722,aryan
191725,aryanism
191845,bank heist
191728,helena blavatsky
191729,theosophy
191599,palace intrigue
191739,gnomes
191740,high hopes
191749,manservant
191750,ninjutsu
191783,new york art world
191784,art scene
191786,stenographer
191789,libel
191790,debutante
191794,weapons dealer
191795,grape
191807,embalming
191808,sea cruise
191811,alvarado
192096,bali
191821,foodie
191826,chekhov
191828,favorite sibling
191831,war zone
191882,telephone operator
191887,austrian officer
191888,ploy
191889,father child relationship
192044,ju-on
191952,hitler's diaries
191959,ex-fugitive
191960,freaky
191975,sports scandal
191978,pcp
191988,sound
191990,rack torture
191993,religious intollerance
191994,sanctioned killing
192000,danish horror
192001,sodom and gomorrah
192002,biblical
192005,nob hill
192007,decomposition
192008,kafka
192032,saved from hanging
192050,partition
192069,laser bra
192078,commodore
192083,yurei
192086,rental
192311,social class
192097,target
192098,roller skating
192099,the white house
192125,egyptologist
192134,asperger's
191748,russian scientist
192143,borrow
192147,fleas
192153,conjoined twins
192167,funny hero
192168,dubbing
192170,trespassing
192188,sexually aggressive woman
192190,mailroom
192195,mariposa
192197,priness
192212,yo yo
192213,wanderer
192214,online
192215,beastmaster
192230,philosopher
192239,renaissance troup
192240,government employee
192248,white slavery
192266,personals column
192115,photgraphy
192283,suffering parent
192284,time off
192285,run down house
192293,wobblies
192312,foreign correspondent
192343,rajput princess
192348,film geek
192381,maria callas
192389,rajah
192391,spinster
192392,poetess
192395,patsy
192412,greyhound racing
192413,milquetoast
192414,smoky mountains
192417,russian civil war
192334,hard boiled
192473,highwayman
192485,prize cow
192491,galley slave
192492,banksy
192514,beach party
192519,emigrant
192522,danish animation
192528,mimes
192530,barflies
192536,war dog
192544,donuts
192565,turkish
192588,the roxy
192589,the clash
192590,the damned
192164,canadian border
192210,online gaming
191820,nordic noir
191655,karma
192185,voice acting
192129,haunt
192090,brain injury
191600,assassination attempt
192344,marriage of alliance
191814,past life
191601,appalachian
191591,benji
192159,hindu mythology
192066,roast
191834,gothenburg
192342,mughal empire
192394,broken heart
192035,draft dodger
192241,disturbed teenager
191741,award
192227,working conditions
191881,research laboratory
191743,emotionally distant
192555,family dog
192261,bank job
191586,trapped in space
192279,usa history
192260,futuristic society
192591,the slits
192592,siouxsie & the banshees
192593,x-ray spex
192594,subway sect
192595,wayne county
192596,sid vicious
192597,johnny rotten
192598,suicide hotline
192606,nutrition
192609,supply train
192638,camel race
192639,pepsi
192643,pituitary gland
192655,guns
192656,influenza
192657,gold digger
192665,stevie nicks
192779,mount everest
192696,skyjacker
192698,shinobi no mono
192705,four-wheelers
192708,beer bong
192709,giant ice cream cone
192735,operation blue star
192736,everyday life
192738,yale
192742,vehicles
192743,the olsen gang
192747,gidget
192761,queer
192763,enslavement
192764,cave in
192767,mountain lion
193225,driven insane
192786,sweepstakes
192789,eating contest
192794,veterans hospital
192805,public relations man
192808,breach of promise
192824,female wrestling
192828,parking
192829,justin bieber
193282,dark secret
192839,excercise
192843,speed boat
192857,turkey farm
192865,burial ground
193223,film critic
192914,clans
192928,raised by dogs
192935,spartacus
192940,geography
192942,insects
192943,swarms
192955,confederacy
192993,red riding hood
193006,big oil
193009,soviet military
193015,ski lodge
193017,nuns
193025,planting a tree
193309,police shootout
193046,noodle
193049,estrangement
193068,killer bees
193078,bow hunting
193102,collapse
193103,chuck a luck
193104,jidaigeki
193114,natale
193115,capodanno
193119,sulmona
193128,robert pickton
193129,jonny quest
193143,winnie the pooh
193149,suspended animation
193217,body modification
192918,prehistoric man
193170,religious psychosis
193176,fish shop
193177,mara salvatrucha
193191,incredibile
193192,timothy
193194,glaciale
193196,deriva
193201,apprendista
193203,lancer
193206,tap dance
193208,promoter
193213,george washington
193226,madrid spain
193227,lunatic
193228,wife murderer
193237,child care
193261,draw bridge
193262,jester
193264,english police
193266,croupier
193271,young women
193275,devil's island
193278,deep south
193280,ziegfeld follies
192947,religious film
193284,freelance journalist
192945,american west
193295,disturbing
193300,one woman show
193301,sleeping on a couch
193305,dishonesty
193316,prostitution ring
193326,stagnation
193335,mankell
193345,prizefighter
193402,jean-claude vandamme
193410,queer cinema
193419,merchant marine
193430,street kid
193431,bizzare comedy
193434,guionista
193455,indigenous australians
193319,broken family
193461,stolen generation
193471,animated short
193479,hypothermia
193482,european championship
193083,shipwrecked
193500,james gang
193501,faulty ammunition
193502,saloon waiter
193506,wildcatter
193507,oil field
193509,mind reading act
193511,scarlet pimpernel
193021,cold blooded killer
193048,christmas spirit
192707,aqueduct
193132,symbiote
192762,religiosity
193460,mother child separation
193400,teen drama
193013,extremist
193008,red army
193412,harlem renaissance
192941,rift
192962,alien attack
193012,winnipeg
193067,beekeeping
192995,frog prince
193285,spy spoof
193171,sitcom
192966,passage of time
192706,soda
193263,old mansion
193490,loop
193167,wendigo
192987,protestors
193076,breadwinner
193110,locked room
193173,papua new guinea
193172,vignette
193515,american football hero
193522,rollerskating rink
193526,all star
193534,canadian army
193723,art museum
193546,siblings relations
193552,heroic mission
193548,teaching the ways of the world
194088,heart warming
193554,power relations
193572,housing shortage
193573,catherine the great
193575,b horror
194530,trans man
193603,white feather
193604,desert battle
193605,land rush
193607,shipboard romance
193608,traveling shot
193610,gun shop
193611,new york harbor
193617,dipinti
193643,music concert
193649,early sound film
193650,pickles
193659,splatterpunk
193662,soldier on leave
193663,marly horse
193665,con trick
193674,bathroom humor
193685,malayalam
193686,kerala
193692,city as place of sin
193694,livery stable
194402,paratrooper
193698,torture porn
193705,graft
193706,beer garden
193707,nouveau riche
193708,secret marriage
193716,kitchen sink realism
193718,golden mile
193719,missing woman
193720,russian peasant
193728,hidden loot
193730,khmer rouge
193754,talent search
193761,australian rules football
193765,brunswick
193787,nursing
193801,dauphin
193817,rollerblade
193828,southern literature
193833,shock jock
193879,dictaphone
193889,investment firm
193904,alternative lifestyle
193919,newsreel cameraman
193923,sorbonne
193924,adulteress
193933,comradeship
193982,modular
193985,bristol
193996,cole porter
193997,annuity
193998,beneficiary
193999,fatima
194001,royal wedding
194005,escape from a mental institution
194018,talent manager
194019,salesgirl
194020,living in sin
194021,andrew jackson
194022,confidence man
194023,railwayman
194024,river battle
194027,gun dealer
194043,police uniform stolen
194048,zanzibar
194062,wells fargo
194121,underemployment
194125,anonymous
194126,anti-capitalism
194127,anti-globalization
194138,random
194139,day by day
194153,commercialization
194154,sociology of childhood
194156,cirque du soleil
194160,tasmanian
194164,comedy show
194165,presidential elections
194170,televison
194180,literacy
194197,false flag
194203,hilton sisters
194215,multiple dimensions
194221,mutant baby
193907,evil alien
194228,salesmen
194230,malpratice
194231,earl
194254,ovarian cancer
194255,bradley fighting vehicle
194256,u.s. department of defense
194260,shoeshine boy
194265,comic strip artist
194273,hofmann
194282,himalayan mountains
194287,laid off
194288,transamerica pyramid
194310,killer children
194311,mexican island
194320,military coup
194401,war in europe
193545,young heroes
194409,the holocaust
193536,cyprus
194418,mail carrier
194421,rebirth
194435,special air service
194452,bosnian war
194470,queen victoria
194476,amelia earhart
194508,the shining
193695,visitor
194166,living abroad
193574,international intrigue
194161,tasmania
193760,australian outback
193749,folk
194281,shangri la
193513,kindertransport
194176,coastal town
194514,ernest hemingway
193682,married
193766,cyclone
194369,post-colonial
194300,dirty war
194000,strained relationship
194236,sorority house
194486,extraterrestrial life
193521,part animation
193876,black belt
194430,small village
194451,social issues
193533,vice president
193537,stage performance
194063,messiah
193594,"pittsburgh, pennsylvania"
193532,prankster
194341,cube
194292,internet culture
194258,shell
193614,verona italy
193549,eccentric family
194424,sengoku period
194531,natural gas
194533,hydraulic fracturing
194534,spanish–american war
194553,george armstrong custer
194568,alfred hitchcock
194576,julius caesar
194579,david
194581,geronimo
194583,harlan county war
195269,magical creature
194634,best
194643,scott hall
194687,gunboat
194702,snake dance
194703,glenda
194704,glenda kemp
194705,gauteng
194708,camelia
194713,post nuclear
194729,disco dancing
194757,turntablism
194775,african tribe
194777,nukie and miko
194778,nukie
194789,chautauqua
194799,anti-asylum
194825,doomsday device
194833,negro league
194834,amityville horror
194835,connecticut tobacco
194845,sister boy
194846,night club owner
194850,teruel
194867,psilocybin
194868,mdma
195624,black lgbt
194879,columbia
194884,psychos
194891,dr suess
194921,sexual dysfunction
194938,japanese folklore
194942,arch villain
194943,henchmen
194976,fur trapper
194978,film actresses
194988,drag racing
195729,stage play
195014,pratfall
195026,spiders
195031,snow skiing
195032,garfield
195279,television network
195166,life imprisonment
195193,guarani-kaiowá
195197,avós
195199,natal
195200,ceia
195201,velhice
195227,circus troupe
195239,travelogue
195593,physical disability
195242,clark kent
195243,bruce wayne
195265,socialite party
195268,door to door salesman
194596,lizzie borden
195304,grapes
195306,evil baby
195669,ecchi
195327,chaplain
195331,nuclear waste
195333,volstead act
195337,belgrade
195344,“boerewors western”
195345,transvaal
195365,synth-pop
195367,african mythologhy
195369,sex with a god
195371,desert wind
195373,vastness
195374,ritual killing
195378,dust devil
195384,nigerian community
195395,zimbabwe
195397,subterranean world
195402,film noir
195410,fundraiser
195418,glowing eyes
195426,kgb agent
195435,snake attack
195439,father's day
195444,motion comic
195463,canteen
195464,carcass
195465,boston cop
195478,continents
195506,gags
195516,missile threat
195517,missile launch threat
195522,arthaus
195526,supergirl
195529,pillage
195539,pulitzer prize source
195543,indecision
195550,entourage
195588,horror fans
195589,horror culture
195607,aria
195621,rust belt
195623,christmas time
194780,family man
195687,airline pilot
195691,ship launch
195719,wings
195726,broadway director
195730,self-help
195731,reality competition
195737,ship hijacking
195739,somali
195741,commando unit
195769,european union
195789,marriage broker
195790,noah
195819,beggar clan
195847,kids in peril
195858,satan worship
195870,tv documentary crew
195871,blood thirsty creatures
195878,legionnaire
195879,french foreign legion
195880,pt boat
195889,poor
195394,hidden civilization
195857,marine biology
195446,sword and planet
195396,archaeological expedition
195372,emptiness
195537,forgery
194985,national identity
194595,mccarthyism
195818,inner strength
195541,integrity
195784,optometrist
194998,curious
195323,evil dictator
195853,spiritual quest
194792,image maker
195862,naval warfare
195648,narcotics
195139,internment camp
195788,spacewalk
194735,western cape
195482,million in cash
195212,carpool
195012,synchronized swimming
195900,distillery
195162,record company
195222,nunsploitation
195693,convert
195732,ski
194801,authoritarianism
195910,encylopedia
195911,night club performer
195917,irrigation
195923,künstlerin
195926,komponist
195927,galgenhumor
195937,hypertext
195978,real sex
195986,terminal
195988,nude modeling
195989,nude dance
196058,difficult parents
196751,fictional biography
196001,educational film
196023,tractor accident
196042,spanish congress
196056,computer programming
196064,life coach
196067,blues rock
196084,all saints day
196085,all souls day
196096,nsdap (nazi party)
196110,social drama
196133,argentinian history
196134,pheasant
196135,eccentric artist
196137,british crime
196142,comedy of manners
196149,incredible bongo band
196150,michael viner
196171,health inspector
196172,food intoxication
196188,thought
196193,deutsche
196228,captain kidd
196243,will hay
196249,joe meek
196260,artificial heart
196267,bellhop
196269,false arrest
196271,stanley cup
196273,anti-nazi
196288,film
196296,loch ness
196297,spooky house
196300,melt
196315,helping animals
196320,computer dating
196325,andrew johnson
196332,walmart
196340,triads
196348,presidential visit
196363,clipper ship
196367,battle for survival
196374,shakespeare's romeo and juliet
196376,sci-fi thriller
196377,sci-fi comedy
196390,linux
196396,turnstile
196397,answering service
196401,cross country race
196402,all-star supporting cast
196407,environmental law
196414,tardis
196433,ruby
196441,gay culture
196470,ego consciousness
196478,cybersex
196483,space pirate
196484,ancient aliens theory
196497,scopes monkey trial
196498,joplin
196500,film buff
196510,mononoke
196511,wetness
196521,dual life
196541,pohádka
196543,mondo
196546,homefront
196548,mom on holiday
196549,children home alone
196557,mission to mars
196578,jalopy
196579,dodo bird
196581,lost child
196583,birdhouse
196584,water pump
196586,reference to snow white
196587,riding lawn mower
196589,upside down
196595,succession
196599,rebelliousness
196600,pacific northwest
196606,관상
196607,the face reader
196626,harrassment
196628,heterosexuality
196631,teasing
196637,bone car
196640,arab spring
196645,prank gone wrong
196664,high school dance
196671,wartime romance
196683,operetta
196690,stewardesses
196700,wedding day
196704,fear of losing
196706,sports arena
196711,pressure from the press
196712,egotism
196713,win at all costs
196717,shirtless men
196721,after hours
196722,trying to impress women
196724,hollywood agent
196726,celebrity cameo
196727,fantasy life
196730,locked in bathroom
196734,military enrollment
196742,small time thugs
196744,movie clips
196748,live life to the fullest
196769,foreign exchange student
196782,serial murders
196793,slapping scene
196794,clownphobia
196797,family disharmony
196799,chase scenes
196895,eating out
196896,making breakfast scene
196899,heroic rescue
196900,pink cadillac
196901,shopping montage
196904,extended family
196905,step siblings
196909,famous authors
196943,family exchange
196944,vegetarianism
196947,hospitality
196145,sattelite
196684,revolutionary war
196349,king lear
196672,gated community
196290,angola
196289,fort worth
196705,hospitalization
196164,ghosts of the past
196450,christmas story
196307,nero
196499,best man
195908,special ops
196509,youkai
196682,rich man
196779,virgin sacrifice
196911,estranged son
196321,doll factory
196564,costa rica
196630,ostracism
196949,cassette tape
196952,odd religious customs
196956,herbal remedies
196957,popcorn
196958,dating woes
197794,korean war veteran
196964,power of goodness
197092,social climbing
196982,casting spells
196983,underground cavern
196989,smashed window
196990,mysterious candle
196991,esoteric literature
196992,ominous tape recording
196993,real estate deal
196994,deadly sins
196995,unorthodox flashback
196996,broken doll
196997,hemorrhage
196999,let the punishment fit the crime
197002,hyeongsa
197003,형사 duelist
197013,raptor
197014,time portal
197675,economic problems
197057,fragrance
197077,cliques
197079,faded trends
197081,airhead
197084,having fun
197094,back stabbing
197100,sexual experimentation
197102,sports injury
197104,all girls school
197106,dead teenager
197107,goth girls
197110,teenage mortality
197111,rubies
197112,animaniacs
197113,sick relative
197114,wishing on a star
197122,cover girl
197123,subservience
197129,the odyssey
197130,epic poem
197147,bryce canyon
197170,memoirs
197154,street cleaners
197161,serial
197166,ivan the terrible
197195,space hero
197197,iggy pop
197198,patti smith
197204,adirondack mountains
197207,classic albums
197218,william howard taft
197220,drunken
197221,naxos greece
197222,xanax
197240,tunisia
197264,love tested
197278,gundam
197283,feudal lord
197284,mohammed
197301,nez perce
197307,teenage prostitution
197239,regeneration
197320,pyramid scheme
197321,community outhouse
197322,bucket of urine
197335,representation
197336,civil liberties
197339,hydroponics
197344,변호인
197359,cave woman
197362,x-ray
197363,headwaiter
197365,telekenesis
197369,california sound
197377,broadway actress
197381,braggart
197387,north america
197390,organ theft
197397,picnic baskets
197410,sleaze
197413,dunkirk
197434,team of criminals
197452,disk
197472,roommate relationship
197474,bonding
197486,female bully
197487,witness to a crime
197505,nymphomania
197508,erotic 70s
197514,provocative
197525,dominican
197526,enviroment
197528,traveller
197557,keith allen
197573,solitary
197574,new yorker
197576,mud wrestling
196953,community spirit
197591,roller skates
197602,denunciation
197606,regime
197618,racketeer
197619,foreign
197638,sattire
197642,fighter ace
197643,slave owner
197645,wharf
197671,black superhero
197702,day in a life
197706,fearless
197707,bleak comedy
197710,mind bender
197711,number stations
197746,cheater
197747,american diplomat
197748,media frenzy
197749,northerner
197750,business school
197757,public pool
197804,insurance detective
197808,fairground
197811,shock talk
197816,confederate spy
197818,tribal customs
197822,american spy
197829,head nurse
197870,philippine history
197871,illicit affair
197705,self-liberation
197153,"provincetown, massachusetts"
197492,psychology student
197521,innocent
197430,missing daughter
197708,mental disorders
197083,jocks
197319,giant dragon
197159,founding fathers
196986,haunted hotel
197297,struggling career
197088,revenge plot
197314,sexually transmitted disease
197063,jurassic
197050,troubled relationship
197810,sugarcane
196955,healthy food
197345,cartoon bear
197823,lonely
197194,alien friendship
196987,voodoo doll
196984,dimensional travel
197644,pearl
197743,bank employee
197758,female sexuality
197349,children's story
197361,hairstylist
197880,believe
197885,men disguised as women
197891,lightning stom
197892,crime drama
197899,prison film
197914,marriage equality
197919,tbilisi
197928,laurel and hardy
197936,mumbo jumbo
197937,unsubstantiated claims
197941,auschwitz-birkenau
197950,flight of fancy
197951,time of war
197952,scandinavian
197955,honest cop
197988,sportswriter
197990,mega corporation
197997,steel town
197999,room service
198000,k horror
198010,evening gown
198015,experimental surgery
198024,arts and crafts
198047,little town
198058,소원
198070,감시자들
198072,fight on train roof
198076,money belt
198096,miss marple
198102,frankenstein's monster
198129,episode film
198141,strange person
198160,lower canada
199350,depressed mom
198187,stemp
198225,religious delusions
198231,찌라시
198232,위험한 소문
198233,찌라시 : 위험한 소문
198244,chicago cubs
198245,soar into the sun
198246,알투비 : 리턴투베이스
198250,돈의 맛
198251,the taste of money
198259,하울링
198262,부러진 화살
198270,parrots
198271,intelligent animals
198308,오싹한 연애
198312,카운트다운
198318,auctioneer
198319,fake ghost
198331,vengeful spirit
198333,alternative history
198334,part fiction
198335,docu fiction
198336,ugly shirts
198343,observation
198358,vicious dog
198362,broadway actor
198364,lost island
198385,hentai
198400,music documentary
198410,renaissance fair
198419,marquis
197940,stray dog
198431,drive in movie
198435,sfx
198438,elite club
198441,fingers
198471,off season
198483,caffeine
198492,set on fire
198507,tibetan
198508,tibetan refugee
198518,insectarium
198536,hmong
198541,air marshal
198588,lbgt
198634,warpath
198643,aviatrix
198649,venus
198670,tortured
198678,religon
198680,tuscany
198710,yoda
198719,nt live
198724,serie b
198735,klondike gold rush
198738,savage
198744,kubrick
198756,aladdin
198774,arsene lupin
198776,seven days
198777,mature woman
198778,last job
198780,obedience
198781,science experiment
198168,pre-teen
198856,french countryside
198860,stolen treasure
198910,child smoking cigarette
198912,riding freight train
198914,institution
198929,adult as a child
198955,exams
198962,run
198967,tiny home
198998,unlawful
199024,newpaper
199029,dealer
199040,strip
199047,zone
199050,player
199063,seduce
199073,wife murder
199076,disaster movie
199080,bank robbery attempt
199081,panama canal
199093,trouble
199134,feynmann
199135,challenger tragedy
199156,billion dollars
199217,coins
199221,stolen
199226,mother love
199236,mad dog
199239,storyville
199248,death of a musician
199262,telenovela
199264,house-sitting
199289,movement
199298,teensploitation
199321,james brown
199327,classified ad
199356,veggietales
199364,rehab
198433,frostbite
198158,illegal
197935,charlatan
198754,feudal japan
199320,computer scientist
199322,recurring dream
199157,fake commercial
198982,off the grid
199123,northern lights
198585,female boxing
198421,military hospital
198688,trumpet player
199079,psychological disintegration
197927,toy soldier
199214,mental
199165,self confidence
197963,renaissance
198944,school newspaper
198673,unemployed
198035,petrified body
198923,saints
198500,sickness
197915,kabuki
199065,physics professor
199232,jeweler
198631,opportunity
199274,arrested
199371,bruceploitation
199373,life during wartime
199388,cinematography
199391,pimps
199399,infiltrate
199483,conviction
199518,corrupt
199602,obscene
199526,psychiatric
199531,commentary
199553,outgoing
199582,misleading information
199600,call
199622,political humour
199623,religious humour
199630,clean comedy
199645,crime of passion
199658,knockout
199659,bookmaker
199664,trial marriage
199793,busker
199688,african american comedy
199690,urban comedy
199717,heavyweight champion
199722,sculpturing
199723,sex trade
199756,wunschkind
199758,pornography addiction
199764,family disapproval
199778,princess diana
199794,kaidan
199835,sliver pen
199850,philanderer
199856,lower east side
199861,putin
199892,stage manager
199903,reference to jesus christ
199904,schooner
199910,riveter
199911,drag kings
199947,confronting the past
199955,gun in safe
199971,swamps
199974,neo-nazis
199978,stigmata
199981,hill
199984,land theft
200008,computer tape
200054,emotionless
200095,martian invasion
200128,dalmatia
200148,inbreeding
200160,bandy
200189,gunpowder
200201,snowplow
200216,self acceptance
200220,tragic male character
200223,depth charge
199660,fall from grace
199656,white woman
200243,diy culture
200247,swedish american
200265,invasion of earth
200282,chorus girls
200283,diaper
200286,wild
200298,surrealistic
200343,complications
200347,filmed on location
200350,ford model t
200353,amateur actor
200388,oslo norway
200402,camels
200413,space elevator
200425,stove
200433,man dressed as woman
200452,question
200464,gespenst
200465,air show
200470,mass tourism
200502,shinobi
200510,gate
200523,bull arena
200529,trying to escape
200557,morse code
200558,frozen body
200561,heavy water
200565,wellington
200567,zumba
200591,detroit pistons
200636,suit
200645,brunch
200646,bowling ball
200647,car radio
200662,night court
200671,hat check girl
200683,suicide jump
200684,levirate
200685,jewish woman
200690,matriarchy
200695,vaudevillian
200711,granddaughter
200715,feather
200739,driveway
200753,play within film
200760,premiere
200777,motion pictures
200784,detox
200790,horseracing
200802,cyrogenics
200803,developer
200815,interstate
200828,luxembourg
200830,double jeopardy
200907,messages
200908,evicted
200808,negotiation
200969,incubus
200981,buried
200129,summer romance
201019,fallout
201026,attractive
201028,depravity
201056,illogical spaces
201058,foreshadowing
201061,magical girl
201063,social science
201065,western society
201066,social structures
201067,ervig goffman
201068,analysis
201071,ritualized cultural performance
201073,subordination
201074,infantilization
201077,mason
201110,indiana pacers
201111,new york knicks
201120,ginger
200276,direct cinema
201064,hierarchy
201164,squad
201072,objectification
199939,cocktail party
199812,nobleman
201069,commercialism
200682,return of son
200400,occupation
200719,window dresser
200883,classified
200957,degenerate
200725,phenomenon
201156,debut
201168,baby monitor
201137,compound
199814,sorceress
200349,immigrant family
200285,horsemanship
200407,mind alteration
200055,synthetic human
201070,gender ideals
200460,connected
200574,motel room
201125,detached
199551,insane
201195,parisian
201200,clandestine
201243,rules
201269,trendy
201270,shallow
201272,international
201284,production
201294,hypertrichosis
201314,donor
201315,lungs
201363,weimar germany
201385,confidence game
202519,j-pop
201460,mechanical lifeform
201461,robot vs robot
201484,complication
201490,flirtation
201497,arabic
201512,aristocratic
201535,hercule poirot
201536,shipboard
201548,family gatherings
201554,crossdressing
201635,power rangers
201676,swiss
201680,mystical
201689,year
201696,heartache
201712,climber
201715,hikers
201725,strong
201768,cinéma vérité
201774,captured
201785,locals
201820,hiphop
201834,avocado jungle
201858,struggling
202760,hopeless
201867,lead
201870,invite
201871,dare
201885,pressure
201906,belly
201911,agency
201927,brutal
201930,leisure
201945,siglo xvi
201947,prehistory
201950,anachronism
201951,crossover
201952,pikachu
201956,giant octopus
201968,pacific palisades
201973,warhol
201990,miners
202041,steal
202043,historic
202085,kids music
202186,rollercoaster
202188,sensurround
202196,extreme rules
202199,trepanation
202203,modernisation
202210,dimension
202217,temptress
202291,totem
202296,analyst
202333,space prison
203286,network
202398,paint gun
202401,experience
202407,unsimulated
202409,chanbara
202420,pickup
202423,knoxville
202429,fired
202491,kunoichi
202494,panthers
202506,legal
202518,pacquiao
202526,lex luthor
202540,origin
202551,schizophrenic
202553,condition
202558,soho
202560,circumstance
202572,necrophile
202597,level
202599,virtual
202620,megalomaniacal
202644,voices
202648,fragmented
202649,psyche
202661,destination
202666,unfaithful
202682,lured
202692,issues
202703,deadly
202715,imperial
202716,crucified
202720,continuum
202723,powers
202735,help
202739,genetic enhancement
202764,dolls
202816,bruce banner
202579,retreat
202873,poor kid
202882,weird
202898,edwardian
202912,alexandre dumas
202957,skills
202959,constructs
202967,afterworld
202968,eurospy
203061,offender
203063,banned
203102,robinson crusoe
203113,collision
203117,papers
203121,idea
203136,information war
203139,estafa
203142,poor class
203154,ibm
203165,dredd
203172,grumpy dad
203175,south park colorado
203215,label
203220,gig
203223,mighty morphin power rangers
203224,mmpr
203258,underpass
203287,anchor
203289,structure
203291,rant
203344,petrol exploitation
203358,the beach boys
203399,shouwa period
203423,masked hero
203476,wax
203502,gamera
203519,europa
203525,board
203528,stocks
203579,report
202056,avenge
202550,substance
202956,tuner
202541,silver surfer
202396,military operation
203322,dramedy
201713,isolated
201769,observational cinema
202314,robot fighting
202958,mechanical
203471,telekinetic
201986,goo
202647,humanity
201388,confidence artist
202098,criticism
203493,domineering
203360,psychotherapist
202322,imaginary
202621,chaotic
201283,broadcast
201674,sanitorium
202399,cartoonist
201775,killed
202623,mind
202335,alchemist
203586,vicious
203673,remand
203675,peers
203688,electro
203699,mad hatter
203702,mr. freeze
203703,power girl
203704,captain atom
203722,commissioner gordon
203761,don
203800,persona
204009,tourism
203895,nobody believes
203897,drogodependencia
203985,green arrow
203995,font
203998,slovenia
203999,bell maker
204004,orbit
204006,energy company
204017,suspicious death
204018,pool attendant
204021,leo tolstoy
204035,different worlds
204047,rpg
204052,rodent
204060,monarch
204061,blue division
204062,housework
204071,prince albert
204090,bears
204091,shapes
204102,gargoyle
204125,prison laundry room
204126,secret entrance
204132,messi
204133,lima
204151,keg
204160,ondine's curse
204166,dvd extra
204169,charter
204171,kanarieöarna
204174,sheriff's badge
204175,fried egg
204177,blood shower
204182,polar flip
204183,crimea
204222,spongebob
204232,nightwing
204233,ethnographical
204241,burgundy
204262,film editing
204264,russian novels
204265,tickets
204267,heart trouble
204282,press gang
204293,babylon
204298,loss of a child
204302,bubble
204303,pupil
204312,loincloth
204313,bach
204315,quiet riot
204364,helter skelter
204368,thai legend
204373,thai horror
204374,love story
204375,hong kong movie
204383,overflowing with imagination
204404,colonial india
204699,eating with chopsticks
204725,guyana
204836,selma
204841,statistics
204894,george lucas
204902,euskal zinema
204904,exploding boat
204912,airbag
204914,light saber fight
204938,supersonic jet
204942,walnut ranching
204949,hongseong
204204,identity theft
204951,sevdah
204159,hurricane katrina
204016,child loss
204970,east end of london
204971,allnighter
204973,wigan casino
204975,lost world
204977,bilbao
204979,limelight
204980,club kids
204981,the bowery
205267,rubber duck
204425,death metal
205304,german politics
205326,western front
205349,space camp
205399,muscle car
205585,insubordination
205598,stolen jewelry
205602,thai drama
205603,korean movie
205621,the flaming lips
205624,ozploitation
205631,eviction notice
205634,clubs
205643,chinese movie
205710,bomb threat
205726,fear of unknown
205731,invisible woman
205739,invisible barrier
205740,force field
205766,political killing
205771,animal spirit
205781,beat generation
205834,textbook
205838,naked man
205839,formalness
205843,dissatisfied woman
205844,treacherousness
205845,competition in a family
205846,indecent talk
205847,taking offence
205849,odd crowd
205852,mind transfer
205853,quantum computer
205854,mind uploading
205966,family planning
205971,german spy
205975,mash up
206008,hourglass
204170,gran canaria
204173,racial issues
205848,communicating via phone
205614,picturesque
203857,penthouse
204701,pulp
204353,identical twin
204402,free diving
203593,canine
205733,small town murder
204055,black widow
204146,nuclear catastrophe
204703,father daughter conflict
204390,cosmos
204359,usurper
205607,unlucky
204110,fake pregnancy
203672,care
204207,sexual relationship
205850,turn of the century
205376,haunted apartment
204318,exoskeleton
205840,making peace
203878,irish music
203624,physical deformity
205685,animal cruelty
204134,human interest
204357,cardinal
204152,real life
204352,iron mask
204019,republic of chad
206032,theatre company
206039,analingus
206443,oxford university
206042,based on bible
206046,furries
206052,talking pig
206071,bamboo
206082,unexploded bomb
206086,declared dead
206087,crooks disguised as cops
206118,dogma
206125,montenegro
206150,dialect
206163,cable tv
206166,anime style
206182,iron cage
206183,ciircus
206187,signal
206189,chinese culture
206201,ford
206204,corsica
206210,josip broz tito
206214,pannonian plain
206225,education system
206231,war game
206239,wallander
206243,category iii
206263,hipersexualidad
206266,war games
206281,alien fugitive
206282,advocacy
206283,cape verde
206288,booklet
206295,terrorized
206304,mfs
206311,pennsylvania coal miner
206312,typhoid
206318,cholo
206319,lowrider
206328,iphone
206334,badminton
206358,reefer
206364,anti authority
206369,live recording
206384,desertion
206397,rainer werner fassbinder
206411,john cazale
206436,clamp
206439,card
206447,haunted school
206464,strange science
206467,race car crash
206472,masterpiece
206483,zodiac
206491,greek god
206512,public education
206184,runaway teen
206525,conscience conflict
206528,nine elms
206530,distress
206535,haunted manor
206542,backyard wrestling
206544,bomb attack
206546,drinking weekend
206549,genre film
206558,guitar case
206568,firm
206569,west ham united
206570,banana plantation
206571,bride in black
206574,porno filmmaking
206581,venezia
206582,josé ignácio
206671,city life
206585,wacky gadgets
206586,spaceship mechanic
206625,loan procurement
206628,andean
206632,motive
206642,homicidal maniac
206646,thick accent
206230,eutanasia
206648,burning car
206649,philosopher's stone
206650,french accent
206651,rapping in a car
206665,greatest
206666,ultimate
206669,kicked in the shin
206545,young couple
206674,tights
206679,dance-off
206681,docufiction
206686,righting the wronged
206687,chases and races
206690,mind and soul
206695,master warrior
206700,fighting crime
206701,criminal heroes
206702,tough heroes
206704,confined
206705,chaos and mayham
206706,human nature
206707,track down
206709,unfulfillment
206710,dangerous animal
206075,tv news anchor
206715,love and romance
206717,unlikely parents
206718,cons and scams
206735,misfit partners
206713,master servant relationship
206737,getting home
206738,inventions and discoveries
206741,driver's test
206750,transgression
206751,pseudo documentary
206752,naziploitation
206791,supersonic flight
206792,dream like experience
206793,russian emigre
206794,melting pot
206798,sci-fi fan
206809,miraculous event
206810,imaginary kingdom
206811,life turned upside down
206812,nothing goes right
206813,supernatural ability
206828,pacific  ocean
206297,self consciousness
206696,contests and competitions
206626,perception
206597,stage musical
206438,sixth grader
206711,obsessive quest
206219,captivity
206162,obscure
206081,london blitz
206044,fracking
206529,emergency
206437,shoujo
206091,adrenal gland
206051,goats
206119,macedonia
206298,young adult
206207,animal welfare
206694,master villain
206691,buddies
206160,irish immigrant
206584,"istanbul, turkey"
206716,unfulfilled love
206782,house guest
206720,teenage life
206692,daring rescue
206416,cable car
206441,pro wrestling
206212,ufo conspiracy
206576,death of girlfriend
206191,stardom
206829,drug culture
206832,drag racer
206833,preppie
206836,hippy
206839,false evidence
206841,working women
206850,canuxploitation
206853,wellbeing
206863,waiting
206865,latvia
206872,latex
206910,soft core
207419,infected
206919,alphabet
206921,single take
206925,indycar
206926,scca
206930,strippers
206934,clinton
206938,caucasian
206947,probation officer
206962,tollywood
206964,bangalore
206968,beaver utah
206977,hitchhike
206978,nightshirt
206981,vaudeville performer
206988,contemporary fantasy
206995,equestria girls
206999,troupe
207003,mythological
207009,hip hop culture
207010,dance teacher
206887,"seville, spain"
207056,rambler
207057,ill wife
207058,carer
207063,make believe
207064,pretend
207065,research facility
207069,behavior
207077,compulsive gambler
207240,murder trial
207105,space and aliens
207106,benign alien
207107,golden years
207108,uncover truth
207110,mysterious character
207112,murderous pair
207121,lordi
207125,all-american
207128,mafia family
207147,státní bezpečnost
207148,stb
207149,state security
207151,tie-in
207155,buster keaton
207157,avro arrow
207161,panzehir
207182,the durango kid
207183,royal canadian mounted police (rcmp)
207187,reference to gauguin
207190,drug syndicate
207193,rothschild
207194,financial empire
207197,mistaken for jewish
207199,police department
207209,matt helm
207239,army nurses
207242,dance act
207244,publicity man
207245,tall tale
207251,worst movie ever
207252,malick
207254,caballos
207255,salvajes
207265,faked pregnancy
207390,missing body
207269,food truck
207272,fake believers
207276,woman dressed as man
207292,topless dancing
207294,peeing
207298,whipped cream
207299,obscene telephone call
207303,war against society
207313,ray of light
207126,homecoming queen
207374,saxons
207388,assayer
207392,grabbed from behind
207394,secret cargo
207399,october
207317,christmas
207404,premature burial
207405,poverty row film
207409,bodily possession
207411,monkey king
207412,balkan
207414,pilot school
207416,concord
207417,richard rodgers
207428,desert warfare
207436,westboro baptist church
207437,hate mail
207441,unhappy
207443,dead end job
207444,morality tale
207445,prison life
207446,comedy of errors
207449,humphrey bogart
207457,celebrity roast
207458,national debt
207459,financial
207468,app
207476,dingo
207492,night of the living dead
207506,trash
207507,puppet film
207514,rock and roll star
207526,drawing room
207538,rare stamps
207539,funk
207554,beta ray bill
207555,077
207557,docks
207560,thunderbirds
207567,satyr
207569,human subjugation
207583,actress
207585,life origin
207447,librarian
207603,girls
207636,african community
207573,cine quinqui
207379,electronic music
206845,violent fantasies
207059,white collar criminal
207525,grieving father
207515,dominance submissiveness
206959,global threat
207156,family hostage
207078,magazine editor
207031,stonehenge
206888,andalucia
207527,upstairs downstairs
207257,renaissance painting
207011,secret laboratory
207413,cabbie
206834,mischievous children
207263,bored housewife
207089,nativity
207431,murder suspect
207528,trapped underground
206958,special agent
207159,escaped killer
207556,blind man
207597,children's perspectives
207638,dream alliance
207639,grand national
207640,welsh
207646,edward snowden
207647,deserted house
207651,partner in crime
207691,abuse
207665,faithful husband
207668,whip duel
207671,episodic structure
207673,freak
207676,roller blades
207678,human prey
207679,troma
207681,macguffin
207682,off-broadway
207684,canadian history
207685,flq
207686,october crisis
207761,cyclist
207699,gaucho
207705,cuisine
207712,brick
207715,tall tales
207716,actor
208043,bar exam
207726,lousiana bayou
207727,summer theater
207888,female bodybuilder
207745,llama
207746,moll
207747,american ninja warrior
207750,cabin boy
207758,berlin airlift
207760,illegal border crossing
207764,tribal law
207765,wife beater
207915,white supremacists
207768,professional ethics
207769,grotesque
207770,stomach
207771,snowmobile
207774,disinherited
207775,blacksploitation
207783,domineering wife
207784,rendezvous
207792,reiki
207819,accident
207803,prodigal son
207804,ice cube
207807,erotic fantasy
207813,brendan ocarrol
207818,brick making
207820,thatcherism
207693,return home
207833,making money
207834,pet owner reunion
207837,hammer films
207839,leper
207840,poor people
207841,chemical disaster
207845,bumbling cops
207847,matt scudder
207849,brigade
207874,crack house
207877,finding love
207881,toilet seat
207722,foreign immigrants
207884,fetus
207887,late for work
207891,walking dead
207892,dentistry
207895,topper
207896,chemistry professor
207899,snooping
207912,leon trotsky
207914,murder of son
207917,ozark
207921,small time crook
207922,stolen jewellery
207923,tout
207926,caboblanco peru
207968,judiciary
207935,manslaughter
207936,big heart
207876,1920s
207938,sapphire
207939,figher airplane
207942,icelandic
207944,beach bum
207948,cross country running
207967,police protagonist
207969,brisbane queensland
207970,female drummer
207973,afi
207974,finger wiggle
207976,gorillas
207979,molecular biologist
207981,south
207992,under duress
208005,statue
208008,shootout at a train station
207696,banshee
208012,horror host
208013,laundry drying on clothes line
208015,conceptual art
208024,headless horseman
208032,school paper
208033,sports hero
208038,belly dancer
208039,silent movie theatre
208040,cotton picker
208048,cannibalism
208051,building a wall
208052,gangster grip
208054,old
208059,creating
208079,jewish boy
208080,passion play
208081,stunt pilot
208085,population control
208090,mayan
208108,arms smuggling
208109,intellectual impairment
208110,porch
208112,land baron
208115,coal miner
207901,political prisoner
207984,expelled from school
207972,lonely man
207776,feelings
207867,seige
207999,determination
208053,exploding helicopter
207637,peckham
207695,japanese mythology
208018,infanticide
207825,connection
207850,workshop
208036,wedding plans
207930,childhood love
207989,struggles
207941,17th century
207800,waiting room
208067,imperialism
207902,brain implant
207988,hustling
207656,mini submarine
207863,engaged couple
207717,"acapulco, mexico"
208095,sweat
207658,secretary of state
207793,aversion
207964,aspiring architect
207898,accused of murder
208070,highlands
207844,college student
207925,wanted
208117,lew harper
208123,french and indian war
208125,alimony
208126,crown jewels
208138,hun
208142,horns
208143,park bench
208146,baton twirling
208548,manchester
208162,mutated
208167,psychiatrist patient relationship
208171,refused services
208172,prison wagon
208174,buffalo skin
208177,mummified bodies
208178,human taxidermy
208185,tween girl
208186,unsuccessful
208187,rutherford hayes
208192,houdini
208199,chrysler imperial
208205,russian woman
208208,state prison
208210,rich husband
208260,commandant
208220,destructive
208221,quit
208223,fortune
208233,dr. gillespie
208234,marrakesh
208235,cleaning service
208170,abusive marriage
208330,rodeo cowboy
208264,emotional blackmail
208277,family affairs
208282,gospel singer
208316,worry
208290,pentathlon
208292,hostle takeover
208297,art documentary
208303,public information
208304,cremation
208306,teetotaler
208307,forbidden hollywood
208313,death personified
208314,action heroine
208518,burial
208318,slasher spoof
208322,pontiac
208331,criminally insane
208333,otter
208335,miami beach
208337,lost race
208339,mad family
208340,latino lgbt
208341,it burns
208344,dysfunctional
208384,black youths
208350,evil children
208359,frances farmer
208361,the love bug
208365,new guinea
208369,dr. phibes
208371,corn plantation
208376,willing to be murdered
208383,oscar wilde
208385,sleeper agent
208388,plot to kill
208390,lgbt elderly
208394,logician
208395,cryptography
208396,cuban refugees
208364,missing husband
208399,first anniversary
208403,celebrity photographer
208404,bull fight
208411,bonnie parker
208412,wagon master
208413,murder disguised as suicide
208416,underwater city
208417,newsboy
208418,waking from coma
208422,paula dupree
208424,member of parliament
208433,pleasure
208442,recovery
208443,zumaia
208448,davy crockett
208449,reggaeton
208450,life competition
208455,malcolm x
208461,record deal
208462,popular
208463,pawns
208466,german colonialism
208469,radio psychologist
208470,chastity
208471,ashram
208473,expert
208477,narcissistic personality disorder
208480,men in black
208491,bikies
208498,youth center
208500,boys town
208501,troop ship
208502,loyal
208503,liaison
208504,confidant
208505,cattle empire
208507,alternative universe
208509,national lampoon series
208510,old men
208511,japanese school girls
208513,anxiety
208514,conjoined
208515,siamese
208517,elitism
208523,japanese film
208526,insect
208530,bad guy
208534,darkman
208535,graduate student
208540,war criminal
208542,life
208544,tofu
208547,nuclear device
208553,wigs
208315,fake wedding
208323,speech writer
208176,immigrant experience
208147,czech republic
208155,hunting party
208293,wood
208476,starting over
208456,wmd
208358,conquest
208460,bag
208179,environmental issue
208400,foster care
208421,american tourist
208127,intruder
208445,virginity
208370,traumatic childhood
208262,lottery ticket
208275,socially awkward
208321,absent minded
208271,underage prostitution ring
208263,winning lottery
208173,lost in the desert
208280,accident victim
208508,murder plot
208283,failing business
208273,sale
208368,divorced couple
208278,hidden treasure
208426,shamanism
208402,political figure
208467,dinner date
208519,blame
208327,zealous
208555,evil priest
208560,rumpelstiltskin
208561,pharmaceuticals
208563,santa barbara california
208565,revolutrion
208567,canvas
208568,port city
208575,cable guy
208577,motivational book
208578,sunshine coast
208590,barn raising
208592,floppy disk
208593,interior decorator
208599,fight manager
208606,traffic school
208607,traffic court
208608,manure
208720,family estate
208612,poliziotteschi
208613,eurocrime
208630,counterterrorism
208632,cannes film festival
208788,medical drama
208634,town gossip
209044,white supremacy
208636,ashtray
208640,lifetime
208642,drive in classic
208644,federal government
208645,telephone conversation
208653,oz
208663,fan convention
208664,beautician
208669,mali
208674,irish traveller
208678,anorexic
208681,knight templars
208683,dowsing rod
208693,unity
208703,rebellious teenager
208708,bullet ballet
208709,columbia university
208710,picasso
208719,secluded
208721,summer school
208723,inner peace
208725,irish catholic
208726,expressionistic
208728,special education
208731,world war iii
208737,rejuvenate
208742,nigerian
208744,admissions
208756,changing history
208747,septuagenarian
208764,fiancée
208766,poor woman
208768,employment
208772,home detention
208773,host
208780,lakota
208820,olympic athlete
208787,newcomer
208790,sudanese
208792,streets
208793,romantic entanglements
208795,bad mother
208797,homeless teenager
208802,boating trip
208805,dmt
208806,life of crime
208821,mumie
208840,malfunction
208842,decapitated
208849,biological disaster
208856,flame thrower
208870,cybersuit
208570,aristocracy
208591,abortion
208904,war on crime
208911,shipping
208913,spanish music
208914,cult of personality
208916,movies
208918,animals gone wild
208919,slugs
208928,falco
208931,hall of fame
208936,gulf war vet
208941,johnny worricker
208942,southern sasquatch
208943,fouke monster
208953,rubber chicken
208954,lurker
208957,spors
208965,carnies
208973,night out
208974,nursing school
208979,hebrides
208878,british intelligence
208981,television set
208984,jesse stone
208930,radio dj
208997,bureaucrat
209001,the factory
209003,gentile
209005,boring
209009,federal reserve
209012,riedrich schiller
209022,massage therapist
209026,hero trio
209027,artificial
209035,loss of sanity
209036,progressive party
209037,nomination
209039,mental health clinic
209045,video dating
209047,raunchy
209049,banda della magliana
209053,rosh hashanah
209063,motor neuron disease
209064,columnist
209065,baskeball
209069,sold into slavery
209070,abolitionist
209071,child like
209072,sputnik
209073,space carrier
209074,drug trafficker
209076,siam
208841,incident
209051,adopted son
208847,out of control
208736,bugs
208975,nomad
208666,dignity
208874,sea lion
208584,scholar
208688,italian renaissance
208873,acceptance
208637,turbulence
208556,mother daughter reunion
208586,acting
208983,probation
209032,dental torture
208662,kangaroo
208891,portmanteau
208580,acid
208774,acrobats
208712,greenland
208673,starving child
208819,nightlife
208799,transphobia
208705,fairy godmother
208748,hookup
208633,u.s. secret service agent
208915,celebrity worship
208908,gaza strip
208692,mountain man
208647,activist
208998,shopping spree
209077,flautist
209091,big sur
209092,killer crocodile
209093,leitmotif
209094,feudality
209098,fatal disease
209101,celebrity lawyer
209102,irresistible
209106,funerals
209117,mass child killing
209119,horse trader
209125,gourmet
209126,caucasus
209129,textile company
209301,excess
209135,coast
209138,expelled
209140,negotiator
209141,followed
209100,overalls
209146,moors
209152,science run amok
209157,childhood sweetheart
209159,salon
209164,property development
209172,corporations
209173,abandoned
209192,puck
209194,addams family
209205,post war life
209206,southie
209212,stick figures
209216,christmas present
209218,summer stock
209789,day of the dead
209221,arctic circle
209222,misfortune
209225,extradition
209228,european adventure
209229,telephone marketing
209232,yitzhak rabin
209233,yigal amir
209234,british fleet
209240,shooting gallery
209267,fox fairy
209271,live action
209273,cartoon monkey
209300,pack of money
209305,german agent
209306,cantina
209308,time share
209309,adriatic coast
209310,evil law office
209317,swiss family robinson
209321,hanukkah
209322,lettrisme
209324,regiment
209330,sociologist
209333,art film
209334,newspaper columnist
209339,mining accident
209342,ballroom
209346,how to
209347,furlough
209349,darth vader
209358,acab
209359,vaudeville actor
209363,salt lake valley
209525,mysterious past
209366,graduation speech
209367,college initiation
209375,pierino
209476,boxing
209387,inanimate objects coming to life
209406,cabaret performer
209409,abraham lincoln
209410,inscribed ring
209412,dental care
209415,tribal people
209417,parental advisor
209420,neptune
209422,oskar luts
209423,small town milieu
209426,bell ringer
209434,headless
209455,cordillera huayhuash
209461,silo
209474,holidays
209482,sagen
209489,ski shop
209492,digibox
209493,21st century
209500,intimate family portrait
209501,understudy
209502,sherpa
209504,karakoram
209506,college freshman
209517,messenger
209518,health education
209280,deep space
209548,deutschland
209562,reneactment
209563,bride-to-be
209564,greta garbo
209570,end of times
209572,new year
209574,regaining sight
209575,high wire
209576,metal band
209592,holy week
209595,mitochondria
209618,baton rouge
209631,englishman
209634,holland tunnel
209639,sitter
209642,smithsonian
209646,mental problems
209649,wizard of oz
209662,killer fish
209666,based on light novel
209680,gunvald
209681,beck
209682,martin
209691,penanggalan
209700,boxer hero
209701,tv crew
209714,3d
209734,mocumentary
209748,war machine
209756,agent coulson
209777,derek flint
209778,super spy
209790,bullfighting
209791,back stage
209793,infotainment
209798,mother earth
209341,mining camp
209674,moody
209107,south london
209788,girl scouts
209364,brigham young
209365,history of india
209473,soviet propaganda
209421,rabits
209619,aborigine
209139,far west
209223,multiple sclerosis
209411,toothache
209134,brigate rosse (red brigades) terrorist group
209282,french alps
209352,st. patrick's day
209586,awkward
209672,jewel robbery
209404,handyman
209090,unwed mother
209121,lung cancer
209118,woman in peril
209085,shoplifter
209560,aboriginal
209095,con woman
209197,unlikely hero
209096,forger
209087,alternative rock
209803,family saga
209809,posh people
209811,slumlord
209812,criminology
209818,asgard
209822,iron patriot
209823,extremis
209837,death incarnate
209838,acapella
209849,american mafia
210090,lego
209856,visual storytelling
209884,frat boy
209887,track star
209893,jungle girl
209902,evil dwarf
209904,musical guest
209906,reprisal
209907,candlestick
209940,village people
209942,gender confusion
209945,tom boy
209949,the elite
209962,dead friend
209966,new german cinema
209974,cute
209979,isle of man
209981,dadaism
209983,romanian new wave
209984,cinema novo
209985,hong kong new wave
209987,new mexican cinema
209992,japanese cyberpunk
209996,abba
209997,iranian new wave
209998,japanese new wave
210001,robotics club
210002,car parts
210009,wallace & gromit
210012,mumblegore
210017,blood bank
210019,old maid
210034,gnu
210036,missing link
210080,stockholm archipelago
210081,woman undressing a man
210083,south of france
210084,empire fashion
210106,chambermaid
210107,vow
210108,perth
210110,fishing poll
210111,dollmaker
210121,vegetables
210137,christian propaganda
210163,dire
210174,soup
210175,soup kitchen
210183,midlands
209817,political thriller
210187,puppies
210190,turboman
210191,navidad
210193,kinshasa
210200,english garden
210205,entertainment
210213,bruce springsteen
210216,australian new wave
210224,henry ford family
210229,taoism
210234,man eating plant
210237,power glove
210245,bmw
210295,classmates
210252,trail running
210254,svengali
210267,sea air
210268,long weekend
210277,death train
210284,off screen rape
210285,exsanguination
210288,police woman
210304,college love
210313,action
210324,decay
210327,african customs
210328,yihad
210329,sharia law
210346,wookie
210347,revenge drama
210351,friendship drama
210352,love drama
210367,loneliness in space
210371,garlic
210373,stolen bonds
210376,marretas
210381,nudie
210383,coding
210385,dramatization
210386,man on the run
210399,steel
210410,sinister
210414,unfinished film
210415,z movie
210419,monster trucks
210427,der dicke
210429,oxygen tank
210432,taken
210449,libertarian
210454,airlifting a piano
210455,small community
210468,wingman
210469,charlie brown
210486,colorized
210488,action figures
210494,archangel michael
210501,tragicomedy
210503,circus act
210504,liberia
210520,car culture
210529,pierrot
210531,thai boxing
210541,apathy
210547,kite
210597,orlando
210603,fire department
210281,sisterhood
209941,death of best friend
210610,world politics
210085,georgian or regency era
210615,children in communities
210616,children's experiences
210619,tokyo tower
210621,mosura
210634,russian cinema
210635,huang feihong
210638,bp
210651,aaron swartz
210653,strick father
210162,grim
210094,nazi propaganda
210326,"chernobyl, ukraine"
210026,college reunion
210039,gender identity
210214,sasquatch
210450,noah's ark
210112,skype
210649,cyber bully
210589,searching for love
210459,summer cottage
210051,disgraced
210037,wooden dummy
210018,half sister
209911,shoemaker
210592,secret military program
210311,ancestral home
210530,spiritism
209943,teenage son
209889,west germany
210475,complicated relationships
210536,appalachian trail
210393,nuclear reactor
210654,mushrooms
210655,snuff films
210659,roadmovie
210665,air hostesses
210686,leyenda
210693,suez canal
210717,identical twins
210727,tom sawyer
210728,roman bath
211044,alcohol problems
210731,videoclips
210746,hide
210754,class relations
210763,showgirls
210803,aerial
210812,industrialisation
210819,wild pig
210828,tracking shot
210845,city editor
210856,amazon tribe
210904,young animator training project
210925,talking baby
210934,magnetism
210944,saucy
211062,ethics
210952,artificial limb
210990,stake
211000,animal testing
211018,civil defense
211032,maya temple
211038,blades
211043,black gloved killer
211052,farm hand
211056,holy fool
211065,internetsucht
211066,internet addiction
211067,country noir
211082,mistreatment
211088,street prostitution
211101,easter eggs
211104,bacterial warfare
211105,ramses
211121,exhibitionist
211122,taking a shower
211135,intertwined lives
211141,columbia broadcasting system (cbs)
211144,snake man
211151,poor family
211152,hand tinted
211170,motos
211173,sheep dog
210710,absurdist
211205,tangerine
211214,meatpacking
211215,county fair
211239,puffin
211240,jew gentile relationship
211254,sancho panza
211255,sung inner thoughts
211258,watercolour style
210662,cold case
211276,camino de santiago
211277,car factory
211279,erotica
211286,all child cast
211291,sex lesson
211302,feelbad
211315,hunks
211318,google
211343,session musicians
211344,allman brothers
211345,wilson pickett
211346,lynard skynard
211352,gene simmons
211353,jack black
211354,musical style
211357,video chat
211359,alien teenager
211371,gamble
211384,non-narrative
211389,divergent
211392,huntsman
211404,toronto maple leafs
211405,maple leaf gardens
211408,high cost of living
211427,anus
211778,baker
211442,w.i.p
211443,butlins
211445,youtuber
211460,scholars
211464,subrealism
211467,trick film
211472,reference to edgar allan poe
211475,biological parents
211485,mir space station
211487,space centre
211504,wildlife reserve
211508,glam metal
211521,heavy
211533,court of owls
211536,tv episode
211540,barracuda
211553,assisted suicide
211558,body
211559,chimney sweep
211560,flying ship
211569,nazi soldier
211572,spanish movie
211596,cheating at exam
211608,chamber pot
211634,barabbas
211640,hydra
211649,komedi
211660,old age
211674,muscles
211675,nude sunbathing
211677,sunbathing
211679,reel rock
211681,first world problems
211994,french family
211707,roots rock
211708,heartland rock
211709,post-grunge
211710,partying
211711,spleen
211715,country doctor
211722,shounen ai
211735,ugly woman
211742,lucky luke
211744,forced suicide
211745,fishing pole
211746,doctor nurse relationship
211749,character without conscience
211821,kindergarten teacher
211351,falling out
211636,slave labor
210992,record industry
211505,wildlife conservation
211703,death of boyfriend
211661,psychotic break
210714,villager
210692,comic drunk
211473,napa valley
210726,ghost writer
211248,first contact
211635,silver bullet
211980,crying baby
210735,script
211733,unwanted child
211057,trippy
211158,absent parent
211295,riches to rags
211539,tiger shark
210689,virility
211225,bicycle tour
211338,gagged
211768,convention
211712,evil genius
211614,scheme
211669,photo studio
212001,hormone therapy
212009,crystal skull
212015,stepbrother stepsister relationship
212020,illicit love
212028,thule base
212112,university professor
212330,slap
212404,verbal abuse
212406,sadistic horror
212407,french horror
212410,hell on earth
212411,violent sex
212412,very little dialogue
212415,funnel
212416,diarrhea
212417,paraphilia
212419,vile
212420,transgressive film
212421,coprophagia
212422,scatology
212423,dehumanization
212433,rape of a child
212435,meta film
212436,anubis
212473,man and woman in a bed
212497,reference to benito mussolini
212508,black gloves
212509,adulterer
212409,cove
212518,photos
212519,cheese dream
212551,tormentor
212564,taking a picture
212572,battle of myeongryang
212581,fools
212592,battle axe
212606,witness elimination
212609,dog missing
212610,female whipping
212621,jetboy
212630,defloration
212642,abusive father
212644,anti-depressant
212645,bangor-maine
212646,bank account
212651,galleon
212725,nymphette
212796,workplace romance
212739,struggle
212743,hutch
212745,hound
212746,walter steiner
212755,personal diary
212776,fighting supernatural
212779,used car lot
212780,wino
212781,fur stole
212787,sadomasochist
212788,greyhound bus
212793,domestic dispute
212797,simpler life
212798,wealthy teens
212643,abusive husband
212913,healer
212820,soldier's wife
212873,co-parenting
212882,detainee
212884,dictation
212889,expressionist cinema
212898,vejez
212899,bengal
212912,air force base
212661,creepy doll
212921,polish movie
212939,polish soviet war
212957,pigsty
212757,ex special forces
213060,reminiscence
213070,duck hunt
213075,barnyard
213077,lost youth
212915,women's rights
213102,teen spy
213286,sexual encounter
213106,psychedelic rock
213113,quintuplets
213118,sportscaster
213833,blind woman
213194,doppelgänger
213202,new latin american cinema
213224,witch doctor
213236,european women
213280,basque
213291,shakespearan
213299,gallipoli campaign
213306,mad professor
213315,lake michigan
213449,fall of saigon
213450,summer holiday
213467,landgrabbing
213473,algerian war
213475,wounded horse
213484,landscape designer
213485,louvre museum
213486,bluebells
213488,marital infidelity
213490,kumbh mela
213492,ganga
213493,sexual massage
213557,scarf
213742,nihilist
213743,fc barcelona
213750,inspired by celebrity
213761,kos
213764,abandoned factory
213794,spanish spoken
213798,allies
213800,tail coat
213803,cinéma français
213809,love hotel
213815,sedation
213816,santiago segura
213817,isi disi
213820,mono
213826,ecw
213834,re-edited
213852,personal trainer
213853,loss of penis
213855,gym instructor
213294,treaty
213756,another world
212562,cellphone video
212784,binge drinking
213828,investing
212059,college professor
212887,peep hole
212649,bad father
212795,blended family
213854,urologist
212676,wrath of god
212914,"warsaw, poland"
213057,strawberry
212424,killer dog
213040,self reflection
212573,japanese invasion of korea
212176,photo model
212425,trapped in a house
212654,lip reading
212430,eaten by animal
212542,communication
212738,british prison
212013,trapped soul
212886,ski instructor
212785,wine drinking
213295,missing son
213448,vietnamese refugees
212801,ex-cia agent
213856,east elbia
213873,dog cat friendship
213876,train tracks
214388,american midwest
213895,san andreas
213896,san andreas california
213897,age gap
213921,perpetual winter
214560,cam girl
213987,city ruin
214313,matches
214349,relativity
214417,headlights
214452,traveling circus
214455,creole
214664,beauty standards
214466,islamabad
214472,stealth aircraft
214479,internet video
214484,redhead girl
214496,positive pregnancy test
214497,surrogacy
214498,needing money
213913,manitoba
214511,sunburn
214516,spelunking
214518,iranian american
214519,rocky relationship
214520,persian american
214527,cartographer
214538,sky scraper
214544,horror anthology
214549,short
214555,children education
214575,sonderkommando
214592,film clips
214594,play adaptation
214596,cia agent
214597,prison farm
214621,brechtian theatre
214633,living with parents
214638,toothpaste
214643,ifc midnight
214644,christmas holiday
214647,power play
214650,rich wife
214653,jfk assassination
214418,disembodied hand
214713,flea circus
214716,epidemia
214745,venezuelan history
214750,flemish
214754,platos retreat
214774,ova
214775,afrofuturism
214778,beach volley
214779,stool pigeon
215191,strange
214781,mr wong
214784,crowdfunding
214789,fiji
214809,ornithologist
214810,bank fraud
214811,criminal rehabilitation
214812,nauczyciel
214813,niewidomy
214815,hotel guests
214817,ceiling
214820,robot human relationship
214831,suffragettes
214834,throwing star
214891,shogunate
214949,fly-on-the-wall
214954,recuperation
214956,alan smithee
214963,northern canada
214965,savant
214967,fashion photography
214978,vengeful
214983,crime epic
214984,person in car trunk
214501,sex offender
214991,may 68
214996,florida everglades
214997,giant ants
215001,rattlesnake
215003,king cobra
215005,d. h. lawrence
215007,pothole
215010,contemplative cinema
215015,hopelessness
215017,slow dancing
215018,waiting in the rain
215019,barking
215020,tarkovskyesque
215024,ketamine
215052,sarkad hungary
215054,restraining order
214887,foreigners
215071,musical tones
215073,musical notes
215074,errand
215076,death of uncle
215087,economic bust
215092,baltic sea
215105,collection of short films
215121,county clare
215122,griffin
215123,porridge
215128,maternity
215141,secret formula
215159,algonquin indian
215163,hazmat suit
215169,emaciation
215172,special police department
215174,harold lloyd
215181,bélico
215184,chivalry
215195,the meaning of life
215205,danube
215217,armless woman
215224,snake venom
215236,sons of liberity
215237,benedict arnold
215255,mistrust of wife
215258,healing gift
215267,free software
215268,open source
215285,crate
215305,entrails
215306,vecino
215309,criogenes
215061,fleeing
215193,college graduate
214652,marital tensions
215257,unhappy marriage
213882,robot girl
215165,runaway bride
214839,nikola tesla
215303,slender man
214714,futuristic car
214730,retrofuturism
215127,adam and eve
214985,"tampa, florida"
214499,television / tv studio
214410,ottoman empire
213899,bay area
215235,dead brother
214514,alcoholics anonymous
214465,helicopter crash
215162,indigenous peoples
214548,1930s
215124,hollow tree
213874,jaws
215292,anger issues
214724,rally
215046,bigot
215299,environmental disaster
214715,futuristic city
214480,music critic
215320,solteros
215325,what if
215334,marriage counseling
215348,all star cast
215741,shantytown
215370,population explosion
215397,pinoy
215404,laxative
215409,introvert
215413,walkabout
215414,didgeridoo
215416,adelaide south australia
215424,industrial spy
215443,armenian
215448,fictionalization
215456,bonus features
215457,new bluray
215463,religion documentary
215465,fulfillment
215478,war documentary
215485,condominium
215495,islamic state
215503,army colonel
215504,auld lang syne
215505,filmed opera
215664,political scandal
215526,cooks
215534,polynésie française
215539,discworld
215541,cenobite
215567,hotel owner
215571,bad kids
215572,krampus
215575,invincibles
215579,hypnotherapy
215590,spanish inquisition
215602,quebec city
215644,h5n1 bird flu
215678,partially lost film
215680,kleptomaniac
215681,marry
215693,the sea
215711,improvised
215716,rv par
215720,gastronomy
215727,detonate
215728,uxb
215736,offbeat
215762,naruto
215774,stringer
215415,australian bush
215813,possible suicide
215825,accidental drowning
215840,finishing school
215849,etruscans
215858,female sheriff
215859,lake superior
215860,plesiosaur
215862,head bitten off
215863,cryptozoologist
215872,bacteria
215876,prison rape
215938,muscular
216919,boys
215968,donkey kong
215975,serpent
215982,zaragoza spain
215983,underwear manufacturer
215995,black pantyhose
216008,women's bathroom
216087,roadside cafe
216620,assembly line
216676,absent father
217115,art restoration
216776,dizziness
216777,delivery man
216791,advertisement
216864,anthem
216873,genealogy
216896,pre-credit sequence
216931,medieval india
216936,circumcision ritual
216942,fourth dimension
216961,suicide contemplation
216966,santa monica california
216986,military draft
216994,budweiser
217040,rampaging monster
217043,fragment
217076,voice imitation
217084,toaster
217097,complicated germans
217110,political documentary
217119,family comedy
217126,counter intelligence
217133,post cold war
217142,nsa agent
217157,open ended
217163,abandoned ship
217184,old friends reunited
217309,fresno california
217310,accidental crime
217311,sex party
217319,stylish
217320,ampitheatre
217321,joy ride
217324,murder hunt
217325,masses
217328,death match
217367,tavern fight
217396,number 13
217409,english professor
215787,bucket list
217417,warcraft
217418,defcon
217450,canadian movie
217451,turkish movie
217467,music tour
217469,reference to rodney king
215533,french polynesia
217482,compton california
217499,house music
217672,crawling on hands and knees
217807,street performer
217878,ingrid bergman
217879,dance studio
217880,cigarette girl
217887,truck chase
217902,draghi
217926,rocks
215659,salvation
217080,outtakes
217489,techno music
215492,amputee
215779,real story
215645,drinking game
217120,amazon river
217452,buddy film
215580,patricide
215470,treasure hunter
217062,british nobility
215773,class discrimination
217405,missed opportunity
216932,ancient india
215754,professional athlete
215593,benefactor
217474,intimidation by police
216921,animal protection
217064,mexican cartel
217083,reluctant hero
217421,key west
217326,space flights
215882,russian secret police
216079,truck stop
215536,postpartum depression
217896,nanjing
215596,public defender
217034,quantum physics
215355,fukushima disaster (2011)
217927,omnibus film
217956,rockstar games
217957,penniless
217961,invasive species
217964,nihon
217986,traditional animation
217987,animation filmmaking
217992,thoughts of retirement
217993,hail mary
217996,working in the nude
217997,drug raid
217998,ironing money
217999,bedtime prayer
218000,briefing
218001,shot point blank
218002,reference to gregory hines
218003,police badge
218005,sex slave
218006,trail of blood
218008,gold watch
218009,man slaps a woman
218042,minority
219781,fraternal twins
218051,folk tale
218060,leak
218070,radio controlled
218102,host body
218105,body snatching
218121,murder of a police officer
218124,chinese military
218125,meltdown
218130,cyber terrorist
218142,racketeering
218164,coffee bar
218183,heavyweight boxer
218190,home education
218567,memorization
219195,guitar playing
219364,philanthropy
219366,ok corral
219368,giant ant
219370,human duplication
219386,underwater cave
219387,prehistoric animal
219390,quatermass
219391,fax
219392,indian ocean
220195,daughter–in–law
219405,driving in reverse
219407,valour
219416,arch
219427,absent  mother
219779,fling
219605,lobbyist
219681,tobacco industry
219731,nicotine
219785,reference to moby dick
219786,new ager
219787,twin synchronization
219795,war of attrition
219797,ftl travel
219800,casters
219802,feel bad comedy
219803,killing a cow
219817,franklin the turtle
219826,stronger villain
219832,despicable
219840,停車
219841,ting che
219842,team owner
219855,barracks
219860,violetta
219866,monster high
219869,humvee
219872,idle rich
219881,weeds
219883,meat market
219892,donovan
218122,cyber terrorism
219900,chiropractor
219901,weird couple
219903,political drama
219945,calvary
219949,mixed heritage
219950,good samaritan
219954,gerson therapy
219966,avatars
219923,life challenges
219968,game commerce
219972,giant  squid
219973,terapia gerson
219984,female buddy
219988,riding a donkey
219989,returned alive
219991,elimination derby
219998,food additive
220002,city youths
220011,nuclear testing
220014,alpinism
220024,roman catholic church
219906,sheep farm
220039,solstice
220073,security company
220075,former fbi
220080,essay film
220082,professional reputation
220084,grayscale
220085,defence company
220086,jump the shark
220209,barista
220102,chronophotography
220106,marching
220113,red zone
220141,city symphony
220144,palo alto
220150,fictional documentary
220159,mystery babylon
220178,remake of danish film
220188,seasons of the year
220189,operator
220192,dirty joke
220194,air guitar
220197,beer pong
220198,culinary arts
220200,pastries
220202,go-kart
220203,gender differences
220207,sommelier
220210,espresso
220214,vhs tape
220215,pop idol
220217,ringu
220232,yin yang
219965,nanobots
218099,elderly man
219801,death of spouse
219408,battle of britain
219843,immunity
220204,winery
218024,amateur radio
220218,cursed video
219849,catfishing
220114,storage unit
218010,mold
219417,gmo
220025,drastic change of life
218032,mass destruction
219902,cognac
220003,country folk
219833,married man
218182,overprotective father
220196,grandchild
219969,virtual relationship
220026,sick parent
220201,musical theater
217979,dream come true
220076,young entrepreneur
218132,cyber thriller
220046,groundhog day
217989,confession booth
219990,ghouls
220234,island life
220372,worlds collide
220260,eldridge cleaver
220265,napoleon bonaparte
220903,humanoid robot
220282,moral panic
220290,ape woman
220295,date from hell
220299,uppsala
220301,brian clough
220311,gridlock
220312,polarization
220313,news bias
220322,stagecoach driver
220326,david bowie
220332,female domination
220335,cajoons
220342,antibiotics
220348,womb
220356,shaky camera
220376,vhs tapes
220844,volcanic ash
220396,catman
220397,fatalities
220413,flashing
220416,kiowa
220423,terrorizing
220424,reviewers
220425,armed response
220426,personal crisis
220427,tipping point
220431,post modernism
220437,rameshwaram
220438,masala
220440,south india
220446,violent man
220447,deadbeat boyfriend
220449,locked in a room
220451,wedding arranger
220453,class system
220465,tv short
220468,emasculation
220486,class warfare
220488,delirium tremens
220491,anti-authoritarian
220760,the end
220500,juvenile hall
220509,worldwide disaster
220510,cry wolf
220511,carnaval
220524,iraq invasion
220551,commissar
220558,binding
220559,false conviction
220561,isle of man tt
220601,treasure island
220608,engine trouble
220610,bump in the night
220612,grifters
220613,serial dating
220629,anti war argument
220630,reference to paul newman
220631,iranian filmmaking
220634,tapeworms
220639,stories
220646,vocation
220648,geofiction
220651,castles
220652,mr. hyde
220656,finnish war children
220667,denial of death
220670,aerialist
220694,banjo strumming
220698,online lying
220699,connect to real life
220700,trainers
220701,client plans
220831,facebook
220704,cave dwellers
220712,costume horror
220744,modern times
220761,windy
220770,free cinema
220787,reinterpretation
220788,drying up
220789,bad advice
220790,cucumber
220798,bobsled
220799,black face
220810,sink
220811,field hospital
220829,booze cruise
220832,settle scores
220833,last hurrah
220836,hanging judge
220842,songwriting
220845,cold snap
220848,heaven and hell
220849,magnate
220855,pixels
220860,entrance to hell
220862,seven gates
220863,cheat
220870,newsreel
220873,microbe
220874,anthrax
220885,no memory
220888,jesuit priest
220895,illegal matches
220898,marine researchers
220899,crab boat
220900,bering sea
220902,engineered organisms
220905,green day
220908,germ warfare
220924,space invaders
220929,criminal justice
220933,fine art
220934,maneuvering
220935,nerve gas
220945,rubber/latex
220966,edward ii
220979,aura
220986,sound production
221000,balkans
221003,new york review of books
221015,snoopy
220339,botany
221029,warp x
221034,khumba
221039,modern fairy tale
221044,palm beach
221055,pommy
221064,united states naval academy
220522,unsolved crime
221037,yogi
220901,beluga whale
220628,pizza shop
220267,tribute band
220363,chemotherapy
220395,ex fiancée
220448,bipolar disorder
220487,rich vs poor
220649,british monarchy
220650,escape plan
220572,deadly game
220890,religious persecution
220414,linguistics
220450,drug trial
220529,super bowl
221021,diary film
220809,young lovers
220664,memoir
220669,enduring friendship
220392,alien parasites
220373,class struggle
220657,war child
220314,wealth differences
220506,online hookup
220315,gambling addiction
221004,investment
221117,alpine climbing
221080,unique visuals
221083,dirigible
221095,lakefront
221107,cope
221108,consolidation
221109,unconventional
221122,eternal life
221128,truant officer
221134,sight
221143,fur trade
221149,actual animal killed
221159,halfbreed
221162,puzzle box creator
221164,revive dead
221178,stampede
221186,clumsy
221187,ingmar bergman
221092,aircraft carrier
221190,two generation
221193,perfect murder
221197,ultrasound
221207,public hazard
221208,person to person
221209,hit lady
221219,pensioners
221220,cockneys
221224,confused parentage
221226,circuit board
221240,curtain call
221245,clone army
221246,separatists
221255,stegosaurus
221257,nazi bunker
221262,blockage
221274,muslim slaver
221275,greek movies
221285,occupied france
221286,syndicate
221288,the nutcracker
221290,police procedural
221295,sound barrier
222019,clinical trials
221297,male pregnancy
221298,pregnant man
221299,jet pilot
221300,holy land
221301,emerald
221307,chinese opera
221309,multiverse
221314,treece
221315,tar creek
221316,picher
221319,northeast
221321,southwest
221253,fungus
221361,citizens band
221867,no escape
221387,occultism
221388,simon magus
221393,demolition derby
221396,mass hero
221446,flying boat
222030,first person view
221507,partial cure
221536,exploring
221549,waterloo
221604,shed
221605,skylight
221610,tell all novel
221611,failed children
221612,army intelligence
221615,mauling
221646,defy media
221652,bathrobe
221654,intergalactic travel
221655,islington england
221657,gun enthusiast
221658,electronics failure
221659,brown mountain
221660,fortune hunter
221663,alternate life form
221664,"snowfield, co"
221665,deputies
221685,eyewitness
221686,german poetry
221692,rhumba
221696,kid brother
221700,uso
221728,acupuncture
221749,porter
221754,nubile woman
221756,radio plays
221758,sir arthur conan doyle
221762,snow globe
221771,dissension
221772,floreana island
221773,new settlers
221774,deaths
221805,degradation of lifestyle
221806,lou reed
221810,honey pot
221816,disobeying orders
221818,holiday special
221821,shopping show
221824,the lion king
221828,stage production
221830,college debt
221835,kronos
221836,overthrow olympus
221838,women fighters
221868,athelete
221870,rowdy
221871,unlikely heroes
221872,failed business
221875,apollo 11
221904,politics of scarcity
221910,revenant
221911,vanity film
221912,eco-terrorists
221913,multiple felonies
221928,freemasonry
221934,orion
221936,night games
221945,small town thieves
221949,ntr25
221954,city of argos
221955,mistaken parentage
221958,legalized murder
222018,dangerous side effects
222020,allergy drug
222044,dallas mavericks
222047,angel of death
222049,school counselor
222053,bar dancer
222063,cabaret singer
222079,self delusion
222080,self created problems
221999,guadeloupe
221727,chelsea
221326,boys club
221960,social allegory
221412,colleague
221204,accidental killing
221172,russian occupation
221882,gothic romance
221179,holiday resort
221091,pat garrett
221746,doubtful survival
221966,ballet performance
221320,southeast
221829,hero worship
222029,loss of innocence
221445,sexual exploitation
221227,heatwave
221188,accusation
221272,arachnophobia
221135,college life
221957,constitutional convention
221068,french woman
221653,destruction of earth
222081,anagram
222083,cooking competition
222097,fruit
222098,blue bird of happiness
222099,blue bird
222108,rubber mask
222112,science fair
222114,fear of dying
222130,lost continent
222133,shot in the heart
222143,opera baroque
222147,opera handel
222156,film theory
222157,food line
222173,social experiment
222176,news broadcaster
222177,fact checking
222184,gospel of luke
222187,st. petersburgh florida
222195,navy veterans
222119,opera live performance
222234,movie industry
222236,talvivaara
222246,nephilim
222248,genetic experiments
222258,underground complex
222264,flying tigers
222281,nebbish
222282,protagonist as punching bag
222291,ranch foreman
222299,island camp
222300,vtol
222307,pastry shop
222309,agronomist
222311,islanders
222963,old age romance
222317,imagined entrapment
222321,hirwaun
222333,blender
222337,saladin
222340,king richard
222343,sir lancelot
222344,guinevere
222347,morgana
222354,giant rat
222423,blast
222455,larryboy
222476,search for truth
222478,miners strike
222511,woman and child
222512,parson
222513,mashup
222514,shot in a single take
222515,running from police
222542,fiery redhead
222552,360 video
222581,transsexual prostitute
222596,jarheads
222603,miles davis
222667,re-release
222720,government secrets
222721,head coach
222742,union army
222743,female slave
222744,old south
222745,fake priest
222767,thai military
222769,shoxploitation
222782,two guns belt
222784,cole younger
222787,the lone ranger
222788,dave robicheaux
222243,based on anime
222802,amnesiac
222805,british new wave
222808,chain fight
222529,rescue operation
222812,therapist patient relationship
222834,ebola
222843,morals
222768,draft day
222855,dragonheart
222861,dune buggy
222862,bumper car
222228,cinema history
222870,open season
222891,dsytopia
222927,blind teenager
222929,utopia quest
222931,santa maria school massacre
222932,getting away with murder
222950,stopwatch
222951,running in water
222952,former coach
222954,palms
222955,trio
222957,male screenwriter
222960,dirty old man
222962,cigarette burn
222964,rotunda
222965,wrapped in a towel
222966,expenses
222982,colour
223009,keith mallory
223010,wolf larsen
223018,lombardy
223025,serf
223041,queen elizabeth ii
222517,legal drama
223060,self healing
223064,come back
223067,crime solving
223083,kama
223084,perm
223019,terminal cancer
223106,lord byron
223127,paris commune
223139,elliot
223140,boog
223142,dance hall girl
223143,paarden
223155,rhedosaurus
223159,allosaurus
223166,wounds to weapons
223171,children's hospital
223174,the metropolitan museum of art
223181,'comfort women'
223183,bike messenger
223193,soccer player
223194,broken hill
223195,daly waters
222287,murder of family
222268,escape attempt
222217,black doctor
222174,girl next door
222915,forcefield
222665,missing wife
223162,accidental love
222959,wiccan
222850,art teacher
223044,prisoner abuse
223172,abandoned baby
222930,latin american history
222797,repression
222519,legal system
222302,ninja training
223149,football (soccer) coach
222186,publishing
223165,crooked cops
222842,squire
222760,crime spoof
223169,jilted
222185,1st century
222719,weapons trafficking
222851,"tijuana, mexico"
222334,confinement
222551,environmental activist
223036,parapsychology
223198,uninvited guest
223200,social security
223208,crossfit
223211,whale oil
223212,nantucket
225172,manhood
223253,scat singing
223254,black entertainers
223259,psychological experiment
223260,electrodes
223286,peacekeeper
223304,u.s. naval academy
223326,death of aunt
223331,virginian
223341,serge reggiani
223342,jacques prevert
223343,joris ivens
223344,archeologist
223369,screen test
223375,sphere
223377,spear gun
223383,dissatisfied
223386,mojave desert
223387,disinheritance
223400,gill man
223422,cattle mutilation
223438,based on young adult novel
223448,fairies
223449,crystal ball
223451,wishing well
223469,bulldog
223938,entitlement
223530,creative
223540,singularity
223558,topics
223562,spanish holidays
223569,legal guardian
223587,tabloid reporter
223588,pilots
223595,jesus
223603,underwater threat
223605,giant monsters
223629,dragons
223635,internet dating
223636,wooden boats
223688,court-métrage
224788,herbal medicines
223748,follies
223767,civils rights
223816,censor
223824,amok
223886,turist
223901,animated
224177,behavioral disorders
223921,dui
223922,driving under the influence
223969,recording session
224143,science labatory
224180,blair witch
224230,collage film
224233,boogie woogie
224237,erotism
225012,satirical
224266,musicians life
224279,bittersweet
224298,batgirl
224326,sister act
224328,road hog
224329,condemned man
224344,outlaw music
224350,bollywood-hollywood crossover
224411,on the lam
224414,japanese girl
224423,emergency services
224432,maalik
224451,the river
224502,tinkerbell
224506,bionicle
224511,phineas and ferb
224516,toy story
224526,onsen
224534,recess
224540,white supremacist
224548,drama class
224549,ordinary girl
224552,iconic
224121,big game hunter
224564,orlando florida
224565,alternative healing center
224636,horror comedy
224637,line drawing
224663,new french extremism
224672,feeling trapped
224674,ghidorah
224686,whales
224819,munnar
224820,thrissur pooram
224832,checkpoint charlie
224852,tug boat
224854,epilogue
224873,worms
224914,international space station
224930,buzkashi
224947,german abroad
224955,plant based
224963,sheltered
224965,insurance company
224987,trading card game
225006,pakistan vs india
225011,cinema of transgression
225014,top model
225031,shootout on beach
225038,first amendment rights violation
225048,fetisch
225052,porta dos fundos
225061,friend
225089,moral
225092,tiere
225101,farmer's daughter
225116,自然界大事件
225125,quarreling couple
225135,domineering husband
225156,concert tour
225162,south american
225179,emotional
225186,ethnocentrism
225188,abbess
225189,nico giraldi
225209,dreams
224587,monster island
223378,animal rescue
224673,king ghidorah
224521,abdication
223335,seaplane
225037,government witch hunt
224586,kashmir
223504,distress signal
223373,evil ruler
223202,do over
224174,bike racing
223620,lost in the woods
224795,drinking blood
223267,moving on
224429,child birth
224818,old-age home
223609,dysfunctional life
224472,new life
223268,group home
223604,robot suits
223232,estranged brother
224986,strategy game
225164,boyhood friend
224875,method acting
223799,uzbekistan
223970,heroin withdrawl
225136,bio terrorism
223785,cringe
224703,honest
224876,past relationship
224625,halfway house
225210,memories
225230,smothered with a pillow
225231,italian gothic
225244,yak
225247,witches
225840,pool party
225286,african cinema
225287,dogma 95
225317,lenny bruce
225400,leaf
225410,hippies
225412,andino
225415,absent mindedness
225468,mesopotamia
225469,nude sacrifice
225470,vlad
225471,sand pit
225500,pregnant woman murdered
225518,information technology
225523,h. g. wells
225529,karbala
225530,rooming house
225547,songs
225550,poliziottesco
225554,anatolia
225587,polish people
225588,marine conservation
225590,neruda
225594,time limit
225616,smoking a joint
225653,recycled movie
225661,sandel
225685,college roomate
225688,mixed race marriage
225690,quest for knowledge
225724,baragon
225778,rockstar
225796,giant turtle
225822,actors
225826,expo70
225832,boy scout
225841,water hose
225846,minimalism
225851,false accusation
225878,youth choir
225910,franz liszt
225922,humanoids
225938,axe
225943,beastiality
225944,indian guru
225945,roma
225946,white slave trade
225947,amazon jungle
225961,bus crash
225964,female masturbation in public
225966,film casting
225528,obssesive
226001,witness relocation
226003,cg blood
226006,impotent husband
226106,mind games
226030,dialogue driven storyline
226034,welfare states
226037,dead bird
226038,hammock
226083,american girl
226084,lea clark
226089,sorcière
226113,nobel peace prize winner
226128,filmes focados em um professor
226139,giant fish
226146,25th century
226151,inspired by novel
226152,frogman
226157,decompression
226164,espionaje
226167,hechos reales
226177,xenomorph
226178,alien queen
226179,explosive decompression
226180,swimming underwater
226181,supper club
226182,old fashioned
226183,relish
226185,fish fry
226186,wisconsin supper club
226187,tray
226188,local food
226191,midshipmen
226192,new sheriff
226196,horatio nelson
226197,yacht club
226198,spanish shawl
226219,insurance risk manager
226234,cape kennedy
226240,radio telescope
226252,ancient ritual
226253,international finance
226254,prison bus
226258,sierra club
226265,lake bodom murders
226285,cell mate
226326,gun safety
226343,generation-x
225707,reconnaissance
226370,hoverboard
226371,video phone
226376,corrupt cop
226380,haitian gang
226381,minefield
226391,flirtatious woman
226392,athletic girl
226394,operation anthropoid
226409,crisis of conscience
226410,cabinet officer
226411,corrupt policeman
226414,erotique
226415,radio news
226417,religious icon
226419,apostasy
226426,mass grave
226427,cement truck
226428,playboy mansion
226430,re-animation
226431,sadistic warden
226435,yellow bikini
226448,vril
226457,adoration
226458,sex therapist
226459,spooning
226463,human bomb
226464,wrigley field
226465,holiday inn
226471,goggles
226472,erebus
226473,comrade
226474,german submarine
225710,sexual discrimination
226476,periscope
226184,fine dining
226028,eccentric man
225466,bad parenting
226035,economic inequality
226241,satellite dish
226429,shooting range
226226,prom night
225615,brexit
226236,spacecraft accident
226268,governer
225582,child prostitution
226287,aboriginal mythology
226325,dysfunctional relationship
226257,investment banker
226424,gun control
225827,world's fair
226039,human cloning
226153,scuba diver
225644,restoration
225686,aspiring artist
226302,mountain resort
226235,lunar mission
226233,apollo program
226480,priesthood
226543,sex work
226500,polygraph
226510,sports marketing firm
226515,head nodding
226518,souvenir shop
226521,chase on the roof
226522,security leak
226546,embedded journalism
226594,investigative reporter
226549,spending money
226550,accounting fraud
226551,hackensack new jersey
226552,heir to fortune
226577,bicycle taxi
226580,taj mahal
227068,spanning generations
226582,dodge charger
226583,mood ring eyes
226589,spetsnaz
226595,launchpad
226602,firestorm
226616,falsification
226617,nuclear accident
226618,picketing
226619,turbine
226689,newsletter
226705,mounted police
226710,epinephrine
226738,ultraviolence
226739,brancaleone
226741,launch code
226744,ill health
226746,man in a bubble
226754,silent protagonist
226763,disintegration
226768,station wagon
226776,culture shock
226777,knitting
226778,commuter train
226790,bookstore
226791,gainesville florida
226818,absurd humor
226826,nonsense
226830,prision
226838,federal reserve bank
226861,catskill resort
226862,cyber warfare
226868,endzeit
226869,scorsese
226872,jusge
226877,request
226879,flowers
226887,falling
226907,box cutter
226918,big tobacco
226919,justice department
226930,feedback
226931,mic stand
226958,typing class
226981,blood ritual
227023,old couple
227035,white gloves
227038,abc movie of the week
227039,dangerous driving
227040,eighteen wheeler
227041,locked bumpers
227042,overheating
227043,railroad crossing
227056,hypnotize
227059,trucolor
227095,longest film
227106,banana boat
227157,eagle scout
227169,bomb shelter
227170,bikers
227177,street shoutout
227198,stolen pet
227201,designer drug
227206,potus
227207,lost in jungle
227221,cool cat
227240,antisocial behavior
227307,bright color
227320,symphonic film
227322,reference to star wars
227323,king philip ii of spain
227328,mighty mo
227329,uss missouri
227352,ayutthaya
227358,ballet fu
227364,evil brother
227365,friendship between men
227369,organ harvest
227372,assassination plan
227379,rationing
227385,eternal
227394,millionaires daughter
227409,maui
227411,secret hideout
227419,mass hanging
227420,water buffalo
227425,pillow
227427,learning the truth
227429,crying male
227432,kuala lumpur malaysia
227458,death of grandmother
227461,reference to whitney houston
227467,bucharest romania
227468,aachen germany
227469,reference to lidl
227472,business presentation
227479,howard hughes
227480,chinese mythology
227489,derelict ship
227497,turing test
226643,escape from slavery
227532,hit man
227533,new south wales
227540,troubled family
226774,father son conflict
227562,film in film
227588,price gouging
227595,absorbing power
227596,tramatic childhood
227597,trama center
227609,blood clot in brain
227610,microscopic
227613,meteor shower
227614,sky on fire
227615,van allen radiation belt
227616,surfer dude
227626,rooster teeth
227148,anarchism
226745,rare disease
227591,elasticity
227474,estranged daughter
227302,portrait of an artist
226626,aurora borealis
226755,spirit healer
226747,overprotective mother
226620,political cover-up
226825,shenanigans
227102,sugar daddy
226553,mayoral campaign
226917,vaping
227428,female serial killer
227055,broken ice
226645,combat drone
227007,bigfoot hunter
227147,underwater fight
226740,chain of command
226742,sonar
227245,goalkeeper
227581,animated horror
227205,diving accident
227632,poachers
227642,platoon leader
227646,identity swapping
227693,stranded in the desert
227702,olympic hopeful
227703,local celebrity
227704,npo
227715,down on his luck
227719,alien civilization
227744,ngo
227750,false alibi
227751,gang rape attempt
227754,fighting back
227771,altering history
227783,extreme pain
227790,bliss
227807,young soldier
227808,biscuit
227809,st. valentine's day
227811,boa constrictor
227944,strip show
227825,storm drain
227838,male bondage
227842,wild and crazy
227843,self-actualization
227845,blanket party
227846,reference to calvin coolidge
227860,turbo intercepter
227863,bearer bonds
227864,comeuppance
227871,land mafia
227887,flatulence
227888,robespierre
227890,military law
227892,pikey
227897,cleavage
227900,blacklight
227949,broken
227952,centro de capacitación cinematográfica (ccc)
227960,war surplus
227962,fuller brush
227993,hillary clinton
227994,transistor radio
227995,cane cutter
227996,abandoned by husband
228012,backpacking
228035,kayako
228037,the ring
228038,the grudge
228039,gangs
228042,rowers
228081,christmas parade
228084,missing teenager
228086,tragic love story
228139,central
228181,sexual initiation
228194,collision course
228195,the three stooges
228208,motion picture studio
228214,pātea
228229,pregnant animal
228232,tonto
228244,the sixties
228264,zamindar
228267,circus clown
228272,lucky luciano
228285,mousetrap
228288,murders
228295,orc
228301,bowing
228304,psychodrama
228318,acadians
228319,language rights
228320,acadia
228329,extraterrestre
228331,riding
228336,obituaries
228342,绝地奶霸
228343,卧底肥妈
228344,big爆任务
228345,超级妈妈
228351,pmmp
228357,zar
228360,roomate
228367,Το Χώμα Βάφτηκε Κόκκινο
228164,torture victim
228389,quintet
228397,bad aim
228398,sexy girls
228402,defenseless woman
228403,police inaction
228405,compliment
228406,prevarication
228408,spoilt marriage
228409,existential drama
228415,christmas bonus
228416,jello
228417,plano texas
228422,heartwarming
228427,possessive man
228428,disenchantment
228448,family approved
228458,overeating
228459,wildest fantasies
228464,convicted
228465,eaten by rats
228469,paint
228470,kiev
228477,symbology
228491,suicidal mission
228492,film within a film
228495,falsifying
228501,other woman
228519,macau china
228523,inspired by true events
228524,teen idol
228163,adopted daughter
228611,fertility
228566,sentiments
228595,ltte
228597,youth leader
228598,urban youth
228600,cyanide pill
228602,second wife
228607,x-ray vision
228610,railgun
227656,school board
228633,snipers
228634,battles
228635,ghost shooter
228636,breach
228637,gynaecology
228638,ceasarean birth
228645,memento
228646,gum
228653,reference to the book of revelation
228665,vixen
228666,male nanny
228690,imperial seal
228691,conquistador
228693,brave cop
228712,turkish horror
228740,spirits
228752,prey
228066,paralyzed
227686,myth
228429,insecure woman
228001,lycanthrope
228064,escapism
228692,power abuse
228069,stuck
227655,hearing voices
227816,provincial life
228559,manic depression
228676,publicist
228041,prodigy
227945,high stakes
227758,oral sex
228067,healthcare
228290,temptation of christ
228036,sadako
227951,claustrophobic
228489,racial injustice
228753,loss of faith
228755,viet cong
228756,pittsburgh steelers
228760,italian sex comedy
228765,eastern helsinki
228768,noodle salad
228775,native american folklore
228776,cursed object
228777,portal to hell
228779,breast milk
228782,wedding announcement
228784,heroic woman
228804,myanmar
228836,kajaki afghanistan
228842,saab
228843,volvo
228876,lewis carroll
228882,self deprecation
228888,man on fire
228892,teenage marriage
228897,paranormal investigator
228898,incriminate
228900,abyss
228922,underground facility
228925,arrow in chest
228931,naive girl
228932,pasha
228935,valak
228936,annabelle
228937,apologetics
228977,reference to rancid
229607,female warrior
228982,conqueror
228984,wanderings
228985,pirañera bed
229034,escaped animal
229043,baseball scout
229046,failing eyesight
229049,blurry vision
229050,blurred sight
229051,mongrel
229066,waltzing matilda
229067,trampled to death
229069,child hitman
229078,test flight
229087,vih
229103,chinchilla foot
229104,playing flute
229128,sleeplessness
229136,breastfeeding
229143,drunkeness
229148,jayhawker
229178,interrogator
229181,paris metro
229182,computer worm
229184,school class
229186,bonnie prince charlie
229187,hair stylist
229206,british noir
229211,military crime
229212,otoko wa tsurai yo
229214,tora-san
229220,friend vacation
229222,crawling through mud
229684,life in the slums
229224,domineering father
229226,love after marriage
229227,hindu muslim conflict
229231,mekong
229234,alphabetic order
229239,maoism
229255,tetsuo
229262,altamira
229271,new album
229272,theatrical troupe
229287,wwe
229288,slash
229289,demographic movements
229290,inscribed cross
229291,minefields
229292,choral music
229298,boxing manager
229299,affair
229324,lou gehrig's disease
229346,apples
229347,retired life
229348,basejump
229374,bus conductor
229375,seven little fortunes
229378,reunion island
229388,filmes contra o comunismo
229394,pension fraud
229400,eligible bachelor
229401,horse boarder
229403,grudging respect
229409,master and student
229410,colt python
229411,french polar
229427,岩井俊二
229434,rodgers & hammerstei
229440,midgets
229443,italian politics
229809,female child abuser
229488,american exceptionalism
229520,new brunswick
229522,losing virginity
229528,church of satan
229550,hayabusa
229586,shakespeare's king lear
229591,who are the crazy ones?
229609,musical acts
229628,adult illiteracy
229634,unattainable desire
229635,briarville missouri
229649,"dragon ball,"
228923,augmented reality
229654,positive music
229655,musical siblings
229656,triumph
229662,election day
229664,burned by boiling water
229665,false virginity
229685,baseball players
229724,biollante
229731,abraham
229740,body transformation
229741,godlike power
229759,shark fishers
229760,bible story
229773,boston marathon
229775,maquis
229776,resort sex
229796,message in a bottle
229807,ticling
229810,female pedophile
229813,the tall man
229826,theological debate
229845,ancient mystery
229847,mania
229848,kew gardens
229849,kitty genovese
228933,expecting
228785,cancer survivor
229035,man eater
228792,genetic scientist
229247,katanga conflict
229219,sky diving
229774,french gestapo
229402,cotton farmer
229663,abusive stepfather
229188,admirer
228988,slow cinema
229223,following one's dream
229846,delusions
228978,human animal hybrid
229800,incarceration
229014,laboratory accident
228851,meteor crash
229851,fictionalized history
229852,genovese syndrome
229853,bystander effect
229854,indifference
231149,mob
230960,unfaithful wife
229872,rhythmic gymnastics
229884,adoptive parents
229895,abandoned woman
229949,altruism
229973,eqgyptian
229979,emoji
229980,smartphone
229982,democratic party
229984,commedia all'italiana
230009,asian american
230016,bodhidarma
230017,tamil dynasty
230024,daddys home
230052,chloroform
230074,muammar gaddafi
230079,tom mix
230094,dark dramedy
230095,terrifying
230116,non-registered home schooled
230125,noam chomsky
230137,cannibals
230149,wine shop
230186,hamburgers
230915,trench warfare
230218,cine familiar
230223,watchman
230232,kochi
230290,sham marriage
230306,attorney
230307,komedia
230314,lgbt family
230346,erotic
230358,abilene kansas
230375,fued
230392,hero factory
230413,mothman
230437,german cruiser
230442,rebound
230456,indians vs. settlers
230458,soviet defector
230459,cursed accordion
230460,coast watcher
230462,meiji period
230478,dumped
230484,canada day
230499,looking for love
230500,disney movies
230512,mink coat
230513,cosmetic mole
230518,great cinematpgraphy
230519,wild sea
231185,smart home
230570,kids on their own
230593,inner journey
230607,antihero
230609,anne hathaway
230616,fat man
230619,kalaripayattu
230644,lynchian
230660,funeral ceremony
230668,chola
230670,直捣黄龙府
230672,iv
230674,gore movie
230705,matsumoto
230707,desire for fame
230735,nibbler
230763,yu-gi-oh!
230774,superman
230775,batman
230785,noël
230834,organ player
230843,gump
230868,robery
230872,failed exam
230895,atlas
230896,circus performer
230910,ark
230914,sicario
230917,vikings
230950,hudson river
230951,lightning rod
230956,new orleans louisiana
230996,crashing through glass
231013,australian horror
231021,saying goodbye
231022,bullet hole in windscreen
231024,letters
231027,mosque
231044,dying traditions
231046,hiding under a sofa
231061,train trip
231063,umerziehung
231069,inspired by a true story
230771,female pirate
231097,Γη
231104,youtubers
231121,hoover dam
231123,greek american
231134,hedgerow
231135,madre teresa
231151,chestnut
231169,child sex trafficking
231170,section 230
231173,dream within a dream
231174,head split in half
231184,home automation
231209,king david
231225,friends with benefit
231231,kept woman
231238,lower austria
230385,plasticine
231293,flooded river
231304,neorrealismo
231318,paris france
231322,gadgets
231342,fumetti
231344,berlin germany
231377,deacons
231388,lonely hearts
231389,moving van
231403,elf
231404,oracle
231407,fang vamp
231437,sticks
231466,alejandro jodorowsky
231490,uncharted
231522,fanaticism
231532,incest victim
231539,shoeshine
231556,inuyasha
231576,comic meteor
231586,sex change operation
231596,amateur sleuth
231599,literaturverfilmung
231610,fatally wounded man
231611,reference to jean cocteau
230105,norse god
230873,animal lead
230498,woman seduces a man
230963,supreme court justice
229917,luftwaffe
229871,body switch
230250,unexpected death
230744,holodomor
231554,80s style
230857,alien creature
230878,strasbourg
230999,severed finger
229893,als
230331,secret code
231398,evil force
230818,secret santa
230905,foot fetish
230022,nazi occultism
231045,social convention
231612,recounting a dream
231613,reference to david bowie
231622,transoceanic
231624,pig farmer
231626,federale
231630,gender stereotypes
231632,outhouse
231633,whale rider
231641,unfaithful husband
231642,personality disorder
231644,existential loneliness
231645,alexithymia
231669,sermon
231680,wanted dead or alive
231698,state penitentiary
231703,erin cline
231704,joe coffey
231708,ship's doctor
231747,opinion poll
231750,coming home
231767,grammy
231769,flashbacks
231778,treehouse
231791,madoff
231816,tattoo on neck
231830,anzio
231846,"operation ""trudy jackson"""
231847,general douglas macarthur
231848,operation x-ray
231870,bürgerkrieg
231886,interstate 10
231887,inland empire
231895,typing
231898,kloster
231932,career vs family
231933,life reprioritizing
231986,marimekko
232025,reptilian scale
232036,self destructiveness
232037,high on drugs
232054,goa'uld
232067,singing around campfire
232068,frenchman abroad
232069,singing on a boat
232071,vomiting woman
232072,falling into frozen water
232254,legal dispute
232083,bleeding from eyes
232084,hanged girl
232085,hobo
232088,cat lover
232091,sexual perversion
232105,passenger train
232106,street child
232114,new year's
232122,tehran
232126,long john silver
232129,incommunicability
232134,animated sequences
232156,male psychopath
232165,séance
232166,cross amulet
232173,celtic cross
232174,любовь
232175,судьба
232176,вера
232186,amplifier
232191,writing a poem
232193,daikaiju
232210,major child role
232211,cheating on wife
232212,15th birthday
232213,woman boy relationship
232222,20th century
232224,treaty of versailles
232225,search for father
232235,brothers
232245,macabre art
232255,two daughters
232256,bland personality
232271,topless woman
232281,unofficial remake
232282,dynamite fishing
232309,jewels
232318,solar
232320,drogas
232339,destruction  of mankind
232370,smugglers
232380,death of parents
232381,panties
232411,people change
232417,brother brother incest
232427,violent youth
232428,boy murderer
232429,image comics
232431,anti christmas
232432,mad woman
232441,sister sister incest
232452,jedi master
232453,jedi training
232454,droid
232456,asian financial crisis
232457,tv series
232459,echo
232461,west berlin west germany
232462,leftist radical
232464,baader meinhof
232465,german history
232471,transvestite
232090,sexual predator
232481,zorro
231867,korean resistance
232495,race-conscious
232499,female general
232503,women director
232505,wellness center
232514,hunters
232519,america
232116,wolves
232534,tepes
232550,stepmother
232552,ugly american
232555,winter storm
232564,deep web
232580,new species of human
232581,side effects
232582,narcotic abuse
232586,cineaste
232587,philosophic conflict
232589,anguish
232591,man turned into woman
232607,funny
232625,murder castle
232626,christian woman
232627,bad aussee
232631,king of the jungle
232640,jfk
232488,terrorist threat
232650,stereo
232663,arab jews conflict
232664,reason for living
232665,euthanized
232327,venomous snakes
232674,zaborgor
232680,migratory workers
232684,swim coach
232686,rugby captain
232688,rugby star
231729,humanism
231985,sweeper
232260,aspiring musician
232244,controversial artist
232430,comic book industry
231849,incheon
232592,gender swap
232687,serious accident
232412,underwater world
232130,small talk
232689,three stories
232690,eccentric actor
232691,multi-threaded story
232692,inspired by real stories
232697,wraith
232698,jeepney
233433,complaint
232707,survival training
232712,inebriated
232716,genital mutilation
232719,sukeban deka
232742,local newspaper
232748,campers
232761,perros
232762,espacio
233016,segregation
232764,mexican laborer
232699,silat
232783,pohjanmaa
232791,spider general
232793,feature version of serial film
232796,georges melies
232797,early cinema
232798,seventeen
232802,girl dog relationship
232805,itä-helsinki
232807,apulanta
232808,faux documentary
232810,interracial lovers
232819,phantom jam
232823,segundo de chomon
232824,j. searle dawley
232837,institute
232844,incertitude
232861,indo-pakistani wars
232864,secret weapon
232865,active volcano
232871,splatter film
232875,ss officer
232898,bad movies
232903,reading a diary
232921,heroes journey
232922,pee wee herman
232923,paul rubens
232924,tim burton
232926,odin
232932,heimdall
232942,united states coast guard
232946,reflexive cinema
232948,etruscan
232967,flatsharing
232976,burglarized
232987,brigands
232988,mob justice
232989,public execution
232990,revelry
232999,cameos
233004,angels
233005,cybernetics
233011,communal living
233020,thalassophobia
233021,ugly
233023,landslide
233024,korean
233027,romantic
233033,ribald humor
233034,search for dog
233035,trees
233036,dirt road
233037,assaulting an officer
233038,gallon of water
233042,easter egg hunt
233044,judy garland
233047,smoking weed
233048,shoes
233052,tourists
233053,bone miller
233054,talky
233055,vienna
233061,camp classic
233069,set in one room
233072,uneasy alliance
233073,rag tag group
233082,trust fund baby
232868,sexual problems
233084,complex characters
233100,tips
232958,ride-share
233132,biker gang
233133,paranoiac
233134,classism
233136,tv producer
233140,ambushed
233144,begins with a flashback
233146,swiss bank account
233147,russian literature
233155,cryonics
233167,lovecraftian
233170,bird migration
233171,fru
233172,Żółty
233174,gus
233175,underestimated
233185,rollerblading
233221,tv newscaster
233237,strangers
233243,video poker
233257,apache tribe
233265,interviews
233276,religious vow
233277,ordination
233278,vesuvius
233279,holy orders
233280,yellow
233290,harakiri
233292,animal rights organization
233296,students
233145,crime against humanity
233318,sleeping around
233319,pills
233324,village council
233325,energy absorption
233327,bleeding
233329,men's rights
233360,air attack
233372,emt
232743,northern california
233386,bad
233399,pepper spray
233401,monster film
233409,plunder
233413,cultural heritage
233425,pseudo-scientific experiments
233428,rogue surgeon
233429,gangsters
233431,homecare nurse
233436,blond boy
233443,legendary perfomer
232997,dreamlike
233026,vulnerability
233432,male nurse
233438,student athlete
233128,tentacles
233168,deep-sea dive
233352,outnumbered
233025,divination
233353,birth control
233287,masks
233330,freedom of expression
233153,white water rafting
232812,women boxer
232993,astral projection
233041,hollywood history
232937,unwanted marriage
232750,ancient korea
232795,halloween night
233408,sinkholes
233361,abusive boyfriend
232790,sleep paralysis
232778,student soldier
233444,career overview
233445,show girls
233450,proto-slasher
233461,temporary insanity
233462,person snapping
233481,misdiagnosis
233544,tropics
233550,one piece
233558,stolen patent
233580,shawl
233604,rocketry
233618,bitch
234324,unwarranted guilt
233647,faith healing
233648,office of scientific investigation
233655,erotic dream
233666,wolf hunt
233685,animals in space
233704,draculaura
233705,mattel
233706,night creatures
233707,schnitzler
233714,bleach
233760,comedia romant
233762,ghibli museum
233771,restaurants
233772,racial harmony
233776,dior dress
233843,phantom of the opera
233853,q-ship
233854,merchant raider
233856,english navy
233858,commerce raider
233873,military experiment
233930,ukiyo-e
233931,genre of art
233944,you've got red on you
233950,skinheads
233957,royal nave
233691,refugee crisis
234007,nave espacial
234023,shot in the chest
234038,recklessness
233689,self image
234043,james baldwin
234061,few against many
234062,transport pilot
234073,bandits
234082,accion
234083,kensington
234084,terrorismo
234089,zither
234091,evasion
234095,feel good
234099,traveling show
234102,misfits
234105,pbs
234107,vogue
234109,downtrodden
234110,saviour
234111,refuge
234115,burning at stake
234116,holy communion
234121,polecat
234123,trolley problem
234124,judgment call
234126,case worker
234129,cool hair
234147,rejuvenation
234155,lepers
234161,american g.i.
234163,searching mother
234164,opera star
234165,recollection
234167,theater audience
234168,supersymetry
234169,cern
234170,higgs boson
234174,dwarf
234175,trendsetter
234176,inner circle
234177,prince regent
234178,wachau
234179,heuriger
234181,puntigam
234184,powhatan
234185,land claim
234191,runaway lovers
234193,drunkard
234196,great ape
234197,adultress
234198,marital fight
234199,rapier wit
234216,tennis match
234220,computing
234221,david vs. goliath
234222,compaq
234224,pc
234234,ero guro
234241,sexy
234244,russian film
234249,robots
234250,creatures
234251,marauders
234253,outcasts
234257,street performers
234260,buskers
234264,christian movie
234281,homecoming soldier
234284,dokumentation
234292,viper
234303,hysterics
234307,parsi
234311,auto driver
234312,talkative
234316,radio talk-show
234319,scientists
234322,classic film
234323,event
234325,sudden death
234333,montreal fetish weekend
234339,superficial
234078,fighter pilots
234348,action  movie
234350,skits
234355,midget
234356,nazi
234360,puppy mill
234361,animal rescues
234362,college intern
234363,overboard
234364,crane the bird
234365,space based weapon
234367,great soundtrack
234368,kickass
234369,reference to heinrich himmler
234371,orca
234375,prosthetic penis
234402,cause of death
234403,tarot reading
234417,newlyweds
234451,tied feet
234456,baby geniuses
234458,pact
233857,german navy
234268,mutants
234039,underwater volcano eruption
234213,sword and sorcery
234289,prosthesis
234212,childhood sweethearts
234183,animal sidekick
234044,malcom x
234040,louisville
234280,irresponsible parent
234106,voguing
233617,popular girl
234162,search for child
233662,office job
234297,lahore
234146,rediscovery
234346,fury
233820,life on the margin
234305,widowed mother
234187,social norms
234469,south central los angeles
234478,personal shopper
234479,contacting spirits
234491,eccentric clients
234496,free fall
234502,aptitude test
234503,meritocracy
234523,deflated football
234538,molotov cocktail
234542,accidental death
234551,film in a film
234552,talking meat
234563,garden shed
234564,videos
234565,thumb puppets
234579,portable computer
234580,blond girl
234587,montreal canadiens
234598,remake of asian film
234613,featurette
234620,television studio
234621,holiday abroad
234622,sun bathing
234625,camping equipment
234627,toilet attendant
234628,hen pecked husband
234629,gymnastics instructor
234753,ancient curse
234631,passengers
234632,ship's captain
234633,matron
234634,patients
234637,policemen
234638,policewomen
234640,police cell
234641,teachers
234642,pupils
234643,inspection
234645,school library
234646,secondary school
234647,maths teacher
234648,sports teacher
234663,best friends
234664,ticket office
234665,train carriage
234666,police disguise
234668,london
234671,desguise
234678,killer croc attack
234682,social misfit
234683,glass slipper
234694,superpowers
234712,striking
234720,experimental
234730,unkillable monster
234731,people eater
234732,night of horror
234733,highschool kids
234736,skeptical adults
234739,learning to listen
234740,ancient religion
234747,buried tomb
234748,burial chamber
234749,secret rites
234752,reincarnated princess
234756,miner's adit
234759,cajuns
234760,morbidity
234761,acromegaly
234762,stumped police
234764,broken back killings
234484,interracial family
234767,swastika tattoo
234772,silent cinema
234778,mission control
234779,coal shed
234796,holomodor
234798,deputy head
234799,rugby match
234802,sleeping on the beach
234803,female criminal
234811,machines
234812,weapons manufacturer
234814,financial market
234815,street-wise
234816,trading
234817,dark web
234825,cardiff
234834,missing man
234844,aspiring criminals
234845,ufo crash site
234846,alien ship
234848,film gris
234849,tiki culture
234886,secret location
234894,arcade game
234895,universal translator
234897,battle wagon
234898,darkspore
234899,former film star
234901,family secret
234902,p.a
234911,contestant
234928,comic
234931,custody hearing
234932,math
234936,effigy
234940,olympics
234944,brain capacity
234946,human brain
234953,occultist
234955,criminal assault
234959,delightful
234960,blackly comic tale
235064,remake of malayalam film
235074,wax figure
235080,battlefield trauma
235083,art nouveau
235089,branding iron
235098,taking a risk
235103,candy darling
235116,honey3
235132,film on art and artist
235133,religious institution
235156,egyptian princess
235157,princess in peril
235158,endless tunnels
235159,cat goddess
235170,sœur
235191,going in circles
235193,biopic
235204,branch davidian
235212,football
235213,dream house
235226,vampire clan
235228,lookalikes
234884,mastiff
234644,science teacher
234505,adrenaline junkie
234744,sarcophagus
235196,rebellious
234555,psychedelic drug
234727,teenage heroine
234626,edwardian england
235220,replacement
234945,synthetic drug
235205,building on fire
234506,thrill seeker
234963,camping trip
234743,egyptian tomb
234492,american soldiers
234827,bushranger
234755,vicious killings
234934,greek tragedy
234766,jigsaw
234763,semi-prequel
235134,estranged mother
234797,diamonds
234700,gender transition
234619,world's tallest building
235235,screenplay adapted by author
235243,snake cult
235251,tourette's syndrome
235260,perth australia
235275,newspaper seller
235298,talking snake
235299,mysterious deaths
235316,failed actor
235328,clothes shopping
235335,wrong address
235344,long distance running
235349,pendelum
235350,iron maiden
235351,1500s
235354,fear of clowns
235356,hysterical woman
235357,little girl in peril
235358,canal locks
235359,old map
235382,obituary writer
235383,essay writer
235388,homosexual youth
235389,bare butt
235392,wrestling team
235395,scottish
235410,multiple chemical sensitivity (mcs)
235411,environmental illness
235424,intersecting lives
235429,aging aunt
235456,unlimited energy
235459,cattivissimo
235473,soccer football
235474,portuguese man
235475,foreign gang
235457,drones
235477,tiburón
235480,lesbianism
235481,scissoring
235491,ocd
235493,deathtrap
235494,self destruct sequence
235633,private contractor
235498,military family
235505,lower caste
235507,poison dart
235515,feed the poor
235517,freedom fighters
235524,aerospace
235525,toyko
235545,dumped by boyfriend
235546,wedding guest
235547,defraud
235560,jackalope
235568,opening act
235569,solo tour
235574,mutations
235586,pregnant boy
235591,jury selection
235593,authorities
235594,bareback rider
235595,legless man
235596,poisoned drink
235597,pseudo-hermaphrodite
235599,microcephalics
235600,controversial film
235602,religious fanaticism
235606,models
235614,direct to video sequel to theatrical movie
235615,trojan
235512,mutant spider
235617,sparta greece
235618,helen of troy
235619,homer's iliad
235625,capuchin monkey
235626,tortuga
235635,suburban mediocrity
235530,fame-seeking
235637,whistle-blowing site
235638,u.s. general
235639,born leader
235642,charismatic
235648,prisoners
235649,childhood friend
235651,mysterious lands
235669,dark secret
235674,nomadic band
235676,heretic
235678,9/11
235679,yucatec maya language
235693,accidental outlaws
235704,pet rat
235729,husband wife relationship
235730,vacation gone wrong
235731,ski holiday
235261,abduction
235737,cream
235767,continuation war
235768,singing false
235774,british raj
235791,barbarian horde
235792,2nd century
235793,successor
235794,chained to a wall
235801,миньоны
235810,comedic relief
235818,hommage
235835,stolen artwork
235839,keysi fighting method
235840,group of girls
235579,corporate conspiracy
235854,crazy mother
235855,sex with friend's father
235856,father daughter incest
235970,faked accidents
235971,family travels
235972,awful leader
235974,taking resposibility
236055,gay couple
236073,confederates
236101,unethical business
236121,colonial america
236125,natural wonder
236151,borgias
236155,rodrigo borgia
236157,abkhazia
235526,cannibal cult
236175,part of trilogy
236176,steam
236181,avenger
236182,s.h.i.e.l.d.
236183,woman on top
236185,ghost rider
236223,bare chested male
235677,dehydration
235634,covert missions
235598,bearded lady
236189,future noir
235643,nato forces
235601,human skeleton
236086,crawlspace
235513,alien dna
235766,favor
235910,innocent suspect
235497,song dynasty (960-1279)
235592,criminal trial
235495,futuristic vehicle
235815,grieving man
235266,horror novel
235516,railroad worker
235834,concert violinist
235573,chemical leak
235380,minivan
235499,10th century
236152,papal conclave
235620,re-imagining
236104,australian folklore
236224,punched in the gut
236225,bare chested male bondage
236226,anna karenina
236239,digit in title
236240,red brigade
236254,first wife
236255,reluctant
236267,visual impairment
236277,invasion from mars
236286,riding the rails
236287,freighthopping
236288,garbage dump dwellers
236294,"lancaster, pa"
236295,red squad
236297,tattoo art
236309,title spoken by character
236316,anarchic comedy
236321,ray harryhausen
236322,dynamation
236323,charles h schneer
236336,dance show
236337,big hair
236338,ratted hair
236458,magician
236345,remake of telugu film
236355,baby brother
236356,death of a son
236363,butterfly collector
236370,music studio
236373,fat woman
236374,attractiveness
236376,commoner
236379,punch and judy
236383,relationships
236392,inhuman creatures
236401,mathematical equation
236406,ship passengers
236414,chicago illinois
236422,boy soldier
236423,meager rations
236431,gym showers
236454,same sex attraction
236473,welfare worker
236475,rio 1
236476,río 1
236482,school student
236483,wrongly punished
236484,dancehall
236485,paid dance companion
236486,stage show performer
236488,deemster
236495,low budget film
236500,fearful wife
236501,science vs superstition
236502,spite
236515,written and directed by cast member
236516,tet offensive
236523,stolen necklace
236524,runaway bus
236528,битва
236529,воин
236534,bűnös utakon
236546,cutthroat
236547,smugglers den
236548,law officer
236549,organized shipwrecking
236550,corrupt magistrate
236552,shipwrecking band
236553,loyal wife
236554,cornish coast
236558,adulterous couple
236566,handcuffed together
236567,held against will
236568,bickering couple
236569,wrongly accused
236472,lower class
236600,scheduled rendezvous
236612,feathers
236620,sideshow performers
236621,gullible woman
236624,nearby prison
236625,female police chief
236628,woman girl relationship
236630,school for delinquent boys
236631,mother son french kiss
236632,stepfather
236633,borstal
236636,meddling father
236643,lady's maid
236644,insolence
236649,bed and breakfast
236312,origins of life
236651,crossing guard
236652,nest egg
236679,shot in the head
236680,shot in the eye
236684,pixar animation
236685,walt disney
236692,strongman
236705,secret police unit
236757,grape stomping
236778,autocracy
236782,agent orange
236785,live turkey
236792,animals
236830,hootenanny
236831,thermometer
236836,wolf's bane
236837,gypsy camp
236838,genetic memory
236862,strange world of adults
236882,humbug
236891,beautiful princess
236892,groupthink
236896,serial kiler
236897,cosmopolis
236901,businessman
236903,homosexualidad
236904,homofobia
236907,rocking horse
236908,lemons
236909,homebound
236910,czech history
236911,cymbals
236924,frankfurt
236940,deaf child
236941,past prime
236942,euphoria
236943,phallic
236944,communal shower
236950,clues
236951,saint nicholas
236953,oxford professor
236954,secret agents
236298,dance ritual
236960,local indians
236966,inescapable
236967,remains
236969,cat lady
236976,boobs
236988,pet adoption
236989,grand duke
236990,spendthrift
236991,happy go lucky
236992,black sheep
236993,the derby
236997,topless
236968,ancient tablet
236299,native
236369,voiceover
236626,adult child friendship
236227,social scandal
236708,drug manufacturing
236634,youth correctional facility
236252,ex spouses
236691,stabbed in the back
236759,indiscretion
236590,22nd century
236465,seafarer
236377,emotional abuse
236771,growing apart
236998,black comedy
237000,three on a match
237002,crooked businessman
237003,manipulator
237006,simplicity
237007,declutter
237012,gift of ring
237017,sex pest
237024,kyrgyzstan
237034,liquefaction
237036,bad boy
237037,mini skirt
237062,financial backer
237076,twin brothers
237082,torture device
237085,vore
237122,ultraviolet light
237123,herbicide
237126,in the walls
237151,falseness
237152,grandiose  behavior
237169,newsreel office
237182,simple pleasures
237183,war orphans
237185,public disgrace
237206,segovia
237207,quince
237222,raised like own child
237225,experimental drug
237233,melee
237234,drill sergeant
237236,heart of gold
237238,foggy night
237249,twin
237301,houseguest
237302,railroad car
237308,indie film
237341,former co-star
237345,movie producer
237346,plague survivors
237016,love spell
237352,antikriegsfilm
237353,production number
237590,extraterrestrial animal
237371,valiant wife
237376,fake miracle
237377,christmastime
237384,mod 1960s
237386,counterculture
237390,prison break attempt
237392,dead body in water
237394,smoke alarm
237396,history lesson
237401,monster vs monster
237405,plant based diet
237224,mk ultra
237425,convicted murderer
237427,angry sermon
237444,war buddies
237446,jilted woman
237449,misplaced priorities
237458,country cottage
237459,scheming wife
237464,kid sister
237465,love quadrangle
237472,millinery shop
237473,love child
237495,irresponsible sister
237496,postmaster general
237497,love nest
237499,orchids
237502,fashion showroom
237503,wedding gown fashions
237543,proletariat
237546,chiseler
237548,competing businesses
237561,shortfilm
237565,self government
237568,child mistreatment
237569,kindly guard
237591,spaceship crash
237592,woman medical student
237593,lone survivor
237595,beautiful bride
237596,rip-off artist
237603,millionaire's daughter
237604,chain store magnate
237605,society wedding
237606,social snub
237623,pretensiousness
237624,loving father
237630,greta garbo impression
237632,malevolence
237643,comic sans
237644,unintentionally funny
237645,bad acting
237647,straight to video
237648,curb stomping
237649,electroshock therapy
237650,writing contest
237669,football ticket
237674,yoshikawa
237675,yasujirō ozu
237682,secret chamber
237775,mademoiselle
237784,homicidio
237786,bills
237797,secretive wife
237799,disgrace
237800,gesellschaft
237805,stingy
237832,taxicab
237834,jimi hendrix
237839,penis ripped off
237846,actor playing himself
237847,porn producer
237848,post apocalypse
237849,asian man
237850,asian lead
237873,dead people
237901,children's services
237922,neglected husband
237925,co-signer
237926,imminent scandal
237927,missing money
237216,difficult choice
237929,marriage rite
237930,walking on stilts
237845,self parody
237946,walking advertisement
237963,septuplets
237970,model train set
237971,double killing
237972,bitter cop
237980,society wife
237981,numbers game
237982,banking executives
237983,anti-crime crusade
238007,house guests
237798,society women
237378,teenage killer
237646,cyberbullying
237740,political allegory
237426,landlady tenant relationship
237418,imminent execution
237651,dreamland
237498,romantic rival
237235,new recruit
237781,groceries
237463,imminent wedding
237447,manipulated woman
237086,bilingual
237460,manipulative woman
237379,remote location
237370,secluded beach
237011,eccentric woman
238010,herion
238013,facial disfigurement
238017,loafer
238027,gingerbread man
238029,inadequate pay
238030,show-off
238031,rich man poor woman
238032,cover-up attempt
238034,irrational behavior
238043,crippled child
238046,rectory
238048,seal of confessional
238052,spurned man
238053,club foot
238054,destitution
238055,vitriol
238065,volatility
238067,fissure
238085,bloodletting
238140,forced to kill
238091,bookkeeper
238110,santé
238128,savagery
238129,mental telepathy
238130,brothers love same woman
238132,one actor plays twins
238135,vomiting blood
238136,gory violence
238138,chemical plant
238141,stephen king
238144,young daughter
238145,chateau
238146,vanished man
238147,morphine addict
238151,voice over narration
238159,tatoo
238160,christ figure
238161,location in title
238162,two word title
238175,ratatouille
238179,skab under tv
238180,indian reservation
238182,truck hijacking
238183,bank loan
238186,project manager
238187,driving at night
238188,car phone
238190,ptsd
238191,barbarism
238193,outlaw couple
238194,contagion
238195,animal trap
238196,the light brigade
238197,horses
238198,british lancers
238203,broken cellphone
238205,glowstick
238206,society ball
238207,graphic violence
238208,dead end road
238210,enlistment
238211,scottish army
238218,beehives
238219,dancing while working
238220,frying a fish
238221,locked in a car
238222,year 2002
238223,road worker
238224,yellow paint
238225,country road
238228,late wife
238229,space aliens with human henchman
238230,rocket ship battle
238231,remote contolled robot
238232,underwater cavern
238233,rocketman flying suit
238239,bagved
238240,Øverste hylde
238241,foran
238242,nederste hylde
238248,sammen
238250,aversion to mirrors
238251,love letters
238261,dulcimer
238262,mitts
238264,high kick
238265,beer consumption
238273,loveless
238300,kidnapped
238305,fear of contact
238306,ability to remember everything
238332,animal research
238338,gangster's widow
238339,hard-boiled dame
238342,orphan girl
238343,wicked woman
238344,caroling
238345,german alps
238346,sleigh ride
238347,organ grinder's monkey
238357,witness intimidation
238358,kidnapped child
238359,police search
238360,terrified family
238361,crime witness
238365,alpine cabin
238382,cleanliness freak
238410,neat freak
238421,fortune hunters
238422,moochers
238423,stage actor
238425,spongers
238439,weltkrieg
238441,untergang
238465,intergalactic war
238477,rats
238511,ancient scroll
238512,prisoner of war
238513,half brothers
238533,summoning spell
238540,steamboat captain
238541,hat shopping
238542,classic sight gag
238543,falling building
238586,bulletproof skin
238587,burlesque house
238588,electric power station
238589,gantry
238590,bazooka as police weapon
238591,flamethrower as police weapon
238592,narrated sequences
238593,bradbury building
238594,angel flight
238595,funicular railway
238596,los angeles river
238597,electrical experiment
238598,electical experiment
238599,universal horror
238600,glowing man
238601,carnival performer
238602,good scientist
238616,reference to a yashica camera
238617,reference to marvin gaye
238618,crying man
238637,mini serie
238643,stability
238137,mysterious events
238142,stabbed to death
238131,death of hero
238263,sad story
238189,social decay
238467,isolated place
238184,abandoned puppy
238534,human monster
238247,trident
238613,fear of intimacy
238134,military outpost
238687,dog movie
238688,stressed father
238693,genocide in indonesia
238706,atf
238710,devil worshipers
238711,being followed
238714,believed dead
238715,unconsummated marriage
238735,italian woman
238749,invalid marriage
238750,secret arrangement
238751,bad attitude
238795,abused wife
238810,wrongly convicted
238813,determined mother
238814,enlarged picture
238815,monetary reward
238818,police lineup
238819,episcopal priest
238824,electrical storm
238825,concealed identity
238847,futurista
238848,lluvia
238854,one dollar
238855,title appears in writing
238856,petanque
238857,disfigured
238821,tennis pro
238692,ophthalmologist
238719,virtual world
238884,castro regime
238812,murder case
